,Results,Valeurs,Clés,K0,K1,K2,K3,K4,K5,K6,K7,K8
0,@xmlns:gco:§http://www.isotc211.org/2005/gco,http://www.isotc211.org/2005/gco,@xmlns:gco:,@xmlns:gco:,,,,,,,,
1,@xmlns:gmd:§http://www.isotc211.org/2005/gmd,http://www.isotc211.org/2005/gmd,@xmlns:gmd:,@xmlns:gmd:,,,,,,,,
2,@xmlns:gmi:§http://www.isotc211.org/2005/gmi,http://www.isotc211.org/2005/gmi,@xmlns:gmi:,@xmlns:gmi:,,,,,,,,
3,@xmlns:gml:§http://www.opengis.net/gml,http://www.opengis.net/gml,@xmlns:gml:,@xmlns:gml:,,,,,,,,
4,@xmlns:gmx:§http://www.isotc211.org/2005/gmx,http://www.isotc211.org/2005/gmx,@xmlns:gmx:,@xmlns:gmx:,,,,,,,,
5,@xmlns:gsr:§http://www.isotc211.org/2005/gsr,http://www.isotc211.org/2005/gsr,@xmlns:gsr:,@xmlns:gsr:,,,,,,,,
6,@xmlns:gts:§http://www.isotc211.org/2005/gts,http://www.isotc211.org/2005/gts,@xmlns:gts:,@xmlns:gts:,,,,,,,,
7,@xmlns:srv:§http://www.isotc211.org/2005/srv,http://www.isotc211.org/2005/srv,@xmlns:srv:,@xmlns:srv:,,,,,,,,
8,@xmlns:xlink:§http://www.w3.org/1999/xlink,http://www.w3.org/1999/xlink,@xmlns:xlink:,@xmlns:xlink:,,,,,,,,
9,@xmlns:xsi:§http://www.w3.org/2001/XMLSchema-instance,http://www.w3.org/2001/XMLSchema-instance,@xmlns:xsi:,@xmlns:xsi:,,,,,,,,
10,@xsi:schemaLocation:§http://www.isotc211.org/2005/gmd http://schemas.opengis.net/csw/2.0.2/profiles/apiso/1.0.0/apiso.xsd,http://www.isotc211.org/2005/gmd http://schemas.opengis.net/csw/2.0.2/profiles/apiso/1.0.0/apiso.xsd,@xsi:schemaLocation:,@xsi:schemaLocation:,,,,,,,,
11,gmd:fileIdentifier.gco:CharacterString.@xmlns:gco:§http://www.isotc211.org/2005/gco,http://www.isotc211.org/2005/gco,gmd:fileIdentifier£gco:CharacterString£@xmlns:gco:,gmd:fileIdentifier,gco:CharacterString,@xmlns:gco:,,,,,,
12,gmd:fileIdentifier.gco:CharacterString.#text:§d5b6d656-db22-45d4-890b-c94e758d21d2,d5b6d656-db22-45d4-890b-c94e758d21d2,gmd:fileIdentifier£gco:CharacterString£#text:,gmd:fileIdentifier,gco:CharacterString,#text:,,,,,,
13,gmd:language.gco:CharacterString.@xmlns:gco:§http://www.isotc211.org/2005/gco,http://www.isotc211.org/2005/gco,gmd:language£gco:CharacterString£@xmlns:gco:,gmd:language,gco:CharacterString,@xmlns:gco:,,,,,,
14,gmd:language.gco:CharacterString.#text:§fre,fre,gmd:language£gco:CharacterString£#text:,gmd:language,gco:CharacterString,#text:,,,,,,
15,gmd:characterSet.gmd:MD_CharacterSetCode.@codeListValue:§utf8,utf8,gmd:characterSet£gmd:MD_CharacterSetCode£@codeListValue:,gmd:characterSet,gmd:MD_CharacterSetCode,@codeListValue:,,,,,,
16,gmd:characterSet.gmd:MD_CharacterSetCode.@codeList:§http://standards.iso.org/iso/19139/resources/gmxCodelists.xml#MD_CharacterSetCode,http://standards.iso.org/iso/19139/resources/gmxCodelists.xml#MD_CharacterSetCode,gmd:characterSet£gmd:MD_CharacterSetCode£@codeList:,gmd:characterSet,gmd:MD_CharacterSetCode,@codeList:,,,,,,
17,gmd:dateStamp.gco:DateTime.@xmlns:gco:§http://www.isotc211.org/2005/gco,http://www.isotc211.org/2005/gco,gmd:dateStamp£gco:DateTime£@xmlns:gco:,gmd:dateStamp,gco:DateTime,@xmlns:gco:,,,,,,
18,gmd:dateStamp.gco:DateTime.#text:§2012-09-11T14:32:49,2012-09-11T14:32:49,gmd:dateStamp£gco:DateTime£#text:,gmd:dateStamp,gco:DateTime,#text:,,,,,,
19,gmd:metadataStandardName.gco:CharacterString.@xmlns:gco:§http://www.isotc211.org/2005/gco,http://www.isotc211.org/2005/gco,gmd:metadataStandardName£gco:CharacterString£@xmlns:gco:,gmd:metadataStandardName,gco:CharacterString,@xmlns:gco:,,,,,,
20,gmd:metadataStandardName.gco:CharacterString.#text:§ISO 19115:2003/19139,ISO 19115:2003/19139,gmd:metadataStandardName£gco:CharacterString£#text:,gmd:metadataStandardName,gco:CharacterString,#text:,,,,,,
21,gmd:metadataStandardVersion.gco:CharacterString.@xmlns:gco:§http://www.isotc211.org/2005/gco,http://www.isotc211.org/2005/gco,gmd:metadataStandardVersion£gco:CharacterString£@xmlns:gco:,gmd:metadataStandardVersion,gco:CharacterString,@xmlns:gco:,,,,,,
22,gmd:metadataStandardVersion.gco:CharacterString.#text:§1.0,1.0,gmd:metadataStandardVersion£gco:CharacterString£#text:,gmd:metadataStandardVersion,gco:CharacterString,#text:,,,,,,
23,gmd:referenceSystemInfo.gmd:MD_ReferenceSystem.gmd:referenceSystemIdentifier.gmd:RS_Identifier.gmd:code.gco:CharacterString.@xmlns:gco:§http://www.isotc211.org/2005/gco,http://www.isotc211.org/2005/gco,gmd:referenceSystemInfo£gmd:MD_ReferenceSystem£gmd:referenceSystemIdentifier£gmd:RS_Identifier£gmd:code£gco:CharacterString£@xmlns:gco:,gmd:referenceSystemInfo,gmd:MD_ReferenceSystem,gmd:referenceSystemIdentifier,gmd:RS_Identifier,gmd:code,gco:CharacterString,@xmlns:gco:,,
24,gmd:referenceSystemInfo.gmd:MD_ReferenceSystem.gmd:referenceSystemIdentifier.gmd:RS_Identifier.gmd:code.gco:CharacterString.#text:§Non géoréférencé,Non géoréférencé,gmd:referenceSystemInfo£gmd:MD_ReferenceSystem£gmd:referenceSystemIdentifier£gmd:RS_Identifier£gmd:code£gco:CharacterString£#text:,gmd:referenceSystemInfo,gmd:MD_ReferenceSystem,gmd:referenceSystemIdentifier,gmd:RS_Identifier,gmd:code,gco:CharacterString,#text:,,
25,gmd:identificationInfo.gmd:MD_DataIdentification.gmd:citation.gmd:CI_Citation.gmd:title.gco:CharacterString.@xmlns:gco:§http://www.isotc211.org/2005/gco,http://www.isotc211.org/2005/gco,gmd:identificationInfo£gmd:MD_DataIdentification£gmd:citation£gmd:CI_Citation£gmd:title£gco:CharacterString£@xmlns:gco:,gmd:identificationInfo,gmd:MD_DataIdentification,gmd:citation,gmd:CI_Citation,gmd:title,gco:CharacterString,@xmlns:gco:,,
26,gmd:identificationInfo.gmd:MD_DataIdentification.gmd:citation.gmd:CI_Citation.gmd:title.gco:CharacterString.#text:§Mesure de hauteur d'eau et débit du Rhone à Péage-De-Roussillon,Mesure de hauteur d'eau et débit du Rhone à Péage-De-Roussillon,gmd:identificationInfo£gmd:MD_DataIdentification£gmd:citation£gmd:CI_Citation£gmd:title£gco:CharacterString£#text:,gmd:identificationInfo,gmd:MD_DataIdentification,gmd:citation,gmd:CI_Citation,gmd:title,gco:CharacterString,#text:,,
27,gmd:identificationInfo.gmd:MD_DataIdentification.gmd:citation.gmd:CI_Citation.gmd:date.gmd:CI_Date.gmd:date.gco:DateTime.@xmlns:gco:§http://www.isotc211.org/2005/gco,http://www.isotc211.org/2005/gco,gmd:identificationInfo£gmd:MD_DataIdentification£gmd:citation£gmd:CI_Citation£gmd:date£gmd:CI_Date£gmd:date£gco:DateTime£@xmlns:gco:,gmd:identificationInfo,gmd:MD_DataIdentification,gmd:citation,gmd:CI_Citation,gmd:date,gmd:CI_Date,gmd:date,gco:DateTime,@xmlns:gco:
28,gmd:identificationInfo.gmd:MD_DataIdentification.gmd:citation.gmd:CI_Citation.gmd:date.gmd:CI_Date.gmd:date.gco:DateTime.#text:§2007-07-12T15:02:00,2007-07-12T15:02:00,gmd:identificationInfo£gmd:MD_DataIdentification£gmd:citation£gmd:CI_Citation£gmd:date£gmd:CI_Date£gmd:date£gco:DateTime£#text:,gmd:identificationInfo,gmd:MD_DataIdentification,gmd:citation,gmd:CI_Citation,gmd:date,gmd:CI_Date,gmd:date,gco:DateTime,#text:
29,gmd:identificationInfo.gmd:MD_DataIdentification.gmd:citation.gmd:CI_Citation.gmd:date.gmd:CI_Date.gmd:dateType.gmd:CI_DateTypeCode.@codeListValue:§revision,revision,gmd:identificationInfo£gmd:MD_DataIdentification£gmd:citation£gmd:CI_Citation£gmd:date£gmd:CI_Date£gmd:dateType£gmd:CI_DateTypeCode£@codeListValue:,gmd:identificationInfo,gmd:MD_DataIdentification,gmd:citation,gmd:CI_Citation,gmd:date,gmd:CI_Date,gmd:dateType,gmd:CI_DateTypeCode,@codeListValue:
30,gmd:identificationInfo.gmd:MD_DataIdentification.gmd:citation.gmd:CI_Citation.gmd:date.gmd:CI_Date.gmd:dateType.gmd:CI_DateTypeCode.@codeList:§http://standards.iso.org/iso/19139/resources/gmxCodelists.xml#CI_DateTypeCode,http://standards.iso.org/iso/19139/resources/gmxCodelists.xml#CI_DateTypeCode,gmd:identificationInfo£gmd:MD_DataIdentification£gmd:citation£gmd:CI_Citation£gmd:date£gmd:CI_Date£gmd:dateType£gmd:CI_DateTypeCode£@codeList:,gmd:identificationInfo,gmd:MD_DataIdentification,gmd:citation,gmd:CI_Citation,gmd:date,gmd:CI_Date,gmd:dateType,gmd:CI_DateTypeCode,@codeList:
31,gmd:identificationInfo.gmd:MD_DataIdentification.gmd:citation.gmd:CI_Citation.gmd:date.gmd:CI_Date.gmd:date.gco:Date.@xmlns:gco:§http://www.isotc211.org/2005/gco,http://www.isotc211.org/2005/gco,gmd:identificationInfo£gmd:MD_DataIdentification£gmd:citation£gmd:CI_Citation£gmd:date£gmd:CI_Date£gmd:date£gco:Date£@xmlns:gco:,gmd:identificationInfo,gmd:MD_DataIdentification,gmd:citation,gmd:CI_Citation,gmd:date,gmd:CI_Date,gmd:date,gco:Date,@xmlns:gco:
32,gmd:identificationInfo.gmd:MD_DataIdentification.gmd:citation.gmd:CI_Citation.gmd:date.gmd:CI_Date.gmd:date.gco:Date.#text:§1987-08-27,1987-08-27,gmd:identificationInfo£gmd:MD_DataIdentification£gmd:citation£gmd:CI_Citation£gmd:date£gmd:CI_Date£gmd:date£gco:Date£#text:,gmd:identificationInfo,gmd:MD_DataIdentification,gmd:citation,gmd:CI_Citation,gmd:date,gmd:CI_Date,gmd:date,gco:Date,#text:
33,gmd:identificationInfo.gmd:MD_DataIdentification.gmd:citation.gmd:CI_Citation.gmd:date.gmd:CI_Date.gmd:dateType.gmd:CI_DateTypeCode.@codeList:§http://standards.iso.org/iso/19139/resources/gmxCodelists.xml#CI_DateTypeCode,http://standards.iso.org/iso/19139/resources/gmxCodelists.xml#CI_DateTypeCode,gmd:identificationInfo£gmd:MD_DataIdentification£gmd:citation£gmd:CI_Citation£gmd:date£gmd:CI_Date£gmd:dateType£gmd:CI_DateTypeCode£@codeList:,gmd:identificationInfo,gmd:MD_DataIdentification,gmd:citation,gmd:CI_Citation,gmd:date,gmd:CI_Date,gmd:dateType,gmd:CI_DateTypeCode,@codeList:
34,gmd:identificationInfo.gmd:MD_DataIdentification.gmd:citation.gmd:CI_Citation.gmd:date.gmd:CI_Date.gmd:dateType.gmd:CI_DateTypeCode.@codeListValue:§creation,creation,gmd:identificationInfo£gmd:MD_DataIdentification£gmd:citation£gmd:CI_Citation£gmd:date£gmd:CI_Date£gmd:dateType£gmd:CI_DateTypeCode£@codeListValue:,gmd:identificationInfo,gmd:MD_DataIdentification,gmd:citation,gmd:CI_Citation,gmd:date,gmd:CI_Date,gmd:dateType,gmd:CI_DateTypeCode,@codeListValue:
35,gmd:identificationInfo.gmd:MD_DataIdentification.gmd:citation.gmd:CI_Citation.gmd:date.gmd:CI_Date.gmd:date.gco:Date:§None,None,gmd:identificationInfo£gmd:MD_DataIdentification£gmd:citation£gmd:CI_Citation£gmd:date£gmd:CI_Date£gmd:date£gco:Date:,gmd:identificationInfo,gmd:MD_DataIdentification,gmd:citation,gmd:CI_Citation,gmd:date,gmd:CI_Date,gmd:date,gco:Date:,
36,gmd:identificationInfo.gmd:MD_DataIdentification.gmd:citation.gmd:CI_Citation.gmd:date.gmd:CI_Date.gmd:dateType.gmd:CI_DateTypeCode.@codeList:§http://standards.iso.org/iso/19139/resources/gmxCodelists.xml#CI_DateTypeCode,http://standards.iso.org/iso/19139/resources/gmxCodelists.xml#CI_DateTypeCode,gmd:identificationInfo£gmd:MD_DataIdentification£gmd:citation£gmd:CI_Citation£gmd:date£gmd:CI_Date£gmd:dateType£gmd:CI_DateTypeCode£@codeList:,gmd:identificationInfo,gmd:MD_DataIdentification,gmd:citation,gmd:CI_Citation,gmd:date,gmd:CI_Date,gmd:dateType,gmd:CI_DateTypeCode,@codeList:
37,gmd:identificationInfo.gmd:MD_DataIdentification.gmd:citation.gmd:CI_Citation.gmd:date.gmd:CI_Date.gmd:dateType.gmd:CI_DateTypeCode.@codeListValue:§publication,publication,gmd:identificationInfo£gmd:MD_DataIdentification£gmd:citation£gmd:CI_Citation£gmd:date£gmd:CI_Date£gmd:dateType£gmd:CI_DateTypeCode£@codeListValue:,gmd:identificationInfo,gmd:MD_DataIdentification,gmd:citation,gmd:CI_Citation,gmd:date,gmd:CI_Date,gmd:dateType,gmd:CI_DateTypeCode,@codeListValue:
38,gmd:identificationInfo.gmd:MD_DataIdentification.gmd:citation.gmd:CI_Citation.gmd:edition.gco:CharacterString.@xmlns:gco:§http://www.isotc211.org/2005/gco,http://www.isotc211.org/2005/gco,gmd:identificationInfo£gmd:MD_DataIdentification£gmd:citation£gmd:CI_Citation£gmd:edition£gco:CharacterString£@xmlns:gco:,gmd:identificationInfo,gmd:MD_DataIdentification,gmd:citation,gmd:CI_Citation,gmd:edition,gco:CharacterString,@xmlns:gco:,,
39,gmd:identificationInfo.gmd:MD_DataIdentification.gmd:citation.gmd:CI_Citation.gmd:edition.gco:CharacterString.#text:§2007-07-12T15:02:00,2007-07-12T15:02:00,gmd:identificationInfo£gmd:MD_DataIdentification£gmd:citation£gmd:CI_Citation£gmd:edition£gco:CharacterString£#text:,gmd:identificationInfo,gmd:MD_DataIdentification,gmd:citation,gmd:CI_Citation,gmd:edition,gco:CharacterString,#text:,,
40,gmd:identificationInfo.gmd:MD_DataIdentification.gmd:citation.gmd:CI_Citation.gmd:presentationForm.gmd:CI_PresentationFormCode.@codeListValue:§tableDigital,tableDigital,gmd:identificationInfo£gmd:MD_DataIdentification£gmd:citation£gmd:CI_Citation£gmd:presentationForm£gmd:CI_PresentationFormCode£@codeListValue:,gmd:identificationInfo,gmd:MD_DataIdentification,gmd:citation,gmd:CI_Citation,gmd:presentationForm,gmd:CI_PresentationFormCode,@codeListValue:,,
41,gmd:identificationInfo.gmd:MD_DataIdentification.gmd:citation.gmd:CI_Citation.gmd:presentationForm.gmd:CI_PresentationFormCode.@codeList:§http://standards.iso.org/iso/19139/resources/gmxCodelists.xml#CI_PresentationFormCode,http://standards.iso.org/iso/19139/resources/gmxCodelists.xml#CI_PresentationFormCode,gmd:identificationInfo£gmd:MD_DataIdentification£gmd:citation£gmd:CI_Citation£gmd:presentationForm£gmd:CI_PresentationFormCode£@codeList:,gmd:identificationInfo,gmd:MD_DataIdentification,gmd:citation,gmd:CI_Citation,gmd:presentationForm,gmd:CI_PresentationFormCode,@codeList:,,
42,gmd:identificationInfo.gmd:MD_DataIdentification.gmd:abstract.gco:CharacterString.@xmlns:gco:§http://www.isotc211.org/2005/gco,http://www.isotc211.org/2005/gco,gmd:identificationInfo£gmd:MD_DataIdentification£gmd:abstract£gco:CharacterString£@xmlns:gco:,gmd:identificationInfo,gmd:MD_DataIdentification,gmd:abstract,gco:CharacterString,@xmlns:gco:,,,,
43,"gmd:identificationInfo.gmd:MD_DataIdentification.gmd:abstract.gco:CharacterString.#text:§Mesure de hauteur d'eau et de débit dans la chûte de Péage-De-Roussillon:
-Vieux Rhone et Rhone Vif
-Débits étiage,semi-permanent,PHEN
But : Action de recherche ZABR/agence de l'eau RMC ""échanges nappes/Rhone""  : Echanges nappes/Rhone","Mesure de hauteur d'eau et de débit dans la chûte de Péage-De-Roussillon:
-Vieux Rhone et Rhone Vif
-Débits étiage,semi-permanent,PHEN
But : Action de recherche ZABR/agence de l'eau RMC ""échanges nappes/Rhone""  : Echanges nappes/Rhone",gmd:identificationInfo£gmd:MD_DataIdentification£gmd:abstract£gco:CharacterString£#text:,gmd:identificationInfo,gmd:MD_DataIdentification,gmd:abstract,gco:CharacterString,#text:,,,,
44,gmd:identificationInfo.gmd:MD_DataIdentification.gmd:resourceMaintenance.gmd:MD_MaintenanceInformation.gmd:maintenanceAndUpdateFrequency.gmd:MD_MaintenanceFrequencyCode.@codeListValue:§unknown,unknown,gmd:identificationInfo£gmd:MD_DataIdentification£gmd:resourceMaintenance£gmd:MD_MaintenanceInformation£gmd:maintenanceAndUpdateFrequency£gmd:MD_MaintenanceFrequencyCode£@codeListValue:,gmd:identificationInfo,gmd:MD_DataIdentification,gmd:resourceMaintenance,gmd:MD_MaintenanceInformation,gmd:maintenanceAndUpdateFrequency,gmd:MD_MaintenanceFrequencyCode,@codeListValue:,,
45,gmd:identificationInfo.gmd:MD_DataIdentification.gmd:resourceMaintenance.gmd:MD_MaintenanceInformation.gmd:maintenanceAndUpdateFrequency.gmd:MD_MaintenanceFrequencyCode.@codeList:§http://standards.iso.org/iso/19139/resources/gmxCodelists.xml#MD_MaintenanceFrequencyCode,http://standards.iso.org/iso/19139/resources/gmxCodelists.xml#MD_MaintenanceFrequencyCode,gmd:identificationInfo£gmd:MD_DataIdentification£gmd:resourceMaintenance£gmd:MD_MaintenanceInformation£gmd:maintenanceAndUpdateFrequency£gmd:MD_MaintenanceFrequencyCode£@codeList:,gmd:identificationInfo,gmd:MD_DataIdentification,gmd:resourceMaintenance,gmd:MD_MaintenanceInformation,gmd:maintenanceAndUpdateFrequency,gmd:MD_MaintenanceFrequencyCode,@codeList:,,
46,gmd:identificationInfo.gmd:MD_DataIdentification.gmd:resourceMaintenance.gmd:MD_MaintenanceInformation.gmd:userDefinedMaintenanceFrequency.gts:TM_PeriodDuration.@xmlns:gts:§http://www.isotc211.org/2005/gts,http://www.isotc211.org/2005/gts,gmd:identificationInfo£gmd:MD_DataIdentification£gmd:resourceMaintenance£gmd:MD_MaintenanceInformation£gmd:userDefinedMaintenanceFrequency£gts:TM_PeriodDuration£@xmlns:gts:,gmd:identificationInfo,gmd:MD_DataIdentification,gmd:resourceMaintenance,gmd:MD_MaintenanceInformation,gmd:userDefinedMaintenanceFrequency,gts:TM_PeriodDuration,@xmlns:gts:,,
47,gmd:identificationInfo.gmd:MD_DataIdentification.gmd:resourceMaintenance.gmd:MD_MaintenanceInformation.gmd:userDefinedMaintenanceFrequency.gts:TM_PeriodDuration.#text:§P0Y0M0DT0H0M0S,P0Y0M0DT0H0M0S,gmd:identificationInfo£gmd:MD_DataIdentification£gmd:resourceMaintenance£gmd:MD_MaintenanceInformation£gmd:userDefinedMaintenanceFrequency£gts:TM_PeriodDuration£#text:,gmd:identificationInfo,gmd:MD_DataIdentification,gmd:resourceMaintenance,gmd:MD_MaintenanceInformation,gmd:userDefinedMaintenanceFrequency,gts:TM_PeriodDuration,#text:,,
48,gmd:identificationInfo.gmd:MD_DataIdentification.gmd:graphicOverview.gmd:MD_BrowseGraphic.gmd:fileName.gco:CharacterString.@xmlns:gco:§http://www.isotc211.org/2005/gco,http://www.isotc211.org/2005/gco,gmd:identificationInfo£gmd:MD_DataIdentification£gmd:graphicOverview£gmd:MD_BrowseGraphic£gmd:fileName£gco:CharacterString£@xmlns:gco:,gmd:identificationInfo,gmd:MD_DataIdentification,gmd:graphicOverview,gmd:MD_BrowseGraphic,gmd:fileName,gco:CharacterString,@xmlns:gco:,,
49,gmd:identificationInfo.gmd:MD_DataIdentification.gmd:graphicOverview.gmd:MD_BrowseGraphic.gmd:fileName.gco:CharacterString.#text:§https://cat.indores.fr/geonetwork/srv/api/records/d5b6d656-db22-45d4-890b-c94e758d21d2/attachments/,https://cat.indores.fr/geonetwork/srv/api/records/d5b6d656-db22-45d4-890b-c94e758d21d2/attachments/,gmd:identificationInfo£gmd:MD_DataIdentification£gmd:graphicOverview£gmd:MD_BrowseGraphic£gmd:fileName£gco:CharacterString£#text:,gmd:identificationInfo,gmd:MD_DataIdentification,gmd:graphicOverview,gmd:MD_BrowseGraphic,gmd:fileName,gco:CharacterString,#text:,,
50,gmd:identificationInfo.gmd:MD_DataIdentification.gmd:graphicOverview.gmd:MD_BrowseGraphic.gmd:fileDescription.gco:CharacterString.@xmlns:gco:§http://www.isotc211.org/2005/gco,http://www.isotc211.org/2005/gco,gmd:identificationInfo£gmd:MD_DataIdentification£gmd:graphicOverview£gmd:MD_BrowseGraphic£gmd:fileDescription£gco:CharacterString£@xmlns:gco:,gmd:identificationInfo,gmd:MD_DataIdentification,gmd:graphicOverview,gmd:MD_BrowseGraphic,gmd:fileDescription,gco:CharacterString,@xmlns:gco:,,
51,gmd:identificationInfo.gmd:MD_DataIdentification.gmd:graphicOverview.gmd:MD_BrowseGraphic.gmd:fileDescription.gco:CharacterString.#text:§thumbnail,thumbnail,gmd:identificationInfo£gmd:MD_DataIdentification£gmd:graphicOverview£gmd:MD_BrowseGraphic£gmd:fileDescription£gco:CharacterString£#text:,gmd:identificationInfo,gmd:MD_DataIdentification,gmd:graphicOverview,gmd:MD_BrowseGraphic,gmd:fileDescription,gco:CharacterString,#text:,,
52,gmd:identificationInfo.gmd:MD_DataIdentification.gmd:graphicOverview.gmd:MD_BrowseGraphic.gmd:fileName.gco:CharacterString.@xmlns:gco:§http://www.isotc211.org/2005/gco,http://www.isotc211.org/2005/gco,gmd:identificationInfo£gmd:MD_DataIdentification£gmd:graphicOverview£gmd:MD_BrowseGraphic£gmd:fileName£gco:CharacterString£@xmlns:gco:,gmd:identificationInfo,gmd:MD_DataIdentification,gmd:graphicOverview,gmd:MD_BrowseGraphic,gmd:fileName,gco:CharacterString,@xmlns:gco:,,
53,gmd:identificationInfo.gmd:MD_DataIdentification.gmd:graphicOverview.gmd:MD_BrowseGraphic.gmd:fileName.gco:CharacterString.#text:§https://cat.indores.fr/geonetwork/srv/api/records/d5b6d656-db22-45d4-890b-c94e758d21d2/attachments/,https://cat.indores.fr/geonetwork/srv/api/records/d5b6d656-db22-45d4-890b-c94e758d21d2/attachments/,gmd:identificationInfo£gmd:MD_DataIdentification£gmd:graphicOverview£gmd:MD_BrowseGraphic£gmd:fileName£gco:CharacterString£#text:,gmd:identificationInfo,gmd:MD_DataIdentification,gmd:graphicOverview,gmd:MD_BrowseGraphic,gmd:fileName,gco:CharacterString,#text:,,
54,gmd:identificationInfo.gmd:MD_DataIdentification.gmd:graphicOverview.gmd:MD_BrowseGraphic.gmd:fileDescription.gco:CharacterString.@xmlns:gco:§http://www.isotc211.org/2005/gco,http://www.isotc211.org/2005/gco,gmd:identificationInfo£gmd:MD_DataIdentification£gmd:graphicOverview£gmd:MD_BrowseGraphic£gmd:fileDescription£gco:CharacterString£@xmlns:gco:,gmd:identificationInfo,gmd:MD_DataIdentification,gmd:graphicOverview,gmd:MD_BrowseGraphic,gmd:fileDescription,gco:CharacterString,@xmlns:gco:,,
55,gmd:identificationInfo.gmd:MD_DataIdentification.gmd:graphicOverview.gmd:MD_BrowseGraphic.gmd:fileDescription.gco:CharacterString.#text:§large_thumbnail,large_thumbnail,gmd:identificationInfo£gmd:MD_DataIdentification£gmd:graphicOverview£gmd:MD_BrowseGraphic£gmd:fileDescription£gco:CharacterString£#text:,gmd:identificationInfo,gmd:MD_DataIdentification,gmd:graphicOverview,gmd:MD_BrowseGraphic,gmd:fileDescription,gco:CharacterString,#text:,,
56,gmd:identificationInfo.gmd:MD_DataIdentification.gmd:descriptiveKeywords.gmd:MD_Keywords.gmd:keyword.gco:CharacterString.@xmlns:gco:§http://www.isotc211.org/2005/gco,http://www.isotc211.org/2005/gco,gmd:identificationInfo£gmd:MD_DataIdentification£gmd:descriptiveKeywords£gmd:MD_Keywords£gmd:keyword£gco:CharacterString£@xmlns:gco:,gmd:identificationInfo,gmd:MD_DataIdentification,gmd:descriptiveKeywords,gmd:MD_Keywords,gmd:keyword,gco:CharacterString,@xmlns:gco:,,
57,gmd:identificationInfo.gmd:MD_DataIdentification.gmd:descriptiveKeywords.gmd:MD_Keywords.gmd:keyword.gco:CharacterString.#text:§hydraulique,hydraulique,gmd:identificationInfo£gmd:MD_DataIdentification£gmd:descriptiveKeywords£gmd:MD_Keywords£gmd:keyword£gco:CharacterString£#text:,gmd:identificationInfo,gmd:MD_DataIdentification,gmd:descriptiveKeywords,gmd:MD_Keywords,gmd:keyword,gco:CharacterString,#text:,,
58,gmd:identificationInfo.gmd:MD_DataIdentification.gmd:descriptiveKeywords.gmd:MD_Keywords.gmd:type.gmd:MD_KeywordTypeCode.@codeListValue:§discipline,discipline,gmd:identificationInfo£gmd:MD_DataIdentification£gmd:descriptiveKeywords£gmd:MD_Keywords£gmd:type£gmd:MD_KeywordTypeCode£@codeListValue:,gmd:identificationInfo,gmd:MD_DataIdentification,gmd:descriptiveKeywords,gmd:MD_Keywords,gmd:type,gmd:MD_KeywordTypeCode,@codeListValue:,,
59,gmd:identificationInfo.gmd:MD_DataIdentification.gmd:descriptiveKeywords.gmd:MD_Keywords.gmd:type.gmd:MD_KeywordTypeCode.@codeList:§http://standards.iso.org/iso/19139/resources/gmxCodelists.xml#MD_KeywordTypeCode,http://standards.iso.org/iso/19139/resources/gmxCodelists.xml#MD_KeywordTypeCode,gmd:identificationInfo£gmd:MD_DataIdentification£gmd:descriptiveKeywords£gmd:MD_Keywords£gmd:type£gmd:MD_KeywordTypeCode£@codeList:,gmd:identificationInfo,gmd:MD_DataIdentification,gmd:descriptiveKeywords,gmd:MD_Keywords,gmd:type,gmd:MD_KeywordTypeCode,@codeList:,,
60,gmd:identificationInfo.gmd:MD_DataIdentification.gmd:descriptiveKeywords.gmd:MD_Keywords.gmd:keyword.gco:CharacterString.@xmlns:gco:§http://www.isotc211.org/2005/gco,http://www.isotc211.org/2005/gco,gmd:identificationInfo£gmd:MD_DataIdentification£gmd:descriptiveKeywords£gmd:MD_Keywords£gmd:keyword£gco:CharacterString£@xmlns:gco:,gmd:identificationInfo,gmd:MD_DataIdentification,gmd:descriptiveKeywords,gmd:MD_Keywords,gmd:keyword,gco:CharacterString,@xmlns:gco:,,
61,gmd:identificationInfo.gmd:MD_DataIdentification.gmd:descriptiveKeywords.gmd:MD_Keywords.gmd:keyword.gco:CharacterString.#text:§France,France,gmd:identificationInfo£gmd:MD_DataIdentification£gmd:descriptiveKeywords£gmd:MD_Keywords£gmd:keyword£gco:CharacterString£#text:,gmd:identificationInfo,gmd:MD_DataIdentification,gmd:descriptiveKeywords,gmd:MD_Keywords,gmd:keyword,gco:CharacterString,#text:,,
62,gmd:identificationInfo.gmd:MD_DataIdentification.gmd:descriptiveKeywords.gmd:MD_Keywords.gmd:keyword.gco:CharacterString.@xmlns:gco:§http://www.isotc211.org/2005/gco,http://www.isotc211.org/2005/gco,gmd:identificationInfo£gmd:MD_DataIdentification£gmd:descriptiveKeywords£gmd:MD_Keywords£gmd:keyword£gco:CharacterString£@xmlns:gco:,gmd:identificationInfo,gmd:MD_DataIdentification,gmd:descriptiveKeywords,gmd:MD_Keywords,gmd:keyword,gco:CharacterString,@xmlns:gco:,,
63,gmd:identificationInfo.gmd:MD_DataIdentification.gmd:descriptiveKeywords.gmd:MD_Keywords.gmd:keyword.gco:CharacterString.#text:§Isère,Isère,gmd:identificationInfo£gmd:MD_DataIdentification£gmd:descriptiveKeywords£gmd:MD_Keywords£gmd:keyword£gco:CharacterString£#text:,gmd:identificationInfo,gmd:MD_DataIdentification,gmd:descriptiveKeywords,gmd:MD_Keywords,gmd:keyword,gco:CharacterString,#text:,,
64,gmd:identificationInfo.gmd:MD_DataIdentification.gmd:descriptiveKeywords.gmd:MD_Keywords.gmd:keyword.gco:CharacterString.@xmlns:gco:§http://www.isotc211.org/2005/gco,http://www.isotc211.org/2005/gco,gmd:identificationInfo£gmd:MD_DataIdentification£gmd:descriptiveKeywords£gmd:MD_Keywords£gmd:keyword£gco:CharacterString£@xmlns:gco:,gmd:identificationInfo,gmd:MD_DataIdentification,gmd:descriptiveKeywords,gmd:MD_Keywords,gmd:keyword,gco:CharacterString,@xmlns:gco:,,
65,gmd:identificationInfo.gmd:MD_DataIdentification.gmd:descriptiveKeywords.gmd:MD_Keywords.gmd:keyword.gco:CharacterString.#text:§Drôme,Drôme,gmd:identificationInfo£gmd:MD_DataIdentification£gmd:descriptiveKeywords£gmd:MD_Keywords£gmd:keyword£gco:CharacterString£#text:,gmd:identificationInfo,gmd:MD_DataIdentification,gmd:descriptiveKeywords,gmd:MD_Keywords,gmd:keyword,gco:CharacterString,#text:,,
66,gmd:identificationInfo.gmd:MD_DataIdentification.gmd:descriptiveKeywords.gmd:MD_Keywords.gmd:keyword.gco:CharacterString.@xmlns:gco:§http://www.isotc211.org/2005/gco,http://www.isotc211.org/2005/gco,gmd:identificationInfo£gmd:MD_DataIdentification£gmd:descriptiveKeywords£gmd:MD_Keywords£gmd:keyword£gco:CharacterString£@xmlns:gco:,gmd:identificationInfo,gmd:MD_DataIdentification,gmd:descriptiveKeywords,gmd:MD_Keywords,gmd:keyword,gco:CharacterString,@xmlns:gco:,,
67,gmd:identificationInfo.gmd:MD_DataIdentification.gmd:descriptiveKeywords.gmd:MD_Keywords.gmd:keyword.gco:CharacterString.#text:§Loire,Loire,gmd:identificationInfo£gmd:MD_DataIdentification£gmd:descriptiveKeywords£gmd:MD_Keywords£gmd:keyword£gco:CharacterString£#text:,gmd:identificationInfo,gmd:MD_DataIdentification,gmd:descriptiveKeywords,gmd:MD_Keywords,gmd:keyword,gco:CharacterString,#text:,,
68,gmd:identificationInfo.gmd:MD_DataIdentification.gmd:descriptiveKeywords.gmd:MD_Keywords.gmd:keyword.gco:CharacterString.@xmlns:gco:§http://www.isotc211.org/2005/gco,http://www.isotc211.org/2005/gco,gmd:identificationInfo£gmd:MD_DataIdentification£gmd:descriptiveKeywords£gmd:MD_Keywords£gmd:keyword£gco:CharacterString£@xmlns:gco:,gmd:identificationInfo,gmd:MD_DataIdentification,gmd:descriptiveKeywords,gmd:MD_Keywords,gmd:keyword,gco:CharacterString,@xmlns:gco:,,
69,gmd:identificationInfo.gmd:MD_DataIdentification.gmd:descriptiveKeywords.gmd:MD_Keywords.gmd:keyword.gco:CharacterString.#text:§Rhône,Rhône,gmd:identificationInfo£gmd:MD_DataIdentification£gmd:descriptiveKeywords£gmd:MD_Keywords£gmd:keyword£gco:CharacterString£#text:,gmd:identificationInfo,gmd:MD_DataIdentification,gmd:descriptiveKeywords,gmd:MD_Keywords,gmd:keyword,gco:CharacterString,#text:,,
70,gmd:identificationInfo.gmd:MD_DataIdentification.gmd:descriptiveKeywords.gmd:MD_Keywords.gmd:keyword.gco:CharacterString.@xmlns:gco:§http://www.isotc211.org/2005/gco,http://www.isotc211.org/2005/gco,gmd:identificationInfo£gmd:MD_DataIdentification£gmd:descriptiveKeywords£gmd:MD_Keywords£gmd:keyword£gco:CharacterString£@xmlns:gco:,gmd:identificationInfo,gmd:MD_DataIdentification,gmd:descriptiveKeywords,gmd:MD_Keywords,gmd:keyword,gco:CharacterString,@xmlns:gco:,,
71,gmd:identificationInfo.gmd:MD_DataIdentification.gmd:descriptiveKeywords.gmd:MD_Keywords.gmd:keyword.gco:CharacterString.#text:§Ardèche,Ardèche,gmd:identificationInfo£gmd:MD_DataIdentification£gmd:descriptiveKeywords£gmd:MD_Keywords£gmd:keyword£gco:CharacterString£#text:,gmd:identificationInfo,gmd:MD_DataIdentification,gmd:descriptiveKeywords,gmd:MD_Keywords,gmd:keyword,gco:CharacterString,#text:,,
72,gmd:identificationInfo.gmd:MD_DataIdentification.gmd:descriptiveKeywords.gmd:MD_Keywords.gmd:type.gmd:MD_KeywordTypeCode.@codeListValue:§place,place,gmd:identificationInfo£gmd:MD_DataIdentification£gmd:descriptiveKeywords£gmd:MD_Keywords£gmd:type£gmd:MD_KeywordTypeCode£@codeListValue:,gmd:identificationInfo,gmd:MD_DataIdentification,gmd:descriptiveKeywords,gmd:MD_Keywords,gmd:type,gmd:MD_KeywordTypeCode,@codeListValue:,,
73,gmd:identificationInfo.gmd:MD_DataIdentification.gmd:descriptiveKeywords.gmd:MD_Keywords.gmd:type.gmd:MD_KeywordTypeCode.@codeList:§http://standards.iso.org/iso/19139/resources/gmxCodelists.xml#MD_KeywordTypeCode,http://standards.iso.org/iso/19139/resources/gmxCodelists.xml#MD_KeywordTypeCode,gmd:identificationInfo£gmd:MD_DataIdentification£gmd:descriptiveKeywords£gmd:MD_Keywords£gmd:type£gmd:MD_KeywordTypeCode£@codeList:,gmd:identificationInfo,gmd:MD_DataIdentification,gmd:descriptiveKeywords,gmd:MD_Keywords,gmd:type,gmd:MD_KeywordTypeCode,@codeList:,,
74,gmd:identificationInfo.gmd:MD_DataIdentification.gmd:descriptiveKeywords.gmd:MD_Keywords.gmd:keyword.gco:CharacterString.@xmlns:gco:§http://www.isotc211.org/2005/gco,http://www.isotc211.org/2005/gco,gmd:identificationInfo£gmd:MD_DataIdentification£gmd:descriptiveKeywords£gmd:MD_Keywords£gmd:keyword£gco:CharacterString£@xmlns:gco:,gmd:identificationInfo,gmd:MD_DataIdentification,gmd:descriptiveKeywords,gmd:MD_Keywords,gmd:keyword,gco:CharacterString,@xmlns:gco:,,
75,gmd:identificationInfo.gmd:MD_DataIdentification.gmd:descriptiveKeywords.gmd:MD_Keywords.gmd:keyword.gco:CharacterString.#text:§chronique,chronique,gmd:identificationInfo£gmd:MD_DataIdentification£gmd:descriptiveKeywords£gmd:MD_Keywords£gmd:keyword£gco:CharacterString£#text:,gmd:identificationInfo,gmd:MD_DataIdentification,gmd:descriptiveKeywords,gmd:MD_Keywords,gmd:keyword,gco:CharacterString,#text:,,
76,gmd:identificationInfo.gmd:MD_DataIdentification.gmd:descriptiveKeywords.gmd:MD_Keywords.gmd:keyword.gco:CharacterString.@xmlns:gco:§http://www.isotc211.org/2005/gco,http://www.isotc211.org/2005/gco,gmd:identificationInfo£gmd:MD_DataIdentification£gmd:descriptiveKeywords£gmd:MD_Keywords£gmd:keyword£gco:CharacterString£@xmlns:gco:,gmd:identificationInfo,gmd:MD_DataIdentification,gmd:descriptiveKeywords,gmd:MD_Keywords,gmd:keyword,gco:CharacterString,@xmlns:gco:,,
77,gmd:identificationInfo.gmd:MD_DataIdentification.gmd:descriptiveKeywords.gmd:MD_Keywords.gmd:keyword.gco:CharacterString.#text:§Ouvrage,Ouvrage,gmd:identificationInfo£gmd:MD_DataIdentification£gmd:descriptiveKeywords£gmd:MD_Keywords£gmd:keyword£gco:CharacterString£#text:,gmd:identificationInfo,gmd:MD_DataIdentification,gmd:descriptiveKeywords,gmd:MD_Keywords,gmd:keyword,gco:CharacterString,#text:,,
78,gmd:identificationInfo.gmd:MD_DataIdentification.gmd:descriptiveKeywords.gmd:MD_Keywords.gmd:keyword.gco:CharacterString.@xmlns:gco:§http://www.isotc211.org/2005/gco,http://www.isotc211.org/2005/gco,gmd:identificationInfo£gmd:MD_DataIdentification£gmd:descriptiveKeywords£gmd:MD_Keywords£gmd:keyword£gco:CharacterString£@xmlns:gco:,gmd:identificationInfo,gmd:MD_DataIdentification,gmd:descriptiveKeywords,gmd:MD_Keywords,gmd:keyword,gco:CharacterString,@xmlns:gco:,,
79,gmd:identificationInfo.gmd:MD_DataIdentification.gmd:descriptiveKeywords.gmd:MD_Keywords.gmd:keyword.gco:CharacterString.#text:§Rhône,Rhône,gmd:identificationInfo£gmd:MD_DataIdentification£gmd:descriptiveKeywords£gmd:MD_Keywords£gmd:keyword£gco:CharacterString£#text:,gmd:identificationInfo,gmd:MD_DataIdentification,gmd:descriptiveKeywords,gmd:MD_Keywords,gmd:keyword,gco:CharacterString,#text:,,
80,gmd:identificationInfo.gmd:MD_DataIdentification.gmd:descriptiveKeywords.gmd:MD_Keywords.gmd:type.gmd:MD_KeywordTypeCode.@codeList:§http://standards.iso.org/iso/19139/resources/gmxCodelists.xml#MD_KeywordTypeCode,http://standards.iso.org/iso/19139/resources/gmxCodelists.xml#MD_KeywordTypeCode,gmd:identificationInfo£gmd:MD_DataIdentification£gmd:descriptiveKeywords£gmd:MD_Keywords£gmd:type£gmd:MD_KeywordTypeCode£@codeList:,gmd:identificationInfo,gmd:MD_DataIdentification,gmd:descriptiveKeywords,gmd:MD_Keywords,gmd:type,gmd:MD_KeywordTypeCode,@codeList:,,
81,gmd:identificationInfo.gmd:MD_DataIdentification.gmd:descriptiveKeywords.gmd:MD_Keywords.gmd:type.gmd:MD_KeywordTypeCode.@codeListValue:§theme,theme,gmd:identificationInfo£gmd:MD_DataIdentification£gmd:descriptiveKeywords£gmd:MD_Keywords£gmd:type£gmd:MD_KeywordTypeCode£@codeListValue:,gmd:identificationInfo,gmd:MD_DataIdentification,gmd:descriptiveKeywords,gmd:MD_Keywords,gmd:type,gmd:MD_KeywordTypeCode,@codeListValue:,,
82,gmd:identificationInfo.gmd:MD_DataIdentification.gmd:resourceConstraints.gmd:MD_LegalConstraints.gmd:accessConstraints.gmd:MD_RestrictionCode.@codeListValue:§,,gmd:identificationInfo£gmd:MD_DataIdentification£gmd:resourceConstraints£gmd:MD_LegalConstraints£gmd:accessConstraints£gmd:MD_RestrictionCode£@codeListValue:,gmd:identificationInfo,gmd:MD_DataIdentification,gmd:resourceConstraints,gmd:MD_LegalConstraints,gmd:accessConstraints,gmd:MD_RestrictionCode,@codeListValue:,,
83,gmd:identificationInfo.gmd:MD_DataIdentification.gmd:resourceConstraints.gmd:MD_LegalConstraints.gmd:accessConstraints.gmd:MD_RestrictionCode.@codeList:§http://standards.iso.org/iso/19139/resources/gmxCodelists.xml#MD_RestrictionCode,http://standards.iso.org/iso/19139/resources/gmxCodelists.xml#MD_RestrictionCode,gmd:identificationInfo£gmd:MD_DataIdentification£gmd:resourceConstraints£gmd:MD_LegalConstraints£gmd:accessConstraints£gmd:MD_RestrictionCode£@codeList:,gmd:identificationInfo,gmd:MD_DataIdentification,gmd:resourceConstraints,gmd:MD_LegalConstraints,gmd:accessConstraints,gmd:MD_RestrictionCode,@codeList:,,
84,gmd:identificationInfo.gmd:MD_DataIdentification.gmd:resourceConstraints.gmd:MD_LegalConstraints.gmd:useConstraints.gmd:MD_RestrictionCode.@codeListValue:§,,gmd:identificationInfo£gmd:MD_DataIdentification£gmd:resourceConstraints£gmd:MD_LegalConstraints£gmd:useConstraints£gmd:MD_RestrictionCode£@codeListValue:,gmd:identificationInfo,gmd:MD_DataIdentification,gmd:resourceConstraints,gmd:MD_LegalConstraints,gmd:useConstraints,gmd:MD_RestrictionCode,@codeListValue:,,
85,gmd:identificationInfo.gmd:MD_DataIdentification.gmd:resourceConstraints.gmd:MD_LegalConstraints.gmd:useConstraints.gmd:MD_RestrictionCode.@codeList:§http://standards.iso.org/iso/19139/resources/gmxCodelists.xml#MD_RestrictionCode,http://standards.iso.org/iso/19139/resources/gmxCodelists.xml#MD_RestrictionCode,gmd:identificationInfo£gmd:MD_DataIdentification£gmd:resourceConstraints£gmd:MD_LegalConstraints£gmd:useConstraints£gmd:MD_RestrictionCode£@codeList:,gmd:identificationInfo,gmd:MD_DataIdentification,gmd:resourceConstraints,gmd:MD_LegalConstraints,gmd:useConstraints,gmd:MD_RestrictionCode,@codeList:,,
86,gmd:identificationInfo.gmd:MD_DataIdentification.gmd:resourceConstraints.gmd:MD_LegalConstraints.gmd:otherConstraints.gco:CharacterString.@xmlns:gco:§http://www.isotc211.org/2005/gco,http://www.isotc211.org/2005/gco,gmd:identificationInfo£gmd:MD_DataIdentification£gmd:resourceConstraints£gmd:MD_LegalConstraints£gmd:otherConstraints£gco:CharacterString£@xmlns:gco:,gmd:identificationInfo,gmd:MD_DataIdentification,gmd:resourceConstraints,gmd:MD_LegalConstraints,gmd:otherConstraints,gco:CharacterString,@xmlns:gco:,,
87,gmd:identificationInfo.gmd:MD_DataIdentification.gmd:resourceConstraints.gmd:MD_LegalConstraints.gmd:otherConstraints.gco:CharacterString.#text:§Mise à disposition des données au cas par cas (charte),Mise à disposition des données au cas par cas (charte),gmd:identificationInfo£gmd:MD_DataIdentification£gmd:resourceConstraints£gmd:MD_LegalConstraints£gmd:otherConstraints£gco:CharacterString£#text:,gmd:identificationInfo,gmd:MD_DataIdentification,gmd:resourceConstraints,gmd:MD_LegalConstraints,gmd:otherConstraints,gco:CharacterString,#text:,,
88,gmd:identificationInfo.gmd:MD_DataIdentification.gmd:resourceConstraints.gmd:MD_LegalConstraints.gmd:otherConstraints.@xmlns:gco:§http://www.isotc211.org/2005/gco,http://www.isotc211.org/2005/gco,gmd:identificationInfo£gmd:MD_DataIdentification£gmd:resourceConstraints£gmd:MD_LegalConstraints£gmd:otherConstraints£@xmlns:gco:,gmd:identificationInfo,gmd:MD_DataIdentification,gmd:resourceConstraints,gmd:MD_LegalConstraints,gmd:otherConstraints,@xmlns:gco:,,,
89,gmd:identificationInfo.gmd:MD_DataIdentification.gmd:resourceConstraints.gmd:MD_LegalConstraints.gmd:otherConstraints.@gco:nilReason:§missing,missing,gmd:identificationInfo£gmd:MD_DataIdentification£gmd:resourceConstraints£gmd:MD_LegalConstraints£gmd:otherConstraints£@gco:nilReason:,gmd:identificationInfo,gmd:MD_DataIdentification,gmd:resourceConstraints,gmd:MD_LegalConstraints,gmd:otherConstraints,@gco:nilReason:,,,
90,gmd:identificationInfo.gmd:MD_DataIdentification.gmd:resourceConstraints.gmd:MD_LegalConstraints.gmd:otherConstraints.gco:CharacterString:§None,None,gmd:identificationInfo£gmd:MD_DataIdentification£gmd:resourceConstraints£gmd:MD_LegalConstraints£gmd:otherConstraints£gco:CharacterString:,gmd:identificationInfo,gmd:MD_DataIdentification,gmd:resourceConstraints,gmd:MD_LegalConstraints,gmd:otherConstraints,gco:CharacterString:,,,
91,gmd:identificationInfo.gmd:MD_DataIdentification.gmd:spatialRepresentationType.gmd:MD_SpatialRepresentationTypeCode.@codeListValue:§,,gmd:identificationInfo£gmd:MD_DataIdentification£gmd:spatialRepresentationType£gmd:MD_SpatialRepresentationTypeCode£@codeListValue:,gmd:identificationInfo,gmd:MD_DataIdentification,gmd:spatialRepresentationType,gmd:MD_SpatialRepresentationTypeCode,@codeListValue:,,,,
92,gmd:identificationInfo.gmd:MD_DataIdentification.gmd:spatialRepresentationType.gmd:MD_SpatialRepresentationTypeCode.@codeList:§http://standards.iso.org/iso/19139/resources/gmxCodelists.xml#MD_SpatialRepresentationTypeCode,http://standards.iso.org/iso/19139/resources/gmxCodelists.xml#MD_SpatialRepresentationTypeCode,gmd:identificationInfo£gmd:MD_DataIdentification£gmd:spatialRepresentationType£gmd:MD_SpatialRepresentationTypeCode£@codeList:,gmd:identificationInfo,gmd:MD_DataIdentification,gmd:spatialRepresentationType,gmd:MD_SpatialRepresentationTypeCode,@codeList:,,,,
93,gmd:identificationInfo.gmd:MD_DataIdentification.gmd:spatialResolution.gmd:MD_Resolution.gmd:equivalentScale.gmd:MD_RepresentativeFraction.gmd:denominator.gco:Integer.@xmlns:gco:§http://www.isotc211.org/2005/gco,http://www.isotc211.org/2005/gco,gmd:identificationInfo£gmd:MD_DataIdentification£gmd:spatialResolution£gmd:MD_Resolution£gmd:equivalentScale£gmd:MD_RepresentativeFraction£gmd:denominator£gco:Integer£@xmlns:gco:,gmd:identificationInfo,gmd:MD_DataIdentification,gmd:spatialResolution,gmd:MD_Resolution,gmd:equivalentScale,gmd:MD_RepresentativeFraction,gmd:denominator,gco:Integer,@xmlns:gco:
94,gmd:identificationInfo.gmd:MD_DataIdentification.gmd:spatialResolution.gmd:MD_Resolution.gmd:equivalentScale.gmd:MD_RepresentativeFraction.gmd:denominator.gco:Integer.#text:§1,1,gmd:identificationInfo£gmd:MD_DataIdentification£gmd:spatialResolution£gmd:MD_Resolution£gmd:equivalentScale£gmd:MD_RepresentativeFraction£gmd:denominator£gco:Integer£#text:,gmd:identificationInfo,gmd:MD_DataIdentification,gmd:spatialResolution,gmd:MD_Resolution,gmd:equivalentScale,gmd:MD_RepresentativeFraction,gmd:denominator,gco:Integer,#text:
95,gmd:identificationInfo.gmd:MD_DataIdentification.gmd:language.gco:CharacterString.@xmlns:gco:§http://www.isotc211.org/2005/gco,http://www.isotc211.org/2005/gco,gmd:identificationInfo£gmd:MD_DataIdentification£gmd:language£gco:CharacterString£@xmlns:gco:,gmd:identificationInfo,gmd:MD_DataIdentification,gmd:language,gco:CharacterString,@xmlns:gco:,,,,
96,gmd:identificationInfo.gmd:MD_DataIdentification.gmd:language.gco:CharacterString.#text:§fre,fre,gmd:identificationInfo£gmd:MD_DataIdentification£gmd:language£gco:CharacterString£#text:,gmd:identificationInfo,gmd:MD_DataIdentification,gmd:language,gco:CharacterString,#text:,,,,
97,gmd:identificationInfo.gmd:MD_DataIdentification.gmd:characterSet.gmd:MD_CharacterSetCode.@codeListValue:§utf8,utf8,gmd:identificationInfo£gmd:MD_DataIdentification£gmd:characterSet£gmd:MD_CharacterSetCode£@codeListValue:,gmd:identificationInfo,gmd:MD_DataIdentification,gmd:characterSet,gmd:MD_CharacterSetCode,@codeListValue:,,,,
98,gmd:identificationInfo.gmd:MD_DataIdentification.gmd:characterSet.gmd:MD_CharacterSetCode.@codeList:§http://standards.iso.org/iso/19139/resources/gmxCodelists.xml#MD_CharacterSetCode,http://standards.iso.org/iso/19139/resources/gmxCodelists.xml#MD_CharacterSetCode,gmd:identificationInfo£gmd:MD_DataIdentification£gmd:characterSet£gmd:MD_CharacterSetCode£@codeList:,gmd:identificationInfo,gmd:MD_DataIdentification,gmd:characterSet,gmd:MD_CharacterSetCode,@codeList:,,,,
99,gmd:identificationInfo.gmd:MD_DataIdentification.gmd:topicCategory.gmd:MD_TopicCategoryCode:§inlandWaters,inlandWaters,gmd:identificationInfo£gmd:MD_DataIdentification£gmd:topicCategory£gmd:MD_TopicCategoryCode:,gmd:identificationInfo,gmd:MD_DataIdentification,gmd:topicCategory,gmd:MD_TopicCategoryCode:,,,,,
100,gmd:identificationInfo.gmd:MD_DataIdentification.gmd:extent.gmd:EX_Extent.gmd:temporalElement.gmd:EX_TemporalExtent.gmd:extent.gml:TimePeriod.@xmlns:gml:§http://www.opengis.net/gml,http://www.opengis.net/gml,gmd:identificationInfo£gmd:MD_DataIdentification£gmd:extent£gmd:EX_Extent£gmd:temporalElement£gmd:EX_TemporalExtent£gmd:extent£gml:TimePeriod£@xmlns:gml:,gmd:identificationInfo,gmd:MD_DataIdentification,gmd:extent,gmd:EX_Extent,gmd:temporalElement,gmd:EX_TemporalExtent,gmd:extent,gml:TimePeriod,@xmlns:gml:
101,gmd:identificationInfo.gmd:MD_DataIdentification.gmd:extent.gmd:EX_Extent.gmd:temporalElement.gmd:EX_TemporalExtent.gmd:extent.gml:TimePeriod.@gml:id:§N101D0,N101D0,gmd:identificationInfo£gmd:MD_DataIdentification£gmd:extent£gmd:EX_Extent£gmd:temporalElement£gmd:EX_TemporalExtent£gmd:extent£gml:TimePeriod£@gml:id:,gmd:identificationInfo,gmd:MD_DataIdentification,gmd:extent,gmd:EX_Extent,gmd:temporalElement,gmd:EX_TemporalExtent,gmd:extent,gml:TimePeriod,@gml:id:
102,gmd:identificationInfo.gmd:MD_DataIdentification.gmd:extent.gmd:EX_Extent.gmd:temporalElement.gmd:EX_TemporalExtent.gmd:extent.gml:TimePeriod.gml:beginPosition:§1987-08-27T15:02:00,1987-08-27T15:02:00,gmd:identificationInfo£gmd:MD_DataIdentification£gmd:extent£gmd:EX_Extent£gmd:temporalElement£gmd:EX_TemporalExtent£gmd:extent£gml:TimePeriod£gml:beginPosition:,gmd:identificationInfo,gmd:MD_DataIdentification,gmd:extent,gmd:EX_Extent,gmd:temporalElement,gmd:EX_TemporalExtent,gmd:extent,gml:TimePeriod,gml:beginPosition:
103,gmd:identificationInfo.gmd:MD_DataIdentification.gmd:extent.gmd:EX_Extent.gmd:temporalElement.gmd:EX_TemporalExtent.gmd:extent.gml:TimePeriod.gml:endPosition:§T15:02:00,T15:02:00,gmd:identificationInfo£gmd:MD_DataIdentification£gmd:extent£gmd:EX_Extent£gmd:temporalElement£gmd:EX_TemporalExtent£gmd:extent£gml:TimePeriod£gml:endPosition:,gmd:identificationInfo,gmd:MD_DataIdentification,gmd:extent,gmd:EX_Extent,gmd:temporalElement,gmd:EX_TemporalExtent,gmd:extent,gml:TimePeriod,gml:endPosition:
104,gmd:identificationInfo.gmd:MD_DataIdentification.gmd:extent.gmd:EX_Extent.gmd:geographicElement.gmd:EX_GeographicBoundingBox.gmd:westBoundLongitude.gco:Decimal.@xmlns:gco:§http://www.isotc211.org/2005/gco,http://www.isotc211.org/2005/gco,gmd:identificationInfo£gmd:MD_DataIdentification£gmd:extent£gmd:EX_Extent£gmd:geographicElement£gmd:EX_GeographicBoundingBox£gmd:westBoundLongitude£gco:Decimal£@xmlns:gco:,gmd:identificationInfo,gmd:MD_DataIdentification,gmd:extent,gmd:EX_Extent,gmd:geographicElement,gmd:EX_GeographicBoundingBox,gmd:westBoundLongitude,gco:Decimal,@xmlns:gco:
105,gmd:identificationInfo.gmd:MD_DataIdentification.gmd:extent.gmd:EX_Extent.gmd:geographicElement.gmd:EX_GeographicBoundingBox.gmd:westBoundLongitude.gco:Decimal.#text:§4.65907810499518,4.65907810499518,gmd:identificationInfo£gmd:MD_DataIdentification£gmd:extent£gmd:EX_Extent£gmd:geographicElement£gmd:EX_GeographicBoundingBox£gmd:westBoundLongitude£gco:Decimal£#text:,gmd:identificationInfo,gmd:MD_DataIdentification,gmd:extent,gmd:EX_Extent,gmd:geographicElement,gmd:EX_GeographicBoundingBox,gmd:westBoundLongitude,gco:Decimal,#text:
106,gmd:identificationInfo.gmd:MD_DataIdentification.gmd:extent.gmd:EX_Extent.gmd:geographicElement.gmd:EX_GeographicBoundingBox.gmd:eastBoundLongitude.gco:Decimal.@xmlns:gco:§http://www.isotc211.org/2005/gco,http://www.isotc211.org/2005/gco,gmd:identificationInfo£gmd:MD_DataIdentification£gmd:extent£gmd:EX_Extent£gmd:geographicElement£gmd:EX_GeographicBoundingBox£gmd:eastBoundLongitude£gco:Decimal£@xmlns:gco:,gmd:identificationInfo,gmd:MD_DataIdentification,gmd:extent,gmd:EX_Extent,gmd:geographicElement,gmd:EX_GeographicBoundingBox,gmd:eastBoundLongitude,gco:Decimal,@xmlns:gco:
107,gmd:identificationInfo.gmd:MD_DataIdentification.gmd:extent.gmd:EX_Extent.gmd:geographicElement.gmd:EX_GeographicBoundingBox.gmd:eastBoundLongitude.gco:Decimal.#text:§4.8586683738812,4.8586683738812,gmd:identificationInfo£gmd:MD_DataIdentification£gmd:extent£gmd:EX_Extent£gmd:geographicElement£gmd:EX_GeographicBoundingBox£gmd:eastBoundLongitude£gco:Decimal£#text:,gmd:identificationInfo,gmd:MD_DataIdentification,gmd:extent,gmd:EX_Extent,gmd:geographicElement,gmd:EX_GeographicBoundingBox,gmd:eastBoundLongitude,gco:Decimal,#text:
108,gmd:identificationInfo.gmd:MD_DataIdentification.gmd:extent.gmd:EX_Extent.gmd:geographicElement.gmd:EX_GeographicBoundingBox.gmd:southBoundLatitude.gco:Decimal.@xmlns:gco:§http://www.isotc211.org/2005/gco,http://www.isotc211.org/2005/gco,gmd:identificationInfo£gmd:MD_DataIdentification£gmd:extent£gmd:EX_Extent£gmd:geographicElement£gmd:EX_GeographicBoundingBox£gmd:southBoundLatitude£gco:Decimal£@xmlns:gco:,gmd:identificationInfo,gmd:MD_DataIdentification,gmd:extent,gmd:EX_Extent,gmd:geographicElement,gmd:EX_GeographicBoundingBox,gmd:southBoundLatitude,gco:Decimal,@xmlns:gco:
109,gmd:identificationInfo.gmd:MD_DataIdentification.gmd:extent.gmd:EX_Extent.gmd:geographicElement.gmd:EX_GeographicBoundingBox.gmd:southBoundLatitude.gco:Decimal.#text:§45.2496032608694,45.2496032608694,gmd:identificationInfo£gmd:MD_DataIdentification£gmd:extent£gmd:EX_Extent£gmd:geographicElement£gmd:EX_GeographicBoundingBox£gmd:southBoundLatitude£gco:Decimal£#text:,gmd:identificationInfo,gmd:MD_DataIdentification,gmd:extent,gmd:EX_Extent,gmd:geographicElement,gmd:EX_GeographicBoundingBox,gmd:southBoundLatitude,gco:Decimal,#text:
110,gmd:identificationInfo.gmd:MD_DataIdentification.gmd:extent.gmd:EX_Extent.gmd:geographicElement.gmd:EX_GeographicBoundingBox.gmd:northBoundLatitude.gco:Decimal.@xmlns:gco:§http://www.isotc211.org/2005/gco,http://www.isotc211.org/2005/gco,gmd:identificationInfo£gmd:MD_DataIdentification£gmd:extent£gmd:EX_Extent£gmd:geographicElement£gmd:EX_GeographicBoundingBox£gmd:northBoundLatitude£gco:Decimal£@xmlns:gco:,gmd:identificationInfo,gmd:MD_DataIdentification,gmd:extent,gmd:EX_Extent,gmd:geographicElement,gmd:EX_GeographicBoundingBox,gmd:northBoundLatitude,gco:Decimal,@xmlns:gco:
111,gmd:identificationInfo.gmd:MD_DataIdentification.gmd:extent.gmd:EX_Extent.gmd:geographicElement.gmd:EX_GeographicBoundingBox.gmd:northBoundLatitude.gco:Decimal.#text:§45.5027850790513,45.5027850790513,gmd:identificationInfo£gmd:MD_DataIdentification£gmd:extent£gmd:EX_Extent£gmd:geographicElement£gmd:EX_GeographicBoundingBox£gmd:northBoundLatitude£gco:Decimal£#text:,gmd:identificationInfo,gmd:MD_DataIdentification,gmd:extent,gmd:EX_Extent,gmd:geographicElement,gmd:EX_GeographicBoundingBox,gmd:northBoundLatitude,gco:Decimal,#text:
112,gmd:identificationInfo.gmd:MD_DataIdentification.gmd:supplementalInformation.gco:CharacterString.@xmlns:gco:§http://www.isotc211.org/2005/gco,http://www.isotc211.org/2005/gco,gmd:identificationInfo£gmd:MD_DataIdentification£gmd:supplementalInformation£gco:CharacterString£@xmlns:gco:,gmd:identificationInfo,gmd:MD_DataIdentification,gmd:supplementalInformation,gco:CharacterString,@xmlns:gco:,,,,
113,gmd:identificationInfo.gmd:MD_DataIdentification.gmd:supplementalInformation.gco:CharacterString.#text:§ouvrage : Péage-De-Roussillon,ouvrage : Péage-De-Roussillon,gmd:identificationInfo£gmd:MD_DataIdentification£gmd:supplementalInformation£gco:CharacterString£#text:,gmd:identificationInfo,gmd:MD_DataIdentification,gmd:supplementalInformation,gco:CharacterString,#text:,,,,
114,gmd:distributionInfo.gmd:MD_Distribution.gmd:distributionFormat.gmd:MD_Format.gmd:name.gco:CharacterString.@xmlns:gco:§http://www.isotc211.org/2005/gco,http://www.isotc211.org/2005/gco,gmd:distributionInfo£gmd:MD_Distribution£gmd:distributionFormat£gmd:MD_Format£gmd:name£gco:CharacterString£@xmlns:gco:,gmd:distributionInfo,gmd:MD_Distribution,gmd:distributionFormat,gmd:MD_Format,gmd:name,gco:CharacterString,@xmlns:gco:,,
115,gmd:distributionInfo.gmd:MD_Distribution.gmd:distributionFormat.gmd:MD_Format.gmd:name.gco:CharacterString.#text:§non renseigné,non renseigné,gmd:distributionInfo£gmd:MD_Distribution£gmd:distributionFormat£gmd:MD_Format£gmd:name£gco:CharacterString£#text:,gmd:distributionInfo,gmd:MD_Distribution,gmd:distributionFormat,gmd:MD_Format,gmd:name,gco:CharacterString,#text:,,
116,gmd:distributionInfo.gmd:MD_Distribution.gmd:distributionFormat.gmd:MD_Format.gmd:version.@xmlns:gco:§http://www.isotc211.org/2005/gco,http://www.isotc211.org/2005/gco,gmd:distributionInfo£gmd:MD_Distribution£gmd:distributionFormat£gmd:MD_Format£gmd:version£@xmlns:gco:,gmd:distributionInfo,gmd:MD_Distribution,gmd:distributionFormat,gmd:MD_Format,gmd:version,@xmlns:gco:,,,
117,gmd:distributionInfo.gmd:MD_Distribution.gmd:distributionFormat.gmd:MD_Format.gmd:version.@gco:nilReason:§unknown,unknown,gmd:distributionInfo£gmd:MD_Distribution£gmd:distributionFormat£gmd:MD_Format£gmd:version£@gco:nilReason:,gmd:distributionInfo,gmd:MD_Distribution,gmd:distributionFormat,gmd:MD_Format,gmd:version,@gco:nilReason:,,,
118,gmd:distributionInfo.gmd:MD_Distribution.gmd:distributionFormat.gmd:MD_Format.gmd:version.gco:CharacterString:§None,None,gmd:distributionInfo£gmd:MD_Distribution£gmd:distributionFormat£gmd:MD_Format£gmd:version£gco:CharacterString:,gmd:distributionInfo,gmd:MD_Distribution,gmd:distributionFormat,gmd:MD_Format,gmd:version,gco:CharacterString:,,,
119,gmd:distributionInfo.gmd:MD_Distribution.gmd:distributionFormat.gmd:MD_Format.gmd:specification.@xmlns:gco:§http://www.isotc211.org/2005/gco,http://www.isotc211.org/2005/gco,gmd:distributionInfo£gmd:MD_Distribution£gmd:distributionFormat£gmd:MD_Format£gmd:specification£@xmlns:gco:,gmd:distributionInfo,gmd:MD_Distribution,gmd:distributionFormat,gmd:MD_Format,gmd:specification,@xmlns:gco:,,,
120,gmd:distributionInfo.gmd:MD_Distribution.gmd:distributionFormat.gmd:MD_Format.gmd:specification.@gco:nilReason:§missing,missing,gmd:distributionInfo£gmd:MD_Distribution£gmd:distributionFormat£gmd:MD_Format£gmd:specification£@gco:nilReason:,gmd:distributionInfo,gmd:MD_Distribution,gmd:distributionFormat,gmd:MD_Format,gmd:specification,@gco:nilReason:,,,
121,gmd:distributionInfo.gmd:MD_Distribution.gmd:distributionFormat.gmd:MD_Format.gmd:specification.gco:CharacterString:§None,None,gmd:distributionInfo£gmd:MD_Distribution£gmd:distributionFormat£gmd:MD_Format£gmd:specification£gco:CharacterString:,gmd:distributionInfo,gmd:MD_Distribution,gmd:distributionFormat,gmd:MD_Format,gmd:specification,gco:CharacterString:,,,
122,gmd:distributionInfo.gmd:MD_Distribution.gmd:transferOptions.gmd:MD_DigitalTransferOptions.gmd:onLine.gmd:CI_OnlineResource.gmd:linkage.gmd:URL:§None,None,gmd:distributionInfo£gmd:MD_Distribution£gmd:transferOptions£gmd:MD_DigitalTransferOptions£gmd:onLine£gmd:CI_OnlineResource£gmd:linkage£gmd:URL:,gmd:distributionInfo,gmd:MD_Distribution,gmd:transferOptions,gmd:MD_DigitalTransferOptions,gmd:onLine,gmd:CI_OnlineResource,gmd:linkage,gmd:URL:,
123,gmd:distributionInfo.gmd:MD_Distribution.gmd:transferOptions.gmd:MD_DigitalTransferOptions.gmd:onLine.gmd:CI_OnlineResource.gmd:protocol.gco:CharacterString.@xmlns:gco:§http://www.isotc211.org/2005/gco,http://www.isotc211.org/2005/gco,gmd:distributionInfo£gmd:MD_Distribution£gmd:transferOptions£gmd:MD_DigitalTransferOptions£gmd:onLine£gmd:CI_OnlineResource£gmd:protocol£gco:CharacterString£@xmlns:gco:,gmd:distributionInfo,gmd:MD_Distribution,gmd:transferOptions,gmd:MD_DigitalTransferOptions,gmd:onLine,gmd:CI_OnlineResource,gmd:protocol,gco:CharacterString,@xmlns:gco:
124,gmd:distributionInfo.gmd:MD_Distribution.gmd:transferOptions.gmd:MD_DigitalTransferOptions.gmd:onLine.gmd:CI_OnlineResource.gmd:protocol.gco:CharacterString.#text:§WWW:LINK-1.0-http--partners,WWW:LINK-1.0-http--partners,gmd:distributionInfo£gmd:MD_Distribution£gmd:transferOptions£gmd:MD_DigitalTransferOptions£gmd:onLine£gmd:CI_OnlineResource£gmd:protocol£gco:CharacterString£#text:,gmd:distributionInfo,gmd:MD_Distribution,gmd:transferOptions,gmd:MD_DigitalTransferOptions,gmd:onLine,gmd:CI_OnlineResource,gmd:protocol,gco:CharacterString,#text:
125,gmd:dataQualityInfo.gmd:DQ_DataQuality.gmd:scope.gmd:DQ_Scope.gmd:level.gmd:MD_ScopeCode.@codeListValue:§attribute,attribute,gmd:dataQualityInfo£gmd:DQ_DataQuality£gmd:scope£gmd:DQ_Scope£gmd:level£gmd:MD_ScopeCode£@codeListValue:,gmd:dataQualityInfo,gmd:DQ_DataQuality,gmd:scope,gmd:DQ_Scope,gmd:level,gmd:MD_ScopeCode,@codeListValue:,,
126,gmd:dataQualityInfo.gmd:DQ_DataQuality.gmd:scope.gmd:DQ_Scope.gmd:level.gmd:MD_ScopeCode.@codeList:§http://standards.iso.org/iso/19139/resources/gmxCodelists.xml#MD_ScopeCode,http://standards.iso.org/iso/19139/resources/gmxCodelists.xml#MD_ScopeCode,gmd:dataQualityInfo£gmd:DQ_DataQuality£gmd:scope£gmd:DQ_Scope£gmd:level£gmd:MD_ScopeCode£@codeList:,gmd:dataQualityInfo,gmd:DQ_DataQuality,gmd:scope,gmd:DQ_Scope,gmd:level,gmd:MD_ScopeCode,@codeList:,,
127,gmd:dataQualityInfo.gmd:DQ_DataQuality.gmd:scope.gmd:DQ_Scope.gmd:levelDescription.gmd:MD_ScopeDescription.gmd:attributes.@uuidref:§,,gmd:dataQualityInfo£gmd:DQ_DataQuality£gmd:scope£gmd:DQ_Scope£gmd:levelDescription£gmd:MD_ScopeDescription£gmd:attributes£@uuidref:,gmd:dataQualityInfo,gmd:DQ_DataQuality,gmd:scope,gmd:DQ_Scope,gmd:levelDescription,gmd:MD_ScopeDescription,gmd:attributes,@uuidref:,
128,gmd:dataQualityInfo.gmd:DQ_DataQuality.gmd:scope.gmd:DQ_Scope.gmd:levelDescription.gmd:MD_ScopeDescription.gmd:attributes.#text:§m3/s,m3/s,gmd:dataQualityInfo£gmd:DQ_DataQuality£gmd:scope£gmd:DQ_Scope£gmd:levelDescription£gmd:MD_ScopeDescription£gmd:attributes£#text:,gmd:dataQualityInfo,gmd:DQ_DataQuality,gmd:scope,gmd:DQ_Scope,gmd:levelDescription,gmd:MD_ScopeDescription,gmd:attributes,#text:,
129,gmd:dataQualityInfo.gmd:DQ_DataQuality.gmd:lineage.gmd:LI_Lineage.gmd:statement.@xmlns:gco:§http://www.isotc211.org/2005/gco,http://www.isotc211.org/2005/gco,gmd:dataQualityInfo£gmd:DQ_DataQuality£gmd:lineage£gmd:LI_Lineage£gmd:statement£@xmlns:gco:,gmd:dataQualityInfo,gmd:DQ_DataQuality,gmd:lineage,gmd:LI_Lineage,gmd:statement,@xmlns:gco:,,,
130,gmd:dataQualityInfo.gmd:DQ_DataQuality.gmd:lineage.gmd:LI_Lineage.gmd:statement.@gco:nilReason:§missing,missing,gmd:dataQualityInfo£gmd:DQ_DataQuality£gmd:lineage£gmd:LI_Lineage£gmd:statement£@gco:nilReason:,gmd:dataQualityInfo,gmd:DQ_DataQuality,gmd:lineage,gmd:LI_Lineage,gmd:statement,@gco:nilReason:,,,
131,gmd:dataQualityInfo.gmd:DQ_DataQuality.gmd:lineage.gmd:LI_Lineage.gmd:statement.gco:CharacterString:§None,None,gmd:dataQualityInfo£gmd:DQ_DataQuality£gmd:lineage£gmd:LI_Lineage£gmd:statement£gco:CharacterString:,gmd:dataQualityInfo,gmd:DQ_DataQuality,gmd:lineage,gmd:LI_Lineage,gmd:statement,gco:CharacterString:,,,
132,,,,,,,,,,,,
