,Results,Valeurs,Cl√©s,K0,K1,K2,K3,K4,K5,K6,K7,K8
0,gmd:MD_Metadata.@xmlns:gco:!http://www.isotc211.org/2005/gco,http://www.isotc211.org/2005/gco,gmd:MD_Metadata/@xmlns:gco:,@xmlns:gco:,,,,,,,,
1,gmd:MD_Metadata.@xmlns:gmd:!http://www.isotc211.org/2005/gmd,http://www.isotc211.org/2005/gmd,gmd:MD_Metadata/@xmlns:gmd:,@xmlns:gmd:,,,,,,,,
2,gmd:MD_Metadata.@xmlns:gmi:!http://www.isotc211.org/2005/gmi,http://www.isotc211.org/2005/gmi,gmd:MD_Metadata/@xmlns:gmi:,@xmlns:gmi:,,,,,,,,
3,gmd:MD_Metadata.@xmlns:gml:!http://www.opengis.net/gml,http://www.opengis.net/gml,gmd:MD_Metadata/@xmlns:gml:,@xmlns:gml:,,,,,,,,
4,gmd:MD_Metadata.@xmlns:gmx:!http://www.isotc211.org/2005/gmx,http://www.isotc211.org/2005/gmx,gmd:MD_Metadata/@xmlns:gmx:,@xmlns:gmx:,,,,,,,,
5,gmd:MD_Metadata.@xmlns:gsr:!http://www.isotc211.org/2005/gsr,http://www.isotc211.org/2005/gsr,gmd:MD_Metadata/@xmlns:gsr:,@xmlns:gsr:,,,,,,,,
6,gmd:MD_Metadata.@xmlns:gts:!http://www.isotc211.org/2005/gts,http://www.isotc211.org/2005/gts,gmd:MD_Metadata/@xmlns:gts:,@xmlns:gts:,,,,,,,,
7,gmd:MD_Metadata.@xmlns:srv:!http://www.isotc211.org/2005/srv,http://www.isotc211.org/2005/srv,gmd:MD_Metadata/@xmlns:srv:,@xmlns:srv:,,,,,,,,
8,gmd:MD_Metadata.@xmlns:xlink:!http://www.w3.org/1999/xlink,http://www.w3.org/1999/xlink,gmd:MD_Metadata/@xmlns:xlink:,@xmlns:xlink:,,,,,,,,
9,gmd:MD_Metadata.@xmlns:xsi:!http://www.w3.org/2001/XMLSchema-instance,http://www.w3.org/2001/XMLSchema-instance,gmd:MD_Metadata/@xmlns:xsi:,@xmlns:xsi:,,,,,,,,
10,gmd:MD_Metadata.@xsi:schemaLocation:!http://www.isotc211.org/2005/gmd http://schemas.opengis.net/csw/2.0.2/profiles/apiso/1.0.0/apiso.xsd,http://www.isotc211.org/2005/gmd http://schemas.opengis.net/csw/2.0.2/profiles/apiso/1.0.0/apiso.xsd,gmd:MD_Metadata/@xsi:schemaLocation:,@xsi:schemaLocation:,,,,,,,,
11,gmd:MD_Metadata.gmd:fileIdentifier.gco:CharacterString.@xmlns:gco:!http://www.isotc211.org/2005/gco,http://www.isotc211.org/2005/gco,gmd:MD_Metadata/gmd:fileIdentifier/gco:CharacterString/@xmlns:gco:,gmd:fileIdentifier,gco:CharacterString,@xmlns:gco:,,,,,,
12,gmd:MD_Metadata.gmd:fileIdentifier.gco:CharacterString.#text:!da165110-88fd-11da-a88f-000d939bc5d8,da165110-88fd-11da-a88f-000d939bc5d8,gmd:MD_Metadata/gmd:fileIdentifier/gco:CharacterString/#text:,gmd:fileIdentifier,gco:CharacterString,#text:,,,,,,
13,gmd:MD_Metadata.gmd:language.gco:CharacterString.@xmlns:gco:!http://www.isotc211.org/2005/gco,http://www.isotc211.org/2005/gco,gmd:MD_Metadata/gmd:language/gco:CharacterString/@xmlns:gco:,gmd:language,gco:CharacterString,@xmlns:gco:,,,,,,
14,gmd:MD_Metadata.gmd:language.gco:CharacterString.#text:!eng,eng,gmd:MD_Metadata/gmd:language/gco:CharacterString/#text:,gmd:language,gco:CharacterString,#text:,,,,,,
15,gmd:MD_Metadata.gmd:characterSet.gmd:MD_CharacterSetCode.@codeListValue:!utf8,utf8,gmd:MD_Metadata/gmd:characterSet/gmd:MD_CharacterSetCode/@codeListValue:,gmd:characterSet,gmd:MD_CharacterSetCode,@codeListValue:,,,,,,
16,gmd:MD_Metadata.gmd:characterSet.gmd:MD_CharacterSetCode.@codeList:!http://standards.iso.org/iso/19139/resources/gmxCodelists.xml#MD_CharacterSetCode,http://standards.iso.org/iso/19139/resources/gmxCodelists.xml#MD_CharacterSetCode,gmd:MD_Metadata/gmd:characterSet/gmd:MD_CharacterSetCode/@codeList:,gmd:characterSet,gmd:MD_CharacterSetCode,@codeList:,,,,,,
17,gmd:MD_Metadata.gmd:contact.gmd:CI_ResponsibleParty.gmd:individualName.gco:CharacterString.@xmlns:gco:!http://www.isotc211.org/2005/gco,http://www.isotc211.org/2005/gco,gmd:MD_Metadata/gmd:contact/gmd:CI_ResponsibleParty/gmd:individualName/gco:CharacterString/@xmlns:gco:,gmd:contact,gmd:CI_ResponsibleParty,gmd:individualName,gco:CharacterString,@xmlns:gco:,,,,
18,gmd:MD_Metadata.gmd:contact.gmd:CI_ResponsibleParty.gmd:individualName.gco:CharacterString.#text:!Jippe Hoogeveen,Jippe Hoogeveen,gmd:MD_Metadata/gmd:contact/gmd:CI_ResponsibleParty/gmd:individualName/gco:CharacterString/#text:,gmd:contact,gmd:CI_ResponsibleParty,gmd:individualName,gco:CharacterString,#text:,,,,
19,gmd:MD_Metadata.gmd:contact.gmd:CI_ResponsibleParty.gmd:organisationName.gco:CharacterString.@xmlns:gco:!http://www.isotc211.org/2005/gco,http://www.isotc211.org/2005/gco,gmd:MD_Metadata/gmd:contact/gmd:CI_ResponsibleParty/gmd:organisationName/gco:CharacterString/@xmlns:gco:,gmd:contact,gmd:CI_ResponsibleParty,gmd:organisationName,gco:CharacterString,@xmlns:gco:,,,,
20,gmd:MD_Metadata.gmd:contact.gmd:CI_ResponsibleParty.gmd:organisationName.gco:CharacterString.#text:!FAO - NRCW,FAO - NRCW,gmd:MD_Metadata/gmd:contact/gmd:CI_ResponsibleParty/gmd:organisationName/gco:CharacterString/#text:,gmd:contact,gmd:CI_ResponsibleParty,gmd:organisationName,gco:CharacterString,#text:,,,,
21,gmd:MD_Metadata.gmd:contact.gmd:CI_ResponsibleParty.gmd:positionName.gco:CharacterString.@xmlns:gco:!http://www.isotc211.org/2005/gco,http://www.isotc211.org/2005/gco,gmd:MD_Metadata/gmd:contact/gmd:CI_ResponsibleParty/gmd:positionName/gco:CharacterString/@xmlns:gco:,gmd:contact,gmd:CI_ResponsibleParty,gmd:positionName,gco:CharacterString,@xmlns:gco:,,,,
22,gmd:MD_Metadata.gmd:contact.gmd:CI_ResponsibleParty.gmd:positionName.gco:CharacterString.#text:!Technical Officer,Technical Officer,gmd:MD_Metadata/gmd:contact/gmd:CI_ResponsibleParty/gmd:positionName/gco:CharacterString/#text:,gmd:contact,gmd:CI_ResponsibleParty,gmd:positionName,gco:CharacterString,#text:,,,,
23,gmd:MD_Metadata.gmd:contact.gmd:CI_ResponsibleParty.gmd:contactInfo.gmd:CI_Contact.gmd:phone.gmd:CI_Telephone.gmd:voice.@xmlns:gco:!http://www.isotc211.org/2005/gco,http://www.isotc211.org/2005/gco,gmd:MD_Metadata/gmd:contact/gmd:CI_ResponsibleParty/gmd:contactInfo/gmd:CI_Contact/gmd:phone/gmd:CI_Telephone/gmd:voice/@xmlns:gco:,gmd:contact,gmd:CI_ResponsibleParty,gmd:contactInfo,gmd:CI_Contact,gmd:phone,gmd:CI_Telephone,gmd:voice,@xmlns:gco:,
24,gmd:MD_Metadata.gmd:contact.gmd:CI_ResponsibleParty.gmd:contactInfo.gmd:CI_Contact.gmd:phone.gmd:CI_Telephone.gmd:voice.@gco:nilReason:!missing,missing,gmd:MD_Metadata/gmd:contact/gmd:CI_ResponsibleParty/gmd:contactInfo/gmd:CI_Contact/gmd:phone/gmd:CI_Telephone/gmd:voice/@gco:nilReason:,gmd:contact,gmd:CI_ResponsibleParty,gmd:contactInfo,gmd:CI_Contact,gmd:phone,gmd:CI_Telephone,gmd:voice,@gco:nilReason:,
25,gmd:MD_Metadata.gmd:contact.gmd:CI_ResponsibleParty.gmd:contactInfo.gmd:CI_Contact.gmd:phone.gmd:CI_Telephone.gmd:voice.gco:CharacterString:!None,None,gmd:MD_Metadata/gmd:contact/gmd:CI_ResponsibleParty/gmd:contactInfo/gmd:CI_Contact/gmd:phone/gmd:CI_Telephone/gmd:voice/gco:CharacterString:,gmd:contact,gmd:CI_ResponsibleParty,gmd:contactInfo,gmd:CI_Contact,gmd:phone,gmd:CI_Telephone,gmd:voice,gco:CharacterString:,
26,gmd:MD_Metadata.gmd:contact.gmd:CI_ResponsibleParty.gmd:contactInfo.gmd:CI_Contact.gmd:phone.gmd:CI_Telephone.gmd:facsimile.@xmlns:gco:!http://www.isotc211.org/2005/gco,http://www.isotc211.org/2005/gco,gmd:MD_Metadata/gmd:contact/gmd:CI_ResponsibleParty/gmd:contactInfo/gmd:CI_Contact/gmd:phone/gmd:CI_Telephone/gmd:facsimile/@xmlns:gco:,gmd:contact,gmd:CI_ResponsibleParty,gmd:contactInfo,gmd:CI_Contact,gmd:phone,gmd:CI_Telephone,gmd:facsimile,@xmlns:gco:,
27,gmd:MD_Metadata.gmd:contact.gmd:CI_ResponsibleParty.gmd:contactInfo.gmd:CI_Contact.gmd:phone.gmd:CI_Telephone.gmd:facsimile.@gco:nilReason:!missing,missing,gmd:MD_Metadata/gmd:contact/gmd:CI_ResponsibleParty/gmd:contactInfo/gmd:CI_Contact/gmd:phone/gmd:CI_Telephone/gmd:facsimile/@gco:nilReason:,gmd:contact,gmd:CI_ResponsibleParty,gmd:contactInfo,gmd:CI_Contact,gmd:phone,gmd:CI_Telephone,gmd:facsimile,@gco:nilReason:,
28,gmd:MD_Metadata.gmd:contact.gmd:CI_ResponsibleParty.gmd:contactInfo.gmd:CI_Contact.gmd:phone.gmd:CI_Telephone.gmd:facsimile.gco:CharacterString:!None,None,gmd:MD_Metadata/gmd:contact/gmd:CI_ResponsibleParty/gmd:contactInfo/gmd:CI_Contact/gmd:phone/gmd:CI_Telephone/gmd:facsimile/gco:CharacterString:,gmd:contact,gmd:CI_ResponsibleParty,gmd:contactInfo,gmd:CI_Contact,gmd:phone,gmd:CI_Telephone,gmd:facsimile,gco:CharacterString:,
29,gmd:MD_Metadata.gmd:contact.gmd:CI_ResponsibleParty.gmd:contactInfo.gmd:CI_Contact.gmd:address.gmd:CI_Address.gmd:deliveryPoint.gco:CharacterString.@xmlns:gco:!http://www.isotc211.org/2005/gco,http://www.isotc211.org/2005/gco,gmd:MD_Metadata/gmd:contact/gmd:CI_ResponsibleParty/gmd:contactInfo/gmd:CI_Contact/gmd:address/gmd:CI_Address/gmd:deliveryPoint/gco:CharacterString/@xmlns:gco:,gmd:contact,gmd:CI_ResponsibleParty,gmd:contactInfo,gmd:CI_Contact,gmd:address,gmd:CI_Address,gmd:deliveryPoint,gco:CharacterString,@xmlns:gco:
30,gmd:MD_Metadata.gmd:contact.gmd:CI_ResponsibleParty.gmd:contactInfo.gmd:CI_Contact.gmd:address.gmd:CI_Address.gmd:deliveryPoint.gco:CharacterString.#text:!Viale delle Terme di Caracalla,Viale delle Terme di Caracalla,gmd:MD_Metadata/gmd:contact/gmd:CI_ResponsibleParty/gmd:contactInfo/gmd:CI_Contact/gmd:address/gmd:CI_Address/gmd:deliveryPoint/gco:CharacterString/#text:,gmd:contact,gmd:CI_ResponsibleParty,gmd:contactInfo,gmd:CI_Contact,gmd:address,gmd:CI_Address,gmd:deliveryPoint,gco:CharacterString,#text:
31,gmd:MD_Metadata.gmd:contact.gmd:CI_ResponsibleParty.gmd:contactInfo.gmd:CI_Contact.gmd:address.gmd:CI_Address.gmd:city.gco:CharacterString.@xmlns:gco:!http://www.isotc211.org/2005/gco,http://www.isotc211.org/2005/gco,gmd:MD_Metadata/gmd:contact/gmd:CI_ResponsibleParty/gmd:contactInfo/gmd:CI_Contact/gmd:address/gmd:CI_Address/gmd:city/gco:CharacterString/@xmlns:gco:,gmd:contact,gmd:CI_ResponsibleParty,gmd:contactInfo,gmd:CI_Contact,gmd:address,gmd:CI_Address,gmd:city,gco:CharacterString,@xmlns:gco:
32,gmd:MD_Metadata.gmd:contact.gmd:CI_ResponsibleParty.gmd:contactInfo.gmd:CI_Contact.gmd:address.gmd:CI_Address.gmd:city.gco:CharacterString.#text:!Rome,Rome,gmd:MD_Metadata/gmd:contact/gmd:CI_ResponsibleParty/gmd:contactInfo/gmd:CI_Contact/gmd:address/gmd:CI_Address/gmd:city/gco:CharacterString/#text:,gmd:contact,gmd:CI_ResponsibleParty,gmd:contactInfo,gmd:CI_Contact,gmd:address,gmd:CI_Address,gmd:city,gco:CharacterString,#text:
33,gmd:MD_Metadata.gmd:contact.gmd:CI_ResponsibleParty.gmd:contactInfo.gmd:CI_Contact.gmd:address.gmd:CI_Address.gmd:administrativeArea.@xmlns:gco:!http://www.isotc211.org/2005/gco,http://www.isotc211.org/2005/gco,gmd:MD_Metadata/gmd:contact/gmd:CI_ResponsibleParty/gmd:contactInfo/gmd:CI_Contact/gmd:address/gmd:CI_Address/gmd:administrativeArea/@xmlns:gco:,gmd:contact,gmd:CI_ResponsibleParty,gmd:contactInfo,gmd:CI_Contact,gmd:address,gmd:CI_Address,gmd:administrativeArea,@xmlns:gco:,
34,gmd:MD_Metadata.gmd:contact.gmd:CI_ResponsibleParty.gmd:contactInfo.gmd:CI_Contact.gmd:address.gmd:CI_Address.gmd:administrativeArea.@gco:nilReason:!missing,missing,gmd:MD_Metadata/gmd:contact/gmd:CI_ResponsibleParty/gmd:contactInfo/gmd:CI_Contact/gmd:address/gmd:CI_Address/gmd:administrativeArea/@gco:nilReason:,gmd:contact,gmd:CI_ResponsibleParty,gmd:contactInfo,gmd:CI_Contact,gmd:address,gmd:CI_Address,gmd:administrativeArea,@gco:nilReason:,
35,gmd:MD_Metadata.gmd:contact.gmd:CI_ResponsibleParty.gmd:contactInfo.gmd:CI_Contact.gmd:address.gmd:CI_Address.gmd:administrativeArea.gco:CharacterString:!None,None,gmd:MD_Metadata/gmd:contact/gmd:CI_ResponsibleParty/gmd:contactInfo/gmd:CI_Contact/gmd:address/gmd:CI_Address/gmd:administrativeArea/gco:CharacterString:,gmd:contact,gmd:CI_ResponsibleParty,gmd:contactInfo,gmd:CI_Contact,gmd:address,gmd:CI_Address,gmd:administrativeArea,gco:CharacterString:,
36,gmd:MD_Metadata.gmd:contact.gmd:CI_ResponsibleParty.gmd:contactInfo.gmd:CI_Contact.gmd:address.gmd:CI_Address.gmd:postalCode.gco:CharacterString.@xmlns:gco:!http://www.isotc211.org/2005/gco,http://www.isotc211.org/2005/gco,gmd:MD_Metadata/gmd:contact/gmd:CI_ResponsibleParty/gmd:contactInfo/gmd:CI_Contact/gmd:address/gmd:CI_Address/gmd:postalCode/gco:CharacterString/@xmlns:gco:,gmd:contact,gmd:CI_ResponsibleParty,gmd:contactInfo,gmd:CI_Contact,gmd:address,gmd:CI_Address,gmd:postalCode,gco:CharacterString,@xmlns:gco:
37,gmd:MD_Metadata.gmd:contact.gmd:CI_ResponsibleParty.gmd:contactInfo.gmd:CI_Contact.gmd:address.gmd:CI_Address.gmd:postalCode.gco:CharacterString.#text:!00153,00153,gmd:MD_Metadata/gmd:contact/gmd:CI_ResponsibleParty/gmd:contactInfo/gmd:CI_Contact/gmd:address/gmd:CI_Address/gmd:postalCode/gco:CharacterString/#text:,gmd:contact,gmd:CI_ResponsibleParty,gmd:contactInfo,gmd:CI_Contact,gmd:address,gmd:CI_Address,gmd:postalCode,gco:CharacterString,#text:
38,gmd:MD_Metadata.gmd:contact.gmd:CI_ResponsibleParty.gmd:contactInfo.gmd:CI_Contact.gmd:address.gmd:CI_Address.gmd:country.gco:CharacterString.@xmlns:gco:!http://www.isotc211.org/2005/gco,http://www.isotc211.org/2005/gco,gmd:MD_Metadata/gmd:contact/gmd:CI_ResponsibleParty/gmd:contactInfo/gmd:CI_Contact/gmd:address/gmd:CI_Address/gmd:country/gco:CharacterString/@xmlns:gco:,gmd:contact,gmd:CI_ResponsibleParty,gmd:contactInfo,gmd:CI_Contact,gmd:address,gmd:CI_Address,gmd:country,gco:CharacterString,@xmlns:gco:
39,gmd:MD_Metadata.gmd:contact.gmd:CI_ResponsibleParty.gmd:contactInfo.gmd:CI_Contact.gmd:address.gmd:CI_Address.gmd:country.gco:CharacterString.#text:!Italy,Italy,gmd:MD_Metadata/gmd:contact/gmd:CI_ResponsibleParty/gmd:contactInfo/gmd:CI_Contact/gmd:address/gmd:CI_Address/gmd:country/gco:CharacterString/#text:,gmd:contact,gmd:CI_ResponsibleParty,gmd:contactInfo,gmd:CI_Contact,gmd:address,gmd:CI_Address,gmd:country,gco:CharacterString,#text:
40,gmd:MD_Metadata.gmd:contact.gmd:CI_ResponsibleParty.gmd:contactInfo.gmd:CI_Contact.gmd:address.gmd:CI_Address.gmd:electronicMailAddress.gco:CharacterString.@xmlns:gco:!http://www.isotc211.org/2005/gco,http://www.isotc211.org/2005/gco,gmd:MD_Metadata/gmd:contact/gmd:CI_ResponsibleParty/gmd:contactInfo/gmd:CI_Contact/gmd:address/gmd:CI_Address/gmd:electronicMailAddress/gco:CharacterString/@xmlns:gco:,gmd:contact,gmd:CI_ResponsibleParty,gmd:contactInfo,gmd:CI_Contact,gmd:address,gmd:CI_Address,gmd:electronicMailAddress,gco:CharacterString,@xmlns:gco:
41,gmd:MD_Metadata.gmd:contact.gmd:CI_ResponsibleParty.gmd:contactInfo.gmd:CI_Contact.gmd:address.gmd:CI_Address.gmd:electronicMailAddress.gco:CharacterString.#text:!jippe.hoogeveen@fao.org,jippe.hoogeveen@fao.org,gmd:MD_Metadata/gmd:contact/gmd:CI_ResponsibleParty/gmd:contactInfo/gmd:CI_Contact/gmd:address/gmd:CI_Address/gmd:electronicMailAddress/gco:CharacterString/#text:,gmd:contact,gmd:CI_ResponsibleParty,gmd:contactInfo,gmd:CI_Contact,gmd:address,gmd:CI_Address,gmd:electronicMailAddress,gco:CharacterString,#text:
42,gmd:MD_Metadata.gmd:contact.gmd:CI_ResponsibleParty.gmd:role.gmd:CI_RoleCode.@codeList:!http://standards.iso.org/iso/19139/resources/gmxCodelists.xml#CI_RoleCode,http://standards.iso.org/iso/19139/resources/gmxCodelists.xml#CI_RoleCode,gmd:MD_Metadata/gmd:contact/gmd:CI_ResponsibleParty/gmd:role/gmd:CI_RoleCode/@codeList:,gmd:contact,gmd:CI_ResponsibleParty,gmd:role,gmd:CI_RoleCode,@codeList:,,,,
43,gmd:MD_Metadata.gmd:contact.gmd:CI_ResponsibleParty.gmd:role.gmd:CI_RoleCode.@codeListValue:!pointOfContact,pointOfContact,gmd:MD_Metadata/gmd:contact/gmd:CI_ResponsibleParty/gmd:role/gmd:CI_RoleCode/@codeListValue:,gmd:contact,gmd:CI_ResponsibleParty,gmd:role,gmd:CI_RoleCode,@codeListValue:,,,,
44,gmd:MD_Metadata.gmd:dateStamp.gco:DateTime.@xmlns:gco:!http://www.isotc211.org/2005/gco,http://www.isotc211.org/2005/gco,gmd:MD_Metadata/gmd:dateStamp/gco:DateTime/@xmlns:gco:,gmd:dateStamp,gco:DateTime,@xmlns:gco:,,,,,,
45,gmd:MD_Metadata.gmd:dateStamp.gco:DateTime.#text:!2007-11-06T12:13:00,2007-11-06T12:13:00,gmd:MD_Metadata/gmd:dateStamp/gco:DateTime/#text:,gmd:dateStamp,gco:DateTime,#text:,,,,,,
46,gmd:MD_Metadata.gmd:metadataStandardName.gco:CharacterString.@xmlns:gco:!http://www.isotc211.org/2005/gco,http://www.isotc211.org/2005/gco,gmd:MD_Metadata/gmd:metadataStandardName/gco:CharacterString/@xmlns:gco:,gmd:metadataStandardName,gco:CharacterString,@xmlns:gco:,,,,,,
47,gmd:MD_Metadata.gmd:metadataStandardName.gco:CharacterString.#text:!ISO 19115:2003/19139,ISO 19115:2003/19139,gmd:MD_Metadata/gmd:metadataStandardName/gco:CharacterString/#text:,gmd:metadataStandardName,gco:CharacterString,#text:,,,,,,
48,gmd:MD_Metadata.gmd:metadataStandardVersion.gco:CharacterString.@xmlns:gco:!http://www.isotc211.org/2005/gco,http://www.isotc211.org/2005/gco,gmd:MD_Metadata/gmd:metadataStandardVersion/gco:CharacterString/@xmlns:gco:,gmd:metadataStandardVersion,gco:CharacterString,@xmlns:gco:,,,,,,
49,gmd:MD_Metadata.gmd:metadataStandardVersion.gco:CharacterString.#text:!1.0,1.0,gmd:MD_Metadata/gmd:metadataStandardVersion/gco:CharacterString/#text:,gmd:metadataStandardVersion,gco:CharacterString,#text:,,,,,,
50,gmd:MD_Metadata.gmd:spatialRepresentationInfo:!None,None,gmd:MD_Metadata/gmd:spatialRepresentationInfo:,gmd:spatialRepresentationInfo:,,,,,,,,
51,gmd:MD_Metadata.gmd:referenceSystemInfo.gmd:MD_ReferenceSystem.gmd:referenceSystemIdentifier.gmd:RS_Identifier.gmd:code.gco:CharacterString.@xmlns:gco:!http://www.isotc211.org/2005/gco,http://www.isotc211.org/2005/gco,gmd:MD_Metadata/gmd:referenceSystemInfo/gmd:MD_ReferenceSystem/gmd:referenceSystemIdentifier/gmd:RS_Identifier/gmd:code/gco:CharacterString/@xmlns:gco:,gmd:referenceSystemInfo,gmd:MD_ReferenceSystem,gmd:referenceSystemIdentifier,gmd:RS_Identifier,gmd:code,gco:CharacterString,@xmlns:gco:,,
52,gmd:MD_Metadata.gmd:referenceSystemInfo.gmd:MD_ReferenceSystem.gmd:referenceSystemIdentifier.gmd:RS_Identifier.gmd:code.gco:CharacterString.#text:!WGS 1984,WGS 1984,gmd:MD_Metadata/gmd:referenceSystemInfo/gmd:MD_ReferenceSystem/gmd:referenceSystemIdentifier/gmd:RS_Identifier/gmd:code/gco:CharacterString/#text:,gmd:referenceSystemInfo,gmd:MD_ReferenceSystem,gmd:referenceSystemIdentifier,gmd:RS_Identifier,gmd:code,gco:CharacterString,#text:,,
53,gmd:MD_Metadata.gmd:identificationInfo.gmd:MD_DataIdentification.gmd:citation.gmd:CI_Citation.gmd:title.gco:CharacterString.@xmlns:gco:!http://www.isotc211.org/2005/gco,http://www.isotc211.org/2005/gco,gmd:MD_Metadata/gmd:identificationInfo/gmd:MD_DataIdentification/gmd:citation/gmd:CI_Citation/gmd:title/gco:CharacterString/@xmlns:gco:,gmd:identificationInfo,gmd:MD_DataIdentification,gmd:citation,gmd:CI_Citation,gmd:title,gco:CharacterString,@xmlns:gco:,,
54,gmd:MD_Metadata.gmd:identificationInfo.gmd:MD_DataIdentification.gmd:citation.gmd:CI_Citation.gmd:title.gco:CharacterString.#text:!Hydrological Basins in Africa (Sample record,Hydrological Basins in Africa (Sample record,gmd:MD_Metadata/gmd:identificationInfo/gmd:MD_DataIdentification/gmd:citation/gmd:CI_Citation/gmd:title/gco:CharacterString/#text:,gmd:identificationInfo,gmd:MD_DataIdentification,gmd:citation,gmd:CI_Citation,gmd:title,gco:CharacterString,#text:,,
55, please remove!),), please remove,,,,,,,,,
56,gmd:MD_Metadata.gmd:identificationInfo.gmd:MD_DataIdentification.gmd:citation.gmd:CI_Citation.gmd:date.gmd:CI_Date.gmd:date.gco:DateTime.@xmlns:gco:!http://www.isotc211.org/2005/gco,http://www.isotc211.org/2005/gco,gmd:MD_Metadata/gmd:identificationInfo/gmd:MD_DataIdentification/gmd:citation/gmd:CI_Citation/gmd:date/gmd:CI_Date/gmd:date/gco:DateTime/@xmlns:gco:,gmd:identificationInfo,gmd:MD_DataIdentification,gmd:citation,gmd:CI_Citation,gmd:date,gmd:CI_Date,gmd:date,gco:DateTime,@xmlns:gco:
57,gmd:MD_Metadata.gmd:identificationInfo.gmd:MD_DataIdentification.gmd:citation.gmd:CI_Citation.gmd:date.gmd:CI_Date.gmd:date.gco:DateTime.#text:!2000-07-19T14:45:00,2000-07-19T14:45:00,gmd:MD_Metadata/gmd:identificationInfo/gmd:MD_DataIdentification/gmd:citation/gmd:CI_Citation/gmd:date/gmd:CI_Date/gmd:date/gco:DateTime/#text:,gmd:identificationInfo,gmd:MD_DataIdentification,gmd:citation,gmd:CI_Citation,gmd:date,gmd:CI_Date,gmd:date,gco:DateTime,#text:
58,gmd:MD_Metadata.gmd:identificationInfo.gmd:MD_DataIdentification.gmd:citation.gmd:CI_Citation.gmd:date.gmd:CI_Date.gmd:dateType.gmd:CI_DateTypeCode.@codeList:!http://standards.iso.org/iso/19139/resources/gmxCodelists.xml#CI_DateTypeCode,http://standards.iso.org/iso/19139/resources/gmxCodelists.xml#CI_DateTypeCode,gmd:MD_Metadata/gmd:identificationInfo/gmd:MD_DataIdentification/gmd:citation/gmd:CI_Citation/gmd:date/gmd:CI_Date/gmd:dateType/gmd:CI_DateTypeCode/@codeList:,gmd:identificationInfo,gmd:MD_DataIdentification,gmd:citation,gmd:CI_Citation,gmd:date,gmd:CI_Date,gmd:dateType,gmd:CI_DateTypeCode,@codeList:
59,gmd:MD_Metadata.gmd:identificationInfo.gmd:MD_DataIdentification.gmd:citation.gmd:CI_Citation.gmd:date.gmd:CI_Date.gmd:dateType.gmd:CI_DateTypeCode.@codeListValue:!creation,creation,gmd:MD_Metadata/gmd:identificationInfo/gmd:MD_DataIdentification/gmd:citation/gmd:CI_Citation/gmd:date/gmd:CI_Date/gmd:dateType/gmd:CI_DateTypeCode/@codeListValue:,gmd:identificationInfo,gmd:MD_DataIdentification,gmd:citation,gmd:CI_Citation,gmd:date,gmd:CI_Date,gmd:dateType,gmd:CI_DateTypeCode,@codeListValue:
60,gmd:MD_Metadata.gmd:identificationInfo.gmd:MD_DataIdentification.gmd:citation.gmd:CI_Citation.gmd:edition.gco:CharacterString.@xmlns:gco:!http://www.isotc211.org/2005/gco,http://www.isotc211.org/2005/gco,gmd:MD_Metadata/gmd:identificationInfo/gmd:MD_DataIdentification/gmd:citation/gmd:CI_Citation/gmd:edition/gco:CharacterString/@xmlns:gco:,gmd:identificationInfo,gmd:MD_DataIdentification,gmd:citation,gmd:CI_Citation,gmd:edition,gco:CharacterString,@xmlns:gco:,,
61,gmd:MD_Metadata.gmd:identificationInfo.gmd:MD_DataIdentification.gmd:citation.gmd:CI_Citation.gmd:edition.gco:CharacterString.#text:!First,First,gmd:MD_Metadata/gmd:identificationInfo/gmd:MD_DataIdentification/gmd:citation/gmd:CI_Citation/gmd:edition/gco:CharacterString/#text:,gmd:identificationInfo,gmd:MD_DataIdentification,gmd:citation,gmd:CI_Citation,gmd:edition,gco:CharacterString,#text:,,
62,gmd:MD_Metadata.gmd:identificationInfo.gmd:MD_DataIdentification.gmd:citation.gmd:CI_Citation.gmd:presentationForm.gmd:CI_PresentationFormCode.@codeList:!http://standards.iso.org/iso/19139/resources/gmxCodelists.xml#CI_PresentationFormCode,http://standards.iso.org/iso/19139/resources/gmxCodelists.xml#CI_PresentationFormCode,gmd:MD_Metadata/gmd:identificationInfo/gmd:MD_DataIdentification/gmd:citation/gmd:CI_Citation/gmd:presentationForm/gmd:CI_PresentationFormCode/@codeList:,gmd:identificationInfo,gmd:MD_DataIdentification,gmd:citation,gmd:CI_Citation,gmd:presentationForm,gmd:CI_PresentationFormCode,@codeList:,,
63,gmd:MD_Metadata.gmd:identificationInfo.gmd:MD_DataIdentification.gmd:citation.gmd:CI_Citation.gmd:presentationForm.gmd:CI_PresentationFormCode.@codeListValue:!mapDigital,mapDigital,gmd:MD_Metadata/gmd:identificationInfo/gmd:MD_DataIdentification/gmd:citation/gmd:CI_Citation/gmd:presentationForm/gmd:CI_PresentationFormCode/@codeListValue:,gmd:identificationInfo,gmd:MD_DataIdentification,gmd:citation,gmd:CI_Citation,gmd:presentationForm,gmd:CI_PresentationFormCode,@codeListValue:,,
64,gmd:MD_Metadata.gmd:identificationInfo.gmd:MD_DataIdentification.gmd:abstract.gco:CharacterString.@xmlns:gco:!http://www.isotc211.org/2005/gco,http://www.isotc211.org/2005/gco,gmd:MD_Metadata/gmd:identificationInfo/gmd:MD_DataIdentification/gmd:abstract/gco:CharacterString/@xmlns:gco:,gmd:identificationInfo,gmd:MD_DataIdentification,gmd:abstract,gco:CharacterString,@xmlns:gco:,,,,
65,"gmd:MD_Metadata.gmd:identificationInfo.gmd:MD_DataIdentification.gmd:abstract.gco:CharacterString.#text:!Major hydrological basins and their sub-basins. This dataset divides the African continent according to its hydrological characteristics.
The dataset consists of the following information:- numerical code and name of the major basin (MAJ_BAS and MAJ_NAME); - area of the major basin in square km (MAJ_AREA); - numerical code and name of the sub-basin (SUB_BAS and SUB_NAME); - area of the sub-basin in square km (SUB_AREA); - numerical code of the sub-basin towards which the sub-basin flows (TO_SUBBAS) (the codes -888 and -999 have been assigned respectively to internal sub-basins and to sub-basins draining into the sea)","Major hydrological basins and their sub-basins. This dataset divides the African continent according to its hydrological characteristics.
The dataset consists of the following information:- numerical code and name of the major basin (MAJ_BAS and MAJ_NAME); - area of the major basin in square km (MAJ_AREA); - numerical code and name of the sub-basin (SUB_BAS and SUB_NAME); - area of the sub-basin in square km (SUB_AREA); - numerical code of the sub-basin towards which the sub-basin flows (TO_SUBBAS) (the codes -888 and -999 have been assigned respectively to internal sub-basins and to sub-basins draining into the sea)",gmd:MD_Metadata/gmd:identificationInfo/gmd:MD_DataIdentification/gmd:abstract/gco:CharacterString/#text:,gmd:identificationInfo,gmd:MD_DataIdentification,gmd:abstract,gco:CharacterString,#text:,,,,
66,gmd:MD_Metadata.gmd:identificationInfo.gmd:MD_DataIdentification.gmd:purpose.gco:CharacterString.@xmlns:gco:!http://www.isotc211.org/2005/gco,http://www.isotc211.org/2005/gco,gmd:MD_Metadata/gmd:identificationInfo/gmd:MD_DataIdentification/gmd:purpose/gco:CharacterString/@xmlns:gco:,gmd:identificationInfo,gmd:MD_DataIdentification,gmd:purpose,gco:CharacterString,@xmlns:gco:,,,,
67,gmd:MD_Metadata.gmd:identificationInfo.gmd:MD_DataIdentification.gmd:purpose.gco:CharacterString.#text:!This dataset is developed as part of a GIS-based information system on water resources for the African continent. It has been published in the framework of the AQUASTAT - programme of the Land and Water Division of the Food and Agriculture Organization of the United Nations,This dataset is developed as part of a GIS-based information system on water resources for the African continent. It has been published in the framework of the AQUASTAT - programme of the Land and Water Division of the Food and Agriculture Organization of the United Nations,gmd:MD_Metadata/gmd:identificationInfo/gmd:MD_DataIdentification/gmd:purpose/gco:CharacterString/#text:,gmd:identificationInfo,gmd:MD_DataIdentification,gmd:purpose,gco:CharacterString,#text:,,,,
68," as part of FAO Land and Water Digital Media Series #13: ""Atlas of Water Resources and Irrigation in Africa"".

For a wider distribution and to support other projects at FAO this map is also distributed in a DVD as part of a publication entitled: ""Jenness",," as part of FAO Land and Water Digital Media Series #13: ""Atlas of Water Resources and Irrigation in Africa""/

For a wider distribution and to support other projects at FAO this map is also distributed in a DVD as part of a publication entitled: ""Jenness","

For a wider distribution and to support other projects at FAO this map is also distributed in a DVD as part of a publication entitled: ""Jenness",,,,,,,,
69, J.; Dooley,, J/; Dooley,; Dooley,,,,,,,,
70, J.; Aguilar-Manjarrez,, J/; Aguilar-Manjarrez,; Aguilar-Manjarrez,,,,,,,,
71, J.; Riva,, J/; Riva,; Riva,,,,,,,,
72, C. African Water Resource Database. GIS-based tools for inland aquatic resource management. 2. Technical manual and workbook. CIFA Technical Paper. No. 33,, C/ African Water Resource Database/ GIS-based tools for inland aquatic resource management/ 2/ Technical manual and workbook/ CIFA Technical Paper/ No/ 33, African Water Resource Database, GIS-based tools for inland aquatic resource management, 2, Technical manual and workbook, CIFA Technical Paper, No, 33,,
73, Part 2. Rome,, Part 2/ Rome, Rome,,,,,,,,
74," FAO. 2007. 308 p.""",," FAO/ 2007/ 308 p/""", 2007, 308 p,"""",,,,,,
75,gmd:MD_Metadata.gmd:identificationInfo.gmd:MD_DataIdentification.gmd:status.gmd:MD_ProgressCode.@codeList:!http://standards.iso.org/iso/19139/resources/gmxCodelists.xml#MD_ProgressCode,http://standards.iso.org/iso/19139/resources/gmxCodelists.xml#MD_ProgressCode,gmd:MD_Metadata/gmd:identificationInfo/gmd:MD_DataIdentification/gmd:status/gmd:MD_ProgressCode/@codeList:,gmd:identificationInfo,gmd:MD_DataIdentification,gmd:status,gmd:MD_ProgressCode,@codeList:,,,,
76,gmd:MD_Metadata.gmd:identificationInfo.gmd:MD_DataIdentification.gmd:status.gmd:MD_ProgressCode.@codeListValue:!completed,completed,gmd:MD_Metadata/gmd:identificationInfo/gmd:MD_DataIdentification/gmd:status/gmd:MD_ProgressCode/@codeListValue:,gmd:identificationInfo,gmd:MD_DataIdentification,gmd:status,gmd:MD_ProgressCode,@codeListValue:,,,,
77,gmd:MD_Metadata.gmd:identificationInfo.gmd:MD_DataIdentification.gmd:resourceMaintenance.gmd:MD_MaintenanceInformation.gmd:maintenanceAndUpdateFrequency.gmd:MD_MaintenanceFrequencyCode.@codeList:!http://standards.iso.org/iso/19139/resources/gmxCodelists.xml#MD_MaintenanceFrequencyCode,http://standards.iso.org/iso/19139/resources/gmxCodelists.xml#MD_MaintenanceFrequencyCode,gmd:MD_Metadata/gmd:identificationInfo/gmd:MD_DataIdentification/gmd:resourceMaintenance/gmd:MD_MaintenanceInformation/gmd:maintenanceAndUpdateFrequency/gmd:MD_MaintenanceFrequencyCode/@codeList:,gmd:identificationInfo,gmd:MD_DataIdentification,gmd:resourceMaintenance,gmd:MD_MaintenanceInformation,gmd:maintenanceAndUpdateFrequency,gmd:MD_MaintenanceFrequencyCode,@codeList:,,
78,gmd:MD_Metadata.gmd:identificationInfo.gmd:MD_DataIdentification.gmd:resourceMaintenance.gmd:MD_MaintenanceInformation.gmd:maintenanceAndUpdateFrequency.gmd:MD_MaintenanceFrequencyCode.@codeListValue:!asNeeded,asNeeded,gmd:MD_Metadata/gmd:identificationInfo/gmd:MD_DataIdentification/gmd:resourceMaintenance/gmd:MD_MaintenanceInformation/gmd:maintenanceAndUpdateFrequency/gmd:MD_MaintenanceFrequencyCode/@codeListValue:,gmd:identificationInfo,gmd:MD_DataIdentification,gmd:resourceMaintenance,gmd:MD_MaintenanceInformation,gmd:maintenanceAndUpdateFrequency,gmd:MD_MaintenanceFrequencyCode,@codeListValue:,,
79,gmd:MD_Metadata.gmd:identificationInfo.gmd:MD_DataIdentification.gmd:graphicOverview.gmd:MD_BrowseGraphic.gmd:fileName.gco:CharacterString.@xmlns:gco:!http://www.isotc211.org/2005/gco,http://www.isotc211.org/2005/gco,gmd:MD_Metadata/gmd:identificationInfo/gmd:MD_DataIdentification/gmd:graphicOverview/gmd:MD_BrowseGraphic/gmd:fileName/gco:CharacterString/@xmlns:gco:,gmd:identificationInfo,gmd:MD_DataIdentification,gmd:graphicOverview,gmd:MD_BrowseGraphic,gmd:fileName,gco:CharacterString,@xmlns:gco:,,
80,gmd:MD_Metadata.gmd:identificationInfo.gmd:MD_DataIdentification.gmd:graphicOverview.gmd:MD_BrowseGraphic.gmd:fileName.gco:CharacterString.#text:!https://cat.indores.fr/geonetwork/srv/api/records/da165110-88fd-11da-a88f-000d939bc5d8/attachments/thumbnail_s.gif,https://cat.indores.fr/geonetwork/srv/api/records/da165110-88fd-11da-a88f-000d939bc5d8/attachments/thumbnail_s.gif,gmd:MD_Metadata/gmd:identificationInfo/gmd:MD_DataIdentification/gmd:graphicOverview/gmd:MD_BrowseGraphic/gmd:fileName/gco:CharacterString/#text:,gmd:identificationInfo,gmd:MD_DataIdentification,gmd:graphicOverview,gmd:MD_BrowseGraphic,gmd:fileName,gco:CharacterString,#text:,,
81,gmd:MD_Metadata.gmd:identificationInfo.gmd:MD_DataIdentification.gmd:graphicOverview.gmd:MD_BrowseGraphic.gmd:fileDescription.gco:CharacterString.@xmlns:gco:!http://www.isotc211.org/2005/gco,http://www.isotc211.org/2005/gco,gmd:MD_Metadata/gmd:identificationInfo/gmd:MD_DataIdentification/gmd:graphicOverview/gmd:MD_BrowseGraphic/gmd:fileDescription/gco:CharacterString/@xmlns:gco:,gmd:identificationInfo,gmd:MD_DataIdentification,gmd:graphicOverview,gmd:MD_BrowseGraphic,gmd:fileDescription,gco:CharacterString,@xmlns:gco:,,
82,gmd:MD_Metadata.gmd:identificationInfo.gmd:MD_DataIdentification.gmd:graphicOverview.gmd:MD_BrowseGraphic.gmd:fileDescription.gco:CharacterString.#text:!thumbnail,thumbnail,gmd:MD_Metadata/gmd:identificationInfo/gmd:MD_DataIdentification/gmd:graphicOverview/gmd:MD_BrowseGraphic/gmd:fileDescription/gco:CharacterString/#text:,gmd:identificationInfo,gmd:MD_DataIdentification,gmd:graphicOverview,gmd:MD_BrowseGraphic,gmd:fileDescription,gco:CharacterString,#text:,,
83,gmd:MD_Metadata.gmd:identificationInfo.gmd:MD_DataIdentification.gmd:graphicOverview.gmd:MD_BrowseGraphic.gmd:fileType.gco:CharacterString.@xmlns:gco:!http://www.isotc211.org/2005/gco,http://www.isotc211.org/2005/gco,gmd:MD_Metadata/gmd:identificationInfo/gmd:MD_DataIdentification/gmd:graphicOverview/gmd:MD_BrowseGraphic/gmd:fileType/gco:CharacterString/@xmlns:gco:,gmd:identificationInfo,gmd:MD_DataIdentification,gmd:graphicOverview,gmd:MD_BrowseGraphic,gmd:fileType,gco:CharacterString,@xmlns:gco:,,
84,gmd:MD_Metadata.gmd:identificationInfo.gmd:MD_DataIdentification.gmd:graphicOverview.gmd:MD_BrowseGraphic.gmd:fileType.gco:CharacterString.#text:!gif,gif,gmd:MD_Metadata/gmd:identificationInfo/gmd:MD_DataIdentification/gmd:graphicOverview/gmd:MD_BrowseGraphic/gmd:fileType/gco:CharacterString/#text:,gmd:identificationInfo,gmd:MD_DataIdentification,gmd:graphicOverview,gmd:MD_BrowseGraphic,gmd:fileType,gco:CharacterString,#text:,,
85,gmd:MD_Metadata.gmd:identificationInfo.gmd:MD_DataIdentification.gmd:graphicOverview.gmd:MD_BrowseGraphic.gmd:fileName.gco:CharacterString.@xmlns:gco:!http://www.isotc211.org/2005/gco,http://www.isotc211.org/2005/gco,gmd:MD_Metadata/gmd:identificationInfo/gmd:MD_DataIdentification/gmd:graphicOverview/gmd:MD_BrowseGraphic/gmd:fileName/gco:CharacterString/@xmlns:gco:,gmd:identificationInfo,gmd:MD_DataIdentification,gmd:graphicOverview,gmd:MD_BrowseGraphic,gmd:fileName,gco:CharacterString,@xmlns:gco:,,
86,gmd:MD_Metadata.gmd:identificationInfo.gmd:MD_DataIdentification.gmd:graphicOverview.gmd:MD_BrowseGraphic.gmd:fileName.gco:CharacterString.#text:!https://cat.indores.fr/geonetwork/srv/api/records/da165110-88fd-11da-a88f-000d939bc5d8/attachments/thumbnail.gif,https://cat.indores.fr/geonetwork/srv/api/records/da165110-88fd-11da-a88f-000d939bc5d8/attachments/thumbnail.gif,gmd:MD_Metadata/gmd:identificationInfo/gmd:MD_DataIdentification/gmd:graphicOverview/gmd:MD_BrowseGraphic/gmd:fileName/gco:CharacterString/#text:,gmd:identificationInfo,gmd:MD_DataIdentification,gmd:graphicOverview,gmd:MD_BrowseGraphic,gmd:fileName,gco:CharacterString,#text:,,
87,gmd:MD_Metadata.gmd:identificationInfo.gmd:MD_DataIdentification.gmd:graphicOverview.gmd:MD_BrowseGraphic.gmd:fileDescription.gco:CharacterString.@xmlns:gco:!http://www.isotc211.org/2005/gco,http://www.isotc211.org/2005/gco,gmd:MD_Metadata/gmd:identificationInfo/gmd:MD_DataIdentification/gmd:graphicOverview/gmd:MD_BrowseGraphic/gmd:fileDescription/gco:CharacterString/@xmlns:gco:,gmd:identificationInfo,gmd:MD_DataIdentification,gmd:graphicOverview,gmd:MD_BrowseGraphic,gmd:fileDescription,gco:CharacterString,@xmlns:gco:,,
88,gmd:MD_Metadata.gmd:identificationInfo.gmd:MD_DataIdentification.gmd:graphicOverview.gmd:MD_BrowseGraphic.gmd:fileDescription.gco:CharacterString.#text:!large_thumbnail,large_thumbnail,gmd:MD_Metadata/gmd:identificationInfo/gmd:MD_DataIdentification/gmd:graphicOverview/gmd:MD_BrowseGraphic/gmd:fileDescription/gco:CharacterString/#text:,gmd:identificationInfo,gmd:MD_DataIdentification,gmd:graphicOverview,gmd:MD_BrowseGraphic,gmd:fileDescription,gco:CharacterString,#text:,,
89,gmd:MD_Metadata.gmd:identificationInfo.gmd:MD_DataIdentification.gmd:graphicOverview.gmd:MD_BrowseGraphic.gmd:fileType.gco:CharacterString.@xmlns:gco:!http://www.isotc211.org/2005/gco,http://www.isotc211.org/2005/gco,gmd:MD_Metadata/gmd:identificationInfo/gmd:MD_DataIdentification/gmd:graphicOverview/gmd:MD_BrowseGraphic/gmd:fileType/gco:CharacterString/@xmlns:gco:,gmd:identificationInfo,gmd:MD_DataIdentification,gmd:graphicOverview,gmd:MD_BrowseGraphic,gmd:fileType,gco:CharacterString,@xmlns:gco:,,
90,gmd:MD_Metadata.gmd:identificationInfo.gmd:MD_DataIdentification.gmd:graphicOverview.gmd:MD_BrowseGraphic.gmd:fileType.gco:CharacterString.#text:!gif,gif,gmd:MD_Metadata/gmd:identificationInfo/gmd:MD_DataIdentification/gmd:graphicOverview/gmd:MD_BrowseGraphic/gmd:fileType/gco:CharacterString/#text:,gmd:identificationInfo,gmd:MD_DataIdentification,gmd:graphicOverview,gmd:MD_BrowseGraphic,gmd:fileType,gco:CharacterString,#text:,,
91,gmd:MD_Metadata.gmd:identificationInfo.gmd:MD_DataIdentification.gmd:descriptiveKeywords.gmd:MD_Keywords.gmd:keyword.gco:CharacterString.@xmlns:gco:!http://www.isotc211.org/2005/gco,http://www.isotc211.org/2005/gco,gmd:MD_Metadata/gmd:identificationInfo/gmd:MD_DataIdentification/gmd:descriptiveKeywords/gmd:MD_Keywords/gmd:keyword/gco:CharacterString/@xmlns:gco:,gmd:identificationInfo,gmd:MD_DataIdentification,gmd:descriptiveKeywords,gmd:MD_Keywords,gmd:keyword,gco:CharacterString,@xmlns:gco:,,
92,gmd:MD_Metadata.gmd:identificationInfo.gmd:MD_DataIdentification.gmd:descriptiveKeywords.gmd:MD_Keywords.gmd:keyword.gco:CharacterString.#text:!watersheds,watersheds,gmd:MD_Metadata/gmd:identificationInfo/gmd:MD_DataIdentification/gmd:descriptiveKeywords/gmd:MD_Keywords/gmd:keyword/gco:CharacterString/#text:,gmd:identificationInfo,gmd:MD_DataIdentification,gmd:descriptiveKeywords,gmd:MD_Keywords,gmd:keyword,gco:CharacterString,#text:,,
93,gmd:MD_Metadata.gmd:identificationInfo.gmd:MD_DataIdentification.gmd:descriptiveKeywords.gmd:MD_Keywords.gmd:keyword.gco:CharacterString.@xmlns:gco:!http://www.isotc211.org/2005/gco,http://www.isotc211.org/2005/gco,gmd:MD_Metadata/gmd:identificationInfo/gmd:MD_DataIdentification/gmd:descriptiveKeywords/gmd:MD_Keywords/gmd:keyword/gco:CharacterString/@xmlns:gco:,gmd:identificationInfo,gmd:MD_DataIdentification,gmd:descriptiveKeywords,gmd:MD_Keywords,gmd:keyword,gco:CharacterString,@xmlns:gco:,,
94,gmd:MD_Metadata.gmd:identificationInfo.gmd:MD_DataIdentification.gmd:descriptiveKeywords.gmd:MD_Keywords.gmd:keyword.gco:CharacterString.#text:!river basins,river basins,gmd:MD_Metadata/gmd:identificationInfo/gmd:MD_DataIdentification/gmd:descriptiveKeywords/gmd:MD_Keywords/gmd:keyword/gco:CharacterString/#text:,gmd:identificationInfo,gmd:MD_DataIdentification,gmd:descriptiveKeywords,gmd:MD_Keywords,gmd:keyword,gco:CharacterString,#text:,,
95,gmd:MD_Metadata.gmd:identificationInfo.gmd:MD_DataIdentification.gmd:descriptiveKeywords.gmd:MD_Keywords.gmd:keyword.gco:CharacterString.@xmlns:gco:!http://www.isotc211.org/2005/gco,http://www.isotc211.org/2005/gco,gmd:MD_Metadata/gmd:identificationInfo/gmd:MD_DataIdentification/gmd:descriptiveKeywords/gmd:MD_Keywords/gmd:keyword/gco:CharacterString/@xmlns:gco:,gmd:identificationInfo,gmd:MD_DataIdentification,gmd:descriptiveKeywords,gmd:MD_Keywords,gmd:keyword,gco:CharacterString,@xmlns:gco:,,
96,gmd:MD_Metadata.gmd:identificationInfo.gmd:MD_DataIdentification.gmd:descriptiveKeywords.gmd:MD_Keywords.gmd:keyword.gco:CharacterString.#text:!water resources,water resources,gmd:MD_Metadata/gmd:identificationInfo/gmd:MD_DataIdentification/gmd:descriptiveKeywords/gmd:MD_Keywords/gmd:keyword/gco:CharacterString/#text:,gmd:identificationInfo,gmd:MD_DataIdentification,gmd:descriptiveKeywords,gmd:MD_Keywords,gmd:keyword,gco:CharacterString,#text:,,
97,gmd:MD_Metadata.gmd:identificationInfo.gmd:MD_DataIdentification.gmd:descriptiveKeywords.gmd:MD_Keywords.gmd:keyword.gco:CharacterString.@xmlns:gco:!http://www.isotc211.org/2005/gco,http://www.isotc211.org/2005/gco,gmd:MD_Metadata/gmd:identificationInfo/gmd:MD_DataIdentification/gmd:descriptiveKeywords/gmd:MD_Keywords/gmd:keyword/gco:CharacterString/@xmlns:gco:,gmd:identificationInfo,gmd:MD_DataIdentification,gmd:descriptiveKeywords,gmd:MD_Keywords,gmd:keyword,gco:CharacterString,@xmlns:gco:,,
98,gmd:MD_Metadata.gmd:identificationInfo.gmd:MD_DataIdentification.gmd:descriptiveKeywords.gmd:MD_Keywords.gmd:keyword.gco:CharacterString.#text:!hydrology,hydrology,gmd:MD_Metadata/gmd:identificationInfo/gmd:MD_DataIdentification/gmd:descriptiveKeywords/gmd:MD_Keywords/gmd:keyword/gco:CharacterString/#text:,gmd:identificationInfo,gmd:MD_DataIdentification,gmd:descriptiveKeywords,gmd:MD_Keywords,gmd:keyword,gco:CharacterString,#text:,,
99,gmd:MD_Metadata.gmd:identificationInfo.gmd:MD_DataIdentification.gmd:descriptiveKeywords.gmd:MD_Keywords.gmd:keyword.gco:CharacterString.@xmlns:gco:!http://www.isotc211.org/2005/gco,http://www.isotc211.org/2005/gco,gmd:MD_Metadata/gmd:identificationInfo/gmd:MD_DataIdentification/gmd:descriptiveKeywords/gmd:MD_Keywords/gmd:keyword/gco:CharacterString/@xmlns:gco:,gmd:identificationInfo,gmd:MD_DataIdentification,gmd:descriptiveKeywords,gmd:MD_Keywords,gmd:keyword,gco:CharacterString,@xmlns:gco:,,
100,gmd:MD_Metadata.gmd:identificationInfo.gmd:MD_DataIdentification.gmd:descriptiveKeywords.gmd:MD_Keywords.gmd:keyword.gco:CharacterString.#text:!AQUASTAT,AQUASTAT,gmd:MD_Metadata/gmd:identificationInfo/gmd:MD_DataIdentification/gmd:descriptiveKeywords/gmd:MD_Keywords/gmd:keyword/gco:CharacterString/#text:,gmd:identificationInfo,gmd:MD_DataIdentification,gmd:descriptiveKeywords,gmd:MD_Keywords,gmd:keyword,gco:CharacterString,#text:,,
101,gmd:MD_Metadata.gmd:identificationInfo.gmd:MD_DataIdentification.gmd:descriptiveKeywords.gmd:MD_Keywords.gmd:keyword.gco:CharacterString.@xmlns:gco:!http://www.isotc211.org/2005/gco,http://www.isotc211.org/2005/gco,gmd:MD_Metadata/gmd:identificationInfo/gmd:MD_DataIdentification/gmd:descriptiveKeywords/gmd:MD_Keywords/gmd:keyword/gco:CharacterString/@xmlns:gco:,gmd:identificationInfo,gmd:MD_DataIdentification,gmd:descriptiveKeywords,gmd:MD_Keywords,gmd:keyword,gco:CharacterString,@xmlns:gco:,,
102,gmd:MD_Metadata.gmd:identificationInfo.gmd:MD_DataIdentification.gmd:descriptiveKeywords.gmd:MD_Keywords.gmd:keyword.gco:CharacterString.#text:!AWRD,AWRD,gmd:MD_Metadata/gmd:identificationInfo/gmd:MD_DataIdentification/gmd:descriptiveKeywords/gmd:MD_Keywords/gmd:keyword/gco:CharacterString/#text:,gmd:identificationInfo,gmd:MD_DataIdentification,gmd:descriptiveKeywords,gmd:MD_Keywords,gmd:keyword,gco:CharacterString,#text:,,
103,gmd:MD_Metadata.gmd:identificationInfo.gmd:MD_DataIdentification.gmd:descriptiveKeywords.gmd:MD_Keywords.gmd:type.gmd:MD_KeywordTypeCode.@codeList:!http://standards.iso.org/iso/19139/resources/gmxCodelists.xml#MD_KeywordTypeCode,http://standards.iso.org/iso/19139/resources/gmxCodelists.xml#MD_KeywordTypeCode,gmd:MD_Metadata/gmd:identificationInfo/gmd:MD_DataIdentification/gmd:descriptiveKeywords/gmd:MD_Keywords/gmd:type/gmd:MD_KeywordTypeCode/@codeList:,gmd:identificationInfo,gmd:MD_DataIdentification,gmd:descriptiveKeywords,gmd:MD_Keywords,gmd:type,gmd:MD_KeywordTypeCode,@codeList:,,
104,gmd:MD_Metadata.gmd:identificationInfo.gmd:MD_DataIdentification.gmd:descriptiveKeywords.gmd:MD_Keywords.gmd:type.gmd:MD_KeywordTypeCode.@codeListValue:!theme,theme,gmd:MD_Metadata/gmd:identificationInfo/gmd:MD_DataIdentification/gmd:descriptiveKeywords/gmd:MD_Keywords/gmd:type/gmd:MD_KeywordTypeCode/@codeListValue:,gmd:identificationInfo,gmd:MD_DataIdentification,gmd:descriptiveKeywords,gmd:MD_Keywords,gmd:type,gmd:MD_KeywordTypeCode,@codeListValue:,,
105,gmd:MD_Metadata.gmd:identificationInfo.gmd:MD_DataIdentification.gmd:descriptiveKeywords.gmd:MD_Keywords.gmd:keyword.gco:CharacterString.@xmlns:gco:!http://www.isotc211.org/2005/gco,http://www.isotc211.org/2005/gco,gmd:MD_Metadata/gmd:identificationInfo/gmd:MD_DataIdentification/gmd:descriptiveKeywords/gmd:MD_Keywords/gmd:keyword/gco:CharacterString/@xmlns:gco:,gmd:identificationInfo,gmd:MD_DataIdentification,gmd:descriptiveKeywords,gmd:MD_Keywords,gmd:keyword,gco:CharacterString,@xmlns:gco:,,
106,gmd:MD_Metadata.gmd:identificationInfo.gmd:MD_DataIdentification.gmd:descriptiveKeywords.gmd:MD_Keywords.gmd:keyword.gco:CharacterString.#text:!Africa,Africa,gmd:MD_Metadata/gmd:identificationInfo/gmd:MD_DataIdentification/gmd:descriptiveKeywords/gmd:MD_Keywords/gmd:keyword/gco:CharacterString/#text:,gmd:identificationInfo,gmd:MD_DataIdentification,gmd:descriptiveKeywords,gmd:MD_Keywords,gmd:keyword,gco:CharacterString,#text:,,
107,gmd:MD_Metadata.gmd:identificationInfo.gmd:MD_DataIdentification.gmd:descriptiveKeywords.gmd:MD_Keywords.gmd:type.gmd:MD_KeywordTypeCode.@codeList:!http://standards.iso.org/iso/19139/resources/gmxCodelists.xml#MD_KeywordTypeCode,http://standards.iso.org/iso/19139/resources/gmxCodelists.xml#MD_KeywordTypeCode,gmd:MD_Metadata/gmd:identificationInfo/gmd:MD_DataIdentification/gmd:descriptiveKeywords/gmd:MD_Keywords/gmd:type/gmd:MD_KeywordTypeCode/@codeList:,gmd:identificationInfo,gmd:MD_DataIdentification,gmd:descriptiveKeywords,gmd:MD_Keywords,gmd:type,gmd:MD_KeywordTypeCode,@codeList:,,
108,gmd:MD_Metadata.gmd:identificationInfo.gmd:MD_DataIdentification.gmd:descriptiveKeywords.gmd:MD_Keywords.gmd:type.gmd:MD_KeywordTypeCode.@codeListValue:!place,place,gmd:MD_Metadata/gmd:identificationInfo/gmd:MD_DataIdentification/gmd:descriptiveKeywords/gmd:MD_Keywords/gmd:type/gmd:MD_KeywordTypeCode/@codeListValue:,gmd:identificationInfo,gmd:MD_DataIdentification,gmd:descriptiveKeywords,gmd:MD_Keywords,gmd:type,gmd:MD_KeywordTypeCode,@codeListValue:,,
109,gmd:MD_Metadata.gmd:identificationInfo.gmd:MD_DataIdentification.gmd:resourceConstraints.gmd:MD_Constraints.gmd:useLimitation.@xmlns:gco:!http://www.isotc211.org/2005/gco,http://www.isotc211.org/2005/gco,gmd:MD_Metadata/gmd:identificationInfo/gmd:MD_DataIdentification/gmd:resourceConstraints/gmd:MD_Constraints/gmd:useLimitation/@xmlns:gco:,gmd:identificationInfo,gmd:MD_DataIdentification,gmd:resourceConstraints,gmd:MD_Constraints,gmd:useLimitation,@xmlns:gco:,,,
110,gmd:MD_Metadata.gmd:identificationInfo.gmd:MD_DataIdentification.gmd:resourceConstraints.gmd:MD_Constraints.gmd:useLimitation.@gco:nilReason:!missing,missing,gmd:MD_Metadata/gmd:identificationInfo/gmd:MD_DataIdentification/gmd:resourceConstraints/gmd:MD_Constraints/gmd:useLimitation/@gco:nilReason:,gmd:identificationInfo,gmd:MD_DataIdentification,gmd:resourceConstraints,gmd:MD_Constraints,gmd:useLimitation,@gco:nilReason:,,,
111,gmd:MD_Metadata.gmd:identificationInfo.gmd:MD_DataIdentification.gmd:resourceConstraints.gmd:MD_Constraints.gmd:useLimitation.gco:CharacterString:!None,None,gmd:MD_Metadata/gmd:identificationInfo/gmd:MD_DataIdentification/gmd:resourceConstraints/gmd:MD_Constraints/gmd:useLimitation/gco:CharacterString:,gmd:identificationInfo,gmd:MD_DataIdentification,gmd:resourceConstraints,gmd:MD_Constraints,gmd:useLimitation,gco:CharacterString:,,,
112,gmd:MD_Metadata.gmd:identificationInfo.gmd:MD_DataIdentification.gmd:spatialRepresentationType.gmd:MD_SpatialRepresentationTypeCode.@codeList:!http://standards.iso.org/iso/19139/resources/gmxCodelists.xml#MD_SpatialRepresentationTypeCode,http://standards.iso.org/iso/19139/resources/gmxCodelists.xml#MD_SpatialRepresentationTypeCode,gmd:MD_Metadata/gmd:identificationInfo/gmd:MD_DataIdentification/gmd:spatialRepresentationType/gmd:MD_SpatialRepresentationTypeCode/@codeList:,gmd:identificationInfo,gmd:MD_DataIdentification,gmd:spatialRepresentationType,gmd:MD_SpatialRepresentationTypeCode,@codeList:,,,,
113,gmd:MD_Metadata.gmd:identificationInfo.gmd:MD_DataIdentification.gmd:spatialRepresentationType.gmd:MD_SpatialRepresentationTypeCode.@codeListValue:!vector,vector,gmd:MD_Metadata/gmd:identificationInfo/gmd:MD_DataIdentification/gmd:spatialRepresentationType/gmd:MD_SpatialRepresentationTypeCode/@codeListValue:,gmd:identificationInfo,gmd:MD_DataIdentification,gmd:spatialRepresentationType,gmd:MD_SpatialRepresentationTypeCode,@codeListValue:,,,,
114,gmd:MD_Metadata.gmd:identificationInfo.gmd:MD_DataIdentification.gmd:spatialResolution.gmd:MD_Resolution.gmd:equivalentScale.gmd:MD_RepresentativeFraction.gmd:denominator.gco:Integer.@xmlns:gco:!http://www.isotc211.org/2005/gco,http://www.isotc211.org/2005/gco,gmd:MD_Metadata/gmd:identificationInfo/gmd:MD_DataIdentification/gmd:spatialResolution/gmd:MD_Resolution/gmd:equivalentScale/gmd:MD_RepresentativeFraction/gmd:denominator/gco:Integer/@xmlns:gco:,gmd:identificationInfo,gmd:MD_DataIdentification,gmd:spatialResolution,gmd:MD_Resolution,gmd:equivalentScale,gmd:MD_RepresentativeFraction,gmd:denominator,gco:Integer,@xmlns:gco:
115,gmd:MD_Metadata.gmd:identificationInfo.gmd:MD_DataIdentification.gmd:spatialResolution.gmd:MD_Resolution.gmd:equivalentScale.gmd:MD_RepresentativeFraction.gmd:denominator.gco:Integer.#text:!5000000,5000000,gmd:MD_Metadata/gmd:identificationInfo/gmd:MD_DataIdentification/gmd:spatialResolution/gmd:MD_Resolution/gmd:equivalentScale/gmd:MD_RepresentativeFraction/gmd:denominator/gco:Integer/#text:,gmd:identificationInfo,gmd:MD_DataIdentification,gmd:spatialResolution,gmd:MD_Resolution,gmd:equivalentScale,gmd:MD_RepresentativeFraction,gmd:denominator,gco:Integer,#text:
116,gmd:MD_Metadata.gmd:identificationInfo.gmd:MD_DataIdentification.gmd:language.gco:CharacterString.@xmlns:gco:!http://www.isotc211.org/2005/gco,http://www.isotc211.org/2005/gco,gmd:MD_Metadata/gmd:identificationInfo/gmd:MD_DataIdentification/gmd:language/gco:CharacterString/@xmlns:gco:,gmd:identificationInfo,gmd:MD_DataIdentification,gmd:language,gco:CharacterString,@xmlns:gco:,,,,
117,gmd:MD_Metadata.gmd:identificationInfo.gmd:MD_DataIdentification.gmd:language.gco:CharacterString.#text:!eng,eng,gmd:MD_Metadata/gmd:identificationInfo/gmd:MD_DataIdentification/gmd:language/gco:CharacterString/#text:,gmd:identificationInfo,gmd:MD_DataIdentification,gmd:language,gco:CharacterString,#text:,,,,
118,gmd:MD_Metadata.gmd:identificationInfo.gmd:MD_DataIdentification.gmd:characterSet.gmd:MD_CharacterSetCode.@codeList:!http://standards.iso.org/iso/19139/resources/gmxCodelists.xml#MD_CharacterSetCode,http://standards.iso.org/iso/19139/resources/gmxCodelists.xml#MD_CharacterSetCode,gmd:MD_Metadata/gmd:identificationInfo/gmd:MD_DataIdentification/gmd:characterSet/gmd:MD_CharacterSetCode/@codeList:,gmd:identificationInfo,gmd:MD_DataIdentification,gmd:characterSet,gmd:MD_CharacterSetCode,@codeList:,,,,
119,gmd:MD_Metadata.gmd:identificationInfo.gmd:MD_DataIdentification.gmd:characterSet.gmd:MD_CharacterSetCode.@codeListValue:!utf8,utf8,gmd:MD_Metadata/gmd:identificationInfo/gmd:MD_DataIdentification/gmd:characterSet/gmd:MD_CharacterSetCode/@codeListValue:,gmd:identificationInfo,gmd:MD_DataIdentification,gmd:characterSet,gmd:MD_CharacterSetCode,@codeListValue:,,,,
120,gmd:MD_Metadata.gmd:identificationInfo.gmd:MD_DataIdentification.gmd:topicCategory.gmd:MD_TopicCategoryCode:!inlandWaters,inlandWaters,gmd:MD_Metadata/gmd:identificationInfo/gmd:MD_DataIdentification/gmd:topicCategory/gmd:MD_TopicCategoryCode:,gmd:identificationInfo,gmd:MD_DataIdentification,gmd:topicCategory,gmd:MD_TopicCategoryCode:,,,,,
121,gmd:MD_Metadata.gmd:identificationInfo.gmd:MD_DataIdentification.gmd:extent.gmd:EX_Extent.gmd:temporalElement.gmd:EX_TemporalExtent.gmd:extent.gml:TimePeriod.@xmlns:gml:!http://www.opengis.net/gml,http://www.opengis.net/gml,gmd:MD_Metadata/gmd:identificationInfo/gmd:MD_DataIdentification/gmd:extent/gmd:EX_Extent/gmd:temporalElement/gmd:EX_TemporalExtent/gmd:extent/gml:TimePeriod/@xmlns:gml:,gmd:identificationInfo,gmd:MD_DataIdentification,gmd:extent,gmd:EX_Extent,gmd:temporalElement,gmd:EX_TemporalExtent,gmd:extent,gml:TimePeriod,@xmlns:gml:
122,gmd:MD_Metadata.gmd:identificationInfo.gmd:MD_DataIdentification.gmd:extent.gmd:EX_Extent.gmd:temporalElement.gmd:EX_TemporalExtent.gmd:extent.gml:TimePeriod.@gml:id:!timeperiod1,timeperiod1,gmd:MD_Metadata/gmd:identificationInfo/gmd:MD_DataIdentification/gmd:extent/gmd:EX_Extent/gmd:temporalElement/gmd:EX_TemporalExtent/gmd:extent/gml:TimePeriod/@gml:id:,gmd:identificationInfo,gmd:MD_DataIdentification,gmd:extent,gmd:EX_Extent,gmd:temporalElement,gmd:EX_TemporalExtent,gmd:extent,gml:TimePeriod,@gml:id:
123,gmd:MD_Metadata.gmd:identificationInfo.gmd:MD_DataIdentification.gmd:extent.gmd:EX_Extent.gmd:temporalElement.gmd:EX_TemporalExtent.gmd:extent.gml:TimePeriod.gml:beginPosition:!2006-01-01T04:29:00,2006-01-01T04:29:00,gmd:MD_Metadata/gmd:identificationInfo/gmd:MD_DataIdentification/gmd:extent/gmd:EX_Extent/gmd:temporalElement/gmd:EX_TemporalExtent/gmd:extent/gml:TimePeriod/gml:beginPosition:,gmd:identificationInfo,gmd:MD_DataIdentification,gmd:extent,gmd:EX_Extent,gmd:temporalElement,gmd:EX_TemporalExtent,gmd:extent,gml:TimePeriod,gml:beginPosition:
124,gmd:MD_Metadata.gmd:identificationInfo.gmd:MD_DataIdentification.gmd:extent.gmd:EX_Extent.gmd:temporalElement.gmd:EX_TemporalExtent.gmd:extent.gml:TimePeriod.gml:endPosition:!2008-01-08T04:29:00,2008-01-08T04:29:00,gmd:MD_Metadata/gmd:identificationInfo/gmd:MD_DataIdentification/gmd:extent/gmd:EX_Extent/gmd:temporalElement/gmd:EX_TemporalExtent/gmd:extent/gml:TimePeriod/gml:endPosition:,gmd:identificationInfo,gmd:MD_DataIdentification,gmd:extent,gmd:EX_Extent,gmd:temporalElement,gmd:EX_TemporalExtent,gmd:extent,gml:TimePeriod,gml:endPosition:
125,gmd:MD_Metadata.gmd:identificationInfo.gmd:MD_DataIdentification.gmd:extent.gmd:EX_Extent.gmd:geographicElement.gmd:EX_GeographicBoundingBox.gmd:westBoundLongitude.gco:Decimal.@xmlns:gco:!http://www.isotc211.org/2005/gco,http://www.isotc211.org/2005/gco,gmd:MD_Metadata/gmd:identificationInfo/gmd:MD_DataIdentification/gmd:extent/gmd:EX_Extent/gmd:geographicElement/gmd:EX_GeographicBoundingBox/gmd:westBoundLongitude/gco:Decimal/@xmlns:gco:,gmd:identificationInfo,gmd:MD_DataIdentification,gmd:extent,gmd:EX_Extent,gmd:geographicElement,gmd:EX_GeographicBoundingBox,gmd:westBoundLongitude,gco:Decimal,@xmlns:gco:
126,gmd:MD_Metadata.gmd:identificationInfo.gmd:MD_DataIdentification.gmd:extent.gmd:EX_Extent.gmd:geographicElement.gmd:EX_GeographicBoundingBox.gmd:westBoundLongitude.gco:Decimal.#text:!-17.3,-17.3,gmd:MD_Metadata/gmd:identificationInfo/gmd:MD_DataIdentification/gmd:extent/gmd:EX_Extent/gmd:geographicElement/gmd:EX_GeographicBoundingBox/gmd:westBoundLongitude/gco:Decimal/#text:,gmd:identificationInfo,gmd:MD_DataIdentification,gmd:extent,gmd:EX_Extent,gmd:geographicElement,gmd:EX_GeographicBoundingBox,gmd:westBoundLongitude,gco:Decimal,#text:
127,gmd:MD_Metadata.gmd:identificationInfo.gmd:MD_DataIdentification.gmd:extent.gmd:EX_Extent.gmd:geographicElement.gmd:EX_GeographicBoundingBox.gmd:eastBoundLongitude.gco:Decimal.@xmlns:gco:!http://www.isotc211.org/2005/gco,http://www.isotc211.org/2005/gco,gmd:MD_Metadata/gmd:identificationInfo/gmd:MD_DataIdentification/gmd:extent/gmd:EX_Extent/gmd:geographicElement/gmd:EX_GeographicBoundingBox/gmd:eastBoundLongitude/gco:Decimal/@xmlns:gco:,gmd:identificationInfo,gmd:MD_DataIdentification,gmd:extent,gmd:EX_Extent,gmd:geographicElement,gmd:EX_GeographicBoundingBox,gmd:eastBoundLongitude,gco:Decimal,@xmlns:gco:
128,gmd:MD_Metadata.gmd:identificationInfo.gmd:MD_DataIdentification.gmd:extent.gmd:EX_Extent.gmd:geographicElement.gmd:EX_GeographicBoundingBox.gmd:eastBoundLongitude.gco:Decimal.#text:!51.1,51.1,gmd:MD_Metadata/gmd:identificationInfo/gmd:MD_DataIdentification/gmd:extent/gmd:EX_Extent/gmd:geographicElement/gmd:EX_GeographicBoundingBox/gmd:eastBoundLongitude/gco:Decimal/#text:,gmd:identificationInfo,gmd:MD_DataIdentification,gmd:extent,gmd:EX_Extent,gmd:geographicElement,gmd:EX_GeographicBoundingBox,gmd:eastBoundLongitude,gco:Decimal,#text:
129,gmd:MD_Metadata.gmd:identificationInfo.gmd:MD_DataIdentification.gmd:extent.gmd:EX_Extent.gmd:geographicElement.gmd:EX_GeographicBoundingBox.gmd:southBoundLatitude.gco:Decimal.@xmlns:gco:!http://www.isotc211.org/2005/gco,http://www.isotc211.org/2005/gco,gmd:MD_Metadata/gmd:identificationInfo/gmd:MD_DataIdentification/gmd:extent/gmd:EX_Extent/gmd:geographicElement/gmd:EX_GeographicBoundingBox/gmd:southBoundLatitude/gco:Decimal/@xmlns:gco:,gmd:identificationInfo,gmd:MD_DataIdentification,gmd:extent,gmd:EX_Extent,gmd:geographicElement,gmd:EX_GeographicBoundingBox,gmd:southBoundLatitude,gco:Decimal,@xmlns:gco:
130,gmd:MD_Metadata.gmd:identificationInfo.gmd:MD_DataIdentification.gmd:extent.gmd:EX_Extent.gmd:geographicElement.gmd:EX_GeographicBoundingBox.gmd:southBoundLatitude.gco:Decimal.#text:!-34.6,-34.6,gmd:MD_Metadata/gmd:identificationInfo/gmd:MD_DataIdentification/gmd:extent/gmd:EX_Extent/gmd:geographicElement/gmd:EX_GeographicBoundingBox/gmd:southBoundLatitude/gco:Decimal/#text:,gmd:identificationInfo,gmd:MD_DataIdentification,gmd:extent,gmd:EX_Extent,gmd:geographicElement,gmd:EX_GeographicBoundingBox,gmd:southBoundLatitude,gco:Decimal,#text:
131,gmd:MD_Metadata.gmd:identificationInfo.gmd:MD_DataIdentification.gmd:extent.gmd:EX_Extent.gmd:geographicElement.gmd:EX_GeographicBoundingBox.gmd:northBoundLatitude.gco:Decimal.@xmlns:gco:!http://www.isotc211.org/2005/gco,http://www.isotc211.org/2005/gco,gmd:MD_Metadata/gmd:identificationInfo/gmd:MD_DataIdentification/gmd:extent/gmd:EX_Extent/gmd:geographicElement/gmd:EX_GeographicBoundingBox/gmd:northBoundLatitude/gco:Decimal/@xmlns:gco:,gmd:identificationInfo,gmd:MD_DataIdentification,gmd:extent,gmd:EX_Extent,gmd:geographicElement,gmd:EX_GeographicBoundingBox,gmd:northBoundLatitude,gco:Decimal,@xmlns:gco:
132,gmd:MD_Metadata.gmd:identificationInfo.gmd:MD_DataIdentification.gmd:extent.gmd:EX_Extent.gmd:geographicElement.gmd:EX_GeographicBoundingBox.gmd:northBoundLatitude.gco:Decimal.#text:!38.2,38.2,gmd:MD_Metadata/gmd:identificationInfo/gmd:MD_DataIdentification/gmd:extent/gmd:EX_Extent/gmd:geographicElement/gmd:EX_GeographicBoundingBox/gmd:northBoundLatitude/gco:Decimal/#text:,gmd:identificationInfo,gmd:MD_DataIdentification,gmd:extent,gmd:EX_Extent,gmd:geographicElement,gmd:EX_GeographicBoundingBox,gmd:northBoundLatitude,gco:Decimal,#text:
133,gmd:MD_Metadata.gmd:identificationInfo.gmd:MD_DataIdentification.gmd:supplementalInformation.gco:CharacterString.@xmlns:gco:!http://www.isotc211.org/2005/gco,http://www.isotc211.org/2005/gco,gmd:MD_Metadata/gmd:identificationInfo/gmd:MD_DataIdentification/gmd:supplementalInformation/gco:CharacterString/@xmlns:gco:,gmd:identificationInfo,gmd:MD_DataIdentification,gmd:supplementalInformation,gco:CharacterString,@xmlns:gco:,,,,
134,gmd:MD_Metadata.gmd:identificationInfo.gmd:MD_DataIdentification.gmd:supplementalInformation.gco:CharacterString.#text:!You can customize the template to suit your needs. You can add and remove fields and fill out default information (e.g. contact details). Fields you can not change in the default view may be accessible in the more comprehensive (and more complex) advanced view. You can even use the XML editor to create custom structures,You can customize the template to suit your needs. You can add and remove fields and fill out default information (e.g. contact details). Fields you can not change in the default view may be accessible in the more comprehensive (and more complex) advanced view. You can even use the XML editor to create custom structures,gmd:MD_Metadata/gmd:identificationInfo/gmd:MD_DataIdentification/gmd:supplementalInformation/gco:CharacterString/#text:,gmd:identificationInfo,gmd:MD_DataIdentification,gmd:supplementalInformation,gco:CharacterString,#text:,,,,
135, but they have to be validated by the system,, but they have to be validated by the system,,,,,,,,,
136, so know what you do :-),, so know what you do :-),,,,,,,,,
137,gmd:MD_Metadata.gmd:distributionInfo.gmd:MD_Distribution.gmd:distributionFormat.gmd:MD_Format.gmd:name.gco:CharacterString.@xmlns:gco:!http://www.isotc211.org/2005/gco,http://www.isotc211.org/2005/gco,gmd:MD_Metadata/gmd:distributionInfo/gmd:MD_Distribution/gmd:distributionFormat/gmd:MD_Format/gmd:name/gco:CharacterString/@xmlns:gco:,gmd:distributionInfo,gmd:MD_Distribution,gmd:distributionFormat,gmd:MD_Format,gmd:name,gco:CharacterString,@xmlns:gco:,,
138,gmd:MD_Metadata.gmd:distributionInfo.gmd:MD_Distribution.gmd:distributionFormat.gmd:MD_Format.gmd:name.gco:CharacterString.#text:!ShapeFile,ShapeFile,gmd:MD_Metadata/gmd:distributionInfo/gmd:MD_Distribution/gmd:distributionFormat/gmd:MD_Format/gmd:name/gco:CharacterString/#text:,gmd:distributionInfo,gmd:MD_Distribution,gmd:distributionFormat,gmd:MD_Format,gmd:name,gco:CharacterString,#text:,,
139,gmd:MD_Metadata.gmd:distributionInfo.gmd:MD_Distribution.gmd:distributionFormat.gmd:MD_Format.gmd:version.gco:CharacterString.@xmlns:gco:!http://www.isotc211.org/2005/gco,http://www.isotc211.org/2005/gco,gmd:MD_Metadata/gmd:distributionInfo/gmd:MD_Distribution/gmd:distributionFormat/gmd:MD_Format/gmd:version/gco:CharacterString/@xmlns:gco:,gmd:distributionInfo,gmd:MD_Distribution,gmd:distributionFormat,gmd:MD_Format,gmd:version,gco:CharacterString,@xmlns:gco:,,
140,gmd:MD_Metadata.gmd:distributionInfo.gmd:MD_Distribution.gmd:distributionFormat.gmd:MD_Format.gmd:version.gco:CharacterString.#text:!Grass Version 6.1,Grass Version 6.1,gmd:MD_Metadata/gmd:distributionInfo/gmd:MD_Distribution/gmd:distributionFormat/gmd:MD_Format/gmd:version/gco:CharacterString/#text:,gmd:distributionInfo,gmd:MD_Distribution,gmd:distributionFormat,gmd:MD_Format,gmd:version,gco:CharacterString,#text:,,
141,gmd:MD_Metadata.gmd:distributionInfo.gmd:MD_Distribution.gmd:transferOptions.gmd:MD_DigitalTransferOptions.gmd:onLine.gmd:CI_OnlineResource.gmd:linkage.gmd:URL:!http://www.fao.org/ag/AGL/aglw/aquastat/watresafrica/index.stm,http://www.fao.org/ag/AGL/aglw/aquastat/watresafrica/index.stm,gmd:MD_Metadata/gmd:distributionInfo/gmd:MD_Distribution/gmd:transferOptions/gmd:MD_DigitalTransferOptions/gmd:onLine/gmd:CI_OnlineResource/gmd:linkage/gmd:URL:,gmd:distributionInfo,gmd:MD_Distribution,gmd:transferOptions,gmd:MD_DigitalTransferOptions,gmd:onLine,gmd:CI_OnlineResource,gmd:linkage,gmd:URL:,
142,gmd:MD_Metadata.gmd:distributionInfo.gmd:MD_Distribution.gmd:transferOptions.gmd:MD_DigitalTransferOptions.gmd:onLine.gmd:CI_OnlineResource.gmd:protocol.gco:CharacterString.@xmlns:gco:!http://www.isotc211.org/2005/gco,http://www.isotc211.org/2005/gco,gmd:MD_Metadata/gmd:distributionInfo/gmd:MD_Distribution/gmd:transferOptions/gmd:MD_DigitalTransferOptions/gmd:onLine/gmd:CI_OnlineResource/gmd:protocol/gco:CharacterString/@xmlns:gco:,gmd:distributionInfo,gmd:MD_Distribution,gmd:transferOptions,gmd:MD_DigitalTransferOptions,gmd:onLine,gmd:CI_OnlineResource,gmd:protocol,gco:CharacterString,@xmlns:gco:
143,gmd:MD_Metadata.gmd:distributionInfo.gmd:MD_Distribution.gmd:transferOptions.gmd:MD_DigitalTransferOptions.gmd:onLine.gmd:CI_OnlineResource.gmd:protocol.gco:CharacterString.#text:!WWW:LINK-1.0-http--link,WWW:LINK-1.0-http--link,gmd:MD_Metadata/gmd:distributionInfo/gmd:MD_Distribution/gmd:transferOptions/gmd:MD_DigitalTransferOptions/gmd:onLine/gmd:CI_OnlineResource/gmd:protocol/gco:CharacterString/#text:,gmd:distributionInfo,gmd:MD_Distribution,gmd:transferOptions,gmd:MD_DigitalTransferOptions,gmd:onLine,gmd:CI_OnlineResource,gmd:protocol,gco:CharacterString,#text:
144,gmd:MD_Metadata.gmd:distributionInfo.gmd:MD_Distribution.gmd:transferOptions.gmd:MD_DigitalTransferOptions.gmd:onLine.gmd:CI_OnlineResource.gmd:name.@xmlns:gco:!http://www.isotc211.org/2005/gco,http://www.isotc211.org/2005/gco,gmd:MD_Metadata/gmd:distributionInfo/gmd:MD_Distribution/gmd:transferOptions/gmd:MD_DigitalTransferOptions/gmd:onLine/gmd:CI_OnlineResource/gmd:name/@xmlns:gco:,gmd:distributionInfo,gmd:MD_Distribution,gmd:transferOptions,gmd:MD_DigitalTransferOptions,gmd:onLine,gmd:CI_OnlineResource,gmd:name,@xmlns:gco:,
145,gmd:MD_Metadata.gmd:distributionInfo.gmd:MD_Distribution.gmd:transferOptions.gmd:MD_DigitalTransferOptions.gmd:onLine.gmd:CI_OnlineResource.gmd:name.@gco:nilReason:!missing,missing,gmd:MD_Metadata/gmd:distributionInfo/gmd:MD_Distribution/gmd:transferOptions/gmd:MD_DigitalTransferOptions/gmd:onLine/gmd:CI_OnlineResource/gmd:name/@gco:nilReason:,gmd:distributionInfo,gmd:MD_Distribution,gmd:transferOptions,gmd:MD_DigitalTransferOptions,gmd:onLine,gmd:CI_OnlineResource,gmd:name,@gco:nilReason:,
146,gmd:MD_Metadata.gmd:distributionInfo.gmd:MD_Distribution.gmd:transferOptions.gmd:MD_DigitalTransferOptions.gmd:onLine.gmd:CI_OnlineResource.gmd:name.gco:CharacterString:!None,None,gmd:MD_Metadata/gmd:distributionInfo/gmd:MD_Distribution/gmd:transferOptions/gmd:MD_DigitalTransferOptions/gmd:onLine/gmd:CI_OnlineResource/gmd:name/gco:CharacterString:,gmd:distributionInfo,gmd:MD_Distribution,gmd:transferOptions,gmd:MD_DigitalTransferOptions,gmd:onLine,gmd:CI_OnlineResource,gmd:name,gco:CharacterString:,
147,gmd:MD_Metadata.gmd:distributionInfo.gmd:MD_Distribution.gmd:transferOptions.gmd:MD_DigitalTransferOptions.gmd:onLine.gmd:CI_OnlineResource.gmd:description.gco:CharacterString.@xmlns:gco:!http://www.isotc211.org/2005/gco,http://www.isotc211.org/2005/gco,gmd:MD_Metadata/gmd:distributionInfo/gmd:MD_Distribution/gmd:transferOptions/gmd:MD_DigitalTransferOptions/gmd:onLine/gmd:CI_OnlineResource/gmd:description/gco:CharacterString/@xmlns:gco:,gmd:distributionInfo,gmd:MD_Distribution,gmd:transferOptions,gmd:MD_DigitalTransferOptions,gmd:onLine,gmd:CI_OnlineResource,gmd:description,gco:CharacterString,@xmlns:gco:
148,gmd:MD_Metadata.gmd:distributionInfo.gmd:MD_Distribution.gmd:transferOptions.gmd:MD_DigitalTransferOptions.gmd:onLine.gmd:CI_OnlineResource.gmd:description.gco:CharacterString.#text:!Online link to the  'Water Resources and Irrigation in Africa'- website,Online link to the  'Water Resources and Irrigation in Africa'- website,gmd:MD_Metadata/gmd:distributionInfo/gmd:MD_Distribution/gmd:transferOptions/gmd:MD_DigitalTransferOptions/gmd:onLine/gmd:CI_OnlineResource/gmd:description/gco:CharacterString/#text:,gmd:distributionInfo,gmd:MD_Distribution,gmd:transferOptions,gmd:MD_DigitalTransferOptions,gmd:onLine,gmd:CI_OnlineResource,gmd:description,gco:CharacterString,#text:
149,gmd:MD_Metadata.gmd:distributionInfo.gmd:MD_Distribution.gmd:transferOptions.gmd:MD_DigitalTransferOptions.gmd:onLine.gmd:CI_OnlineResource.gmd:linkage.gmd:URL:!https://cat.indores.fr/geonetwork/srv/api/records/da165110-88fd-11da-a88f-000d939bc5d8/attachments/basins.zip,https://cat.indores.fr/geonetwork/srv/api/records/da165110-88fd-11da-a88f-000d939bc5d8/attachments/basins.zip,gmd:MD_Metadata/gmd:distributionInfo/gmd:MD_Distribution/gmd:transferOptions/gmd:MD_DigitalTransferOptions/gmd:onLine/gmd:CI_OnlineResource/gmd:linkage/gmd:URL:,gmd:distributionInfo,gmd:MD_Distribution,gmd:transferOptions,gmd:MD_DigitalTransferOptions,gmd:onLine,gmd:CI_OnlineResource,gmd:linkage,gmd:URL:,
150,gmd:MD_Metadata.gmd:distributionInfo.gmd:MD_Distribution.gmd:transferOptions.gmd:MD_DigitalTransferOptions.gmd:onLine.gmd:CI_OnlineResource.gmd:protocol.gco:CharacterString.@xmlns:gco:!http://www.isotc211.org/2005/gco,http://www.isotc211.org/2005/gco,gmd:MD_Metadata/gmd:distributionInfo/gmd:MD_Distribution/gmd:transferOptions/gmd:MD_DigitalTransferOptions/gmd:onLine/gmd:CI_OnlineResource/gmd:protocol/gco:CharacterString/@xmlns:gco:,gmd:distributionInfo,gmd:MD_Distribution,gmd:transferOptions,gmd:MD_DigitalTransferOptions,gmd:onLine,gmd:CI_OnlineResource,gmd:protocol,gco:CharacterString,@xmlns:gco:
151,gmd:MD_Metadata.gmd:distributionInfo.gmd:MD_Distribution.gmd:transferOptions.gmd:MD_DigitalTransferOptions.gmd:onLine.gmd:CI_OnlineResource.gmd:protocol.gco:CharacterString.#text:!WWW:DOWNLOAD-1.0-http--download,WWW:DOWNLOAD-1.0-http--download,gmd:MD_Metadata/gmd:distributionInfo/gmd:MD_Distribution/gmd:transferOptions/gmd:MD_DigitalTransferOptions/gmd:onLine/gmd:CI_OnlineResource/gmd:protocol/gco:CharacterString/#text:,gmd:distributionInfo,gmd:MD_Distribution,gmd:transferOptions,gmd:MD_DigitalTransferOptions,gmd:onLine,gmd:CI_OnlineResource,gmd:protocol,gco:CharacterString,#text:
152,gmd:MD_Metadata.gmd:distributionInfo.gmd:MD_Distribution.gmd:transferOptions.gmd:MD_DigitalTransferOptions.gmd:onLine.gmd:CI_OnlineResource.gmd:name.gco:CharacterString.@xmlns:gco:!http://www.isotc211.org/2005/gco,http://www.isotc211.org/2005/gco,gmd:MD_Metadata/gmd:distributionInfo/gmd:MD_Distribution/gmd:transferOptions/gmd:MD_DigitalTransferOptions/gmd:onLine/gmd:CI_OnlineResource/gmd:name/gco:CharacterString/@xmlns:gco:,gmd:distributionInfo,gmd:MD_Distribution,gmd:transferOptions,gmd:MD_DigitalTransferOptions,gmd:onLine,gmd:CI_OnlineResource,gmd:name,gco:CharacterString,@xmlns:gco:
153,gmd:MD_Metadata.gmd:distributionInfo.gmd:MD_Distribution.gmd:transferOptions.gmd:MD_DigitalTransferOptions.gmd:onLine.gmd:CI_OnlineResource.gmd:name.gco:CharacterString.#text:!basins.zip,basins.zip,gmd:MD_Metadata/gmd:distributionInfo/gmd:MD_Distribution/gmd:transferOptions/gmd:MD_DigitalTransferOptions/gmd:onLine/gmd:CI_OnlineResource/gmd:name/gco:CharacterString/#text:,gmd:distributionInfo,gmd:MD_Distribution,gmd:transferOptions,gmd:MD_DigitalTransferOptions,gmd:onLine,gmd:CI_OnlineResource,gmd:name,gco:CharacterString,#text:
154,gmd:MD_Metadata.gmd:distributionInfo.gmd:MD_Distribution.gmd:transferOptions.gmd:MD_DigitalTransferOptions.gmd:onLine.gmd:CI_OnlineResource.gmd:description.gco:CharacterString.@xmlns:gco:!http://www.isotc211.org/2005/gco,http://www.isotc211.org/2005/gco,gmd:MD_Metadata/gmd:distributionInfo/gmd:MD_Distribution/gmd:transferOptions/gmd:MD_DigitalTransferOptions/gmd:onLine/gmd:CI_OnlineResource/gmd:description/gco:CharacterString/@xmlns:gco:,gmd:distributionInfo,gmd:MD_Distribution,gmd:transferOptions,gmd:MD_DigitalTransferOptions,gmd:onLine,gmd:CI_OnlineResource,gmd:description,gco:CharacterString,@xmlns:gco:
155,gmd:MD_Metadata.gmd:distributionInfo.gmd:MD_Distribution.gmd:transferOptions.gmd:MD_DigitalTransferOptions.gmd:onLine.gmd:CI_OnlineResource.gmd:description.gco:CharacterString.#text:!Hydrological basins in Africa (Shapefile Format),Hydrological basins in Africa (Shapefile Format),gmd:MD_Metadata/gmd:distributionInfo/gmd:MD_Distribution/gmd:transferOptions/gmd:MD_DigitalTransferOptions/gmd:onLine/gmd:CI_OnlineResource/gmd:description/gco:CharacterString/#text:,gmd:distributionInfo,gmd:MD_Distribution,gmd:transferOptions,gmd:MD_DigitalTransferOptions,gmd:onLine,gmd:CI_OnlineResource,gmd:description,gco:CharacterString,#text:
156,gmd:MD_Metadata.gmd:distributionInfo.gmd:MD_Distribution.gmd:transferOptions.gmd:MD_DigitalTransferOptions.gmd:onLine.gmd:CI_OnlineResource.gmd:linkage.gmd:URL:!http://data.fao.org/maps/wms,http://data.fao.org/maps/wms,gmd:MD_Metadata/gmd:distributionInfo/gmd:MD_Distribution/gmd:transferOptions/gmd:MD_DigitalTransferOptions/gmd:onLine/gmd:CI_OnlineResource/gmd:linkage/gmd:URL:,gmd:distributionInfo,gmd:MD_Distribution,gmd:transferOptions,gmd:MD_DigitalTransferOptions,gmd:onLine,gmd:CI_OnlineResource,gmd:linkage,gmd:URL:,
157,gmd:MD_Metadata.gmd:distributionInfo.gmd:MD_Distribution.gmd:transferOptions.gmd:MD_DigitalTransferOptions.gmd:onLine.gmd:CI_OnlineResource.gmd:protocol.gco:CharacterString.@xmlns:gco:!http://www.isotc211.org/2005/gco,http://www.isotc211.org/2005/gco,gmd:MD_Metadata/gmd:distributionInfo/gmd:MD_Distribution/gmd:transferOptions/gmd:MD_DigitalTransferOptions/gmd:onLine/gmd:CI_OnlineResource/gmd:protocol/gco:CharacterString/@xmlns:gco:,gmd:distributionInfo,gmd:MD_Distribution,gmd:transferOptions,gmd:MD_DigitalTransferOptions,gmd:onLine,gmd:CI_OnlineResource,gmd:protocol,gco:CharacterString,@xmlns:gco:
158,gmd:MD_Metadata.gmd:distributionInfo.gmd:MD_Distribution.gmd:transferOptions.gmd:MD_DigitalTransferOptions.gmd:onLine.gmd:CI_OnlineResource.gmd:protocol.gco:CharacterString.#text:!OGC:WMS,OGC:WMS,gmd:MD_Metadata/gmd:distributionInfo/gmd:MD_Distribution/gmd:transferOptions/gmd:MD_DigitalTransferOptions/gmd:onLine/gmd:CI_OnlineResource/gmd:protocol/gco:CharacterString/#text:,gmd:distributionInfo,gmd:MD_Distribution,gmd:transferOptions,gmd:MD_DigitalTransferOptions,gmd:onLine,gmd:CI_OnlineResource,gmd:protocol,gco:CharacterString,#text:
159,gmd:MD_Metadata.gmd:distributionInfo.gmd:MD_Distribution.gmd:transferOptions.gmd:MD_DigitalTransferOptions.gmd:onLine.gmd:CI_OnlineResource.gmd:name.gco:CharacterString.@xmlns:gco:!http://www.isotc211.org/2005/gco,http://www.isotc211.org/2005/gco,gmd:MD_Metadata/gmd:distributionInfo/gmd:MD_Distribution/gmd:transferOptions/gmd:MD_DigitalTransferOptions/gmd:onLine/gmd:CI_OnlineResource/gmd:name/gco:CharacterString/@xmlns:gco:,gmd:distributionInfo,gmd:MD_Distribution,gmd:transferOptions,gmd:MD_DigitalTransferOptions,gmd:onLine,gmd:CI_OnlineResource,gmd:name,gco:CharacterString,@xmlns:gco:
160,gmd:MD_Metadata.gmd:distributionInfo.gmd:MD_Distribution.gmd:transferOptions.gmd:MD_DigitalTransferOptions.gmd:onLine.gmd:CI_OnlineResource.gmd:name.gco:CharacterString.#text:!GEONETWORK:basins_296,GEONETWORK:basins_296,gmd:MD_Metadata/gmd:distributionInfo/gmd:MD_Distribution/gmd:transferOptions/gmd:MD_DigitalTransferOptions/gmd:onLine/gmd:CI_OnlineResource/gmd:name/gco:CharacterString/#text:,gmd:distributionInfo,gmd:MD_Distribution,gmd:transferOptions,gmd:MD_DigitalTransferOptions,gmd:onLine,gmd:CI_OnlineResource,gmd:name,gco:CharacterString,#text:
161,gmd:MD_Metadata.gmd:distributionInfo.gmd:MD_Distribution.gmd:transferOptions.gmd:MD_DigitalTransferOptions.gmd:onLine.gmd:CI_OnlineResource.gmd:description.gco:CharacterString.@xmlns:gco:!http://www.isotc211.org/2005/gco,http://www.isotc211.org/2005/gco,gmd:MD_Metadata/gmd:distributionInfo/gmd:MD_Distribution/gmd:transferOptions/gmd:MD_DigitalTransferOptions/gmd:onLine/gmd:CI_OnlineResource/gmd:description/gco:CharacterString/@xmlns:gco:,gmd:distributionInfo,gmd:MD_Distribution,gmd:transferOptions,gmd:MD_DigitalTransferOptions,gmd:onLine,gmd:CI_OnlineResource,gmd:description,gco:CharacterString,@xmlns:gco:
162,gmd:MD_Metadata.gmd:distributionInfo.gmd:MD_Distribution.gmd:transferOptions.gmd:MD_DigitalTransferOptions.gmd:onLine.gmd:CI_OnlineResource.gmd:description.gco:CharacterString.#text:!Hydrological basins in Africa,Hydrological basins in Africa,gmd:MD_Metadata/gmd:distributionInfo/gmd:MD_Distribution/gmd:transferOptions/gmd:MD_DigitalTransferOptions/gmd:onLine/gmd:CI_OnlineResource/gmd:description/gco:CharacterString/#text:,gmd:distributionInfo,gmd:MD_Distribution,gmd:transferOptions,gmd:MD_DigitalTransferOptions,gmd:onLine,gmd:CI_OnlineResource,gmd:description,gco:CharacterString,#text:
163,gmd:MD_Metadata.gmd:dataQualityInfo.gmd:DQ_DataQuality.gmd:scope.gmd:DQ_Scope.gmd:level.gmd:MD_ScopeCode.@codeList:!http://standards.iso.org/iso/19139/resources/gmxCodelists.xml#MD_ScopeCode,http://standards.iso.org/iso/19139/resources/gmxCodelists.xml#MD_ScopeCode,gmd:MD_Metadata/gmd:dataQualityInfo/gmd:DQ_DataQuality/gmd:scope/gmd:DQ_Scope/gmd:level/gmd:MD_ScopeCode/@codeList:,gmd:dataQualityInfo,gmd:DQ_DataQuality,gmd:scope,gmd:DQ_Scope,gmd:level,gmd:MD_ScopeCode,@codeList:,,
164,gmd:MD_Metadata.gmd:dataQualityInfo.gmd:DQ_DataQuality.gmd:scope.gmd:DQ_Scope.gmd:level.gmd:MD_ScopeCode.@codeListValue:!dataset,dataset,gmd:MD_Metadata/gmd:dataQualityInfo/gmd:DQ_DataQuality/gmd:scope/gmd:DQ_Scope/gmd:level/gmd:MD_ScopeCode/@codeListValue:,gmd:dataQualityInfo,gmd:DQ_DataQuality,gmd:scope,gmd:DQ_Scope,gmd:level,gmd:MD_ScopeCode,@codeListValue:,,
165,gmd:MD_Metadata.gmd:dataQualityInfo.gmd:DQ_DataQuality.gmd:lineage.gmd:LI_Lineage.gmd:statement.gco:CharacterString.@xmlns:gco:!http://www.isotc211.org/2005/gco,http://www.isotc211.org/2005/gco,gmd:MD_Metadata/gmd:dataQualityInfo/gmd:DQ_DataQuality/gmd:lineage/gmd:LI_Lineage/gmd:statement/gco:CharacterString/@xmlns:gco:,gmd:dataQualityInfo,gmd:DQ_DataQuality,gmd:lineage,gmd:LI_Lineage,gmd:statement,gco:CharacterString,@xmlns:gco:,,
166,gmd:MD_Metadata.gmd:dataQualityInfo.gmd:DQ_DataQuality.gmd:lineage.gmd:LI_Lineage.gmd:statement.gco:CharacterString.#text:!The linework of the map is obtained by delineating drainage basin boundaries from an hydrologically corrected digital elevation model with a resolution of 1 * 1 km.,The linework of the map is obtained by delineating drainage basin boundaries from an hydrologically corrected digital elevation model with a resolution of 1 * 1 km.,gmd:MD_Metadata/gmd:dataQualityInfo/gmd:DQ_DataQuality/gmd:lineage/gmd:LI_Lineage/gmd:statement/gco:CharacterString/#text:,gmd:dataQualityInfo,gmd:DQ_DataQuality,gmd:lineage,gmd:LI_Lineage,gmd:statement,gco:CharacterString,#text:,,
