,Results,Valeurs,Clés,K0,K1,K2,K3,K4,K5,K6,K7,K8,K9,K10,K11
0,@xmlns:gco:§http://www.isotc211.org/2005/gco,http://www.isotc211.org/2005/gco,@xmlns:gco:,@xmlns:gco:,,,,,,,,,,,
1,@xmlns:gmd:§http://www.isotc211.org/2005/gmd,http://www.isotc211.org/2005/gmd,@xmlns:gmd:,@xmlns:gmd:,,,,,,,,,,,
2,@xmlns:gmi:§http://www.isotc211.org/2005/gmi,http://www.isotc211.org/2005/gmi,@xmlns:gmi:,@xmlns:gmi:,,,,,,,,,,,
3,@xmlns:gml:§http://www.opengis.net/gml/3.2,http://www.opengis.net/gml/3.2,@xmlns:gml:,@xmlns:gml:,,,,,,,,,,,
4,@xmlns:gmx:§http://www.isotc211.org/2005/gmx,http://www.isotc211.org/2005/gmx,@xmlns:gmx:,@xmlns:gmx:,,,,,,,,,,,
5,@xmlns:gsr:§http://www.isotc211.org/2005/gsr,http://www.isotc211.org/2005/gsr,@xmlns:gsr:,@xmlns:gsr:,,,,,,,,,,,
6,@xmlns:gts:§http://www.isotc211.org/2005/gts,http://www.isotc211.org/2005/gts,@xmlns:gts:,@xmlns:gts:,,,,,,,,,,,
7,@xmlns:srv:§http://www.isotc211.org/2005/srv,http://www.isotc211.org/2005/srv,@xmlns:srv:,@xmlns:srv:,,,,,,,,,,,
8,@xmlns:xlink:§http://www.w3.org/1999/xlink,http://www.w3.org/1999/xlink,@xmlns:xlink:,@xmlns:xlink:,,,,,,,,,,,
9,@xmlns:xsi:§http://www.w3.org/2001/XMLSchema-instance,http://www.w3.org/2001/XMLSchema-instance,@xmlns:xsi:,@xmlns:xsi:,,,,,,,,,,,
10,@xsi:schemaLocation:§http://www.isotc211.org/2005/gmd http://schemas.opengis.net/csw/2.0.2/profiles/apiso/1.0.0/apiso.xsd,http://www.isotc211.org/2005/gmd http://schemas.opengis.net/csw/2.0.2/profiles/apiso/1.0.0/apiso.xsd,@xsi:schemaLocation:,@xsi:schemaLocation:,,,,,,,,,,,
11,gmd:fileIdentifier.gco:CharacterString.@xmlns:gco:§http://www.isotc211.org/2005/gco,http://www.isotc211.org/2005/gco,gmd:fileIdentifier£gco:CharacterString£@xmlns:gco:,gmd:fileIdentifier,gco:CharacterString,@xmlns:gco:,,,,,,,,,
12,gmd:fileIdentifier.gco:CharacterString.#text:§7cf0ce8e-ccbb-4fe8-9682-d289665a49fc,7cf0ce8e-ccbb-4fe8-9682-d289665a49fc,gmd:fileIdentifier£gco:CharacterString£#text:,gmd:fileIdentifier,gco:CharacterString,#text:,,,,,,,,,
13,gmd:language.@xmlns:gml:§http://www.opengis.net/gml,http://www.opengis.net/gml,gmd:language£@xmlns:gml:,gmd:language,@xmlns:gml:,,,,,,,,,,
14,gmd:language.gco:CharacterString.@xmlns:gco:§http://www.isotc211.org/2005/gco,http://www.isotc211.org/2005/gco,gmd:language£gco:CharacterString£@xmlns:gco:,gmd:language,gco:CharacterString,@xmlns:gco:,,,,,,,,,
15,gmd:language.gco:CharacterString.#text:§fre,fre,gmd:language£gco:CharacterString£#text:,gmd:language,gco:CharacterString,#text:,,,,,,,,,
16,gmd:characterSet.@xmlns:gml:§http://www.opengis.net/gml,http://www.opengis.net/gml,gmd:characterSet£@xmlns:gml:,gmd:characterSet,@xmlns:gml:,,,,,,,,,,
17,gmd:characterSet.gmd:MD_CharacterSetCode.@codeList:§http://standards.iso.org/iso/19139/resources/gmxCodelists.xml#MD_CharacterSetCode,http://standards.iso.org/iso/19139/resources/gmxCodelists.xml#MD_CharacterSetCode,gmd:characterSet£gmd:MD_CharacterSetCode£@codeList:,gmd:characterSet,gmd:MD_CharacterSetCode,@codeList:,,,,,,,,,
18,gmd:characterSet.gmd:MD_CharacterSetCode.@codeListValue:§utf8,utf8,gmd:characterSet£gmd:MD_CharacterSetCode£@codeListValue:,gmd:characterSet,gmd:MD_CharacterSetCode,@codeListValue:,,,,,,,,,
19,gmd:hierarchyLevel.@xmlns:gml:§http://www.opengis.net/gml,http://www.opengis.net/gml,gmd:hierarchyLevel£@xmlns:gml:,gmd:hierarchyLevel,@xmlns:gml:,,,,,,,,,,
20,gmd:hierarchyLevel.gmd:MD_ScopeCode.@codeList:§http://standards.iso.org/iso/19139/resources/gmxCodelists.xml#MD_ScopeCode,http://standards.iso.org/iso/19139/resources/gmxCodelists.xml#MD_ScopeCode,gmd:hierarchyLevel£gmd:MD_ScopeCode£@codeList:,gmd:hierarchyLevel,gmd:MD_ScopeCode,@codeList:,,,,,,,,,
21,gmd:hierarchyLevel.gmd:MD_ScopeCode.@codeListValue:§dataset,dataset,gmd:hierarchyLevel£gmd:MD_ScopeCode£@codeListValue:,gmd:hierarchyLevel,gmd:MD_ScopeCode,@codeListValue:,,,,,,,,,
22,gmd:dateStamp.@xmlns:gml:§http://www.opengis.net/gml,http://www.opengis.net/gml,gmd:dateStamp£@xmlns:gml:,gmd:dateStamp,@xmlns:gml:,,,,,,,,,,
23,gmd:dateStamp.gco:DateTime.@xmlns:gco:§http://www.isotc211.org/2005/gco,http://www.isotc211.org/2005/gco,gmd:dateStamp£gco:DateTime£@xmlns:gco:,gmd:dateStamp,gco:DateTime,@xmlns:gco:,,,,,,,,,
24,gmd:dateStamp.gco:DateTime.#text:§2019-07-16T09:16:43,2019-07-16T09:16:43,gmd:dateStamp£gco:DateTime£#text:,gmd:dateStamp,gco:DateTime,#text:,,,,,,,,,
25,gmd:metadataStandardName.@xmlns:gml:§http://www.opengis.net/gml,http://www.opengis.net/gml,gmd:metadataStandardName£@xmlns:gml:,gmd:metadataStandardName,@xmlns:gml:,,,,,,,,,,
26,gmd:metadataStandardName.gco:CharacterString.@xmlns:gco:§http://www.isotc211.org/2005/gco,http://www.isotc211.org/2005/gco,gmd:metadataStandardName£gco:CharacterString£@xmlns:gco:,gmd:metadataStandardName,gco:CharacterString,@xmlns:gco:,,,,,,,,,
27,gmd:metadataStandardName.gco:CharacterString.#text:§ISO 19115:2003/19139,ISO 19115:2003/19139,gmd:metadataStandardName£gco:CharacterString£#text:,gmd:metadataStandardName,gco:CharacterString,#text:,,,,,,,,,
28,gmd:metadataStandardVersion.@xmlns:gml:§http://www.opengis.net/gml,http://www.opengis.net/gml,gmd:metadataStandardVersion£@xmlns:gml:,gmd:metadataStandardVersion,@xmlns:gml:,,,,,,,,,,
29,gmd:metadataStandardVersion.gco:CharacterString.@xmlns:gco:§http://www.isotc211.org/2005/gco,http://www.isotc211.org/2005/gco,gmd:metadataStandardVersion£gco:CharacterString£@xmlns:gco:,gmd:metadataStandardVersion,gco:CharacterString,@xmlns:gco:,,,,,,,,,
30,gmd:metadataStandardVersion.gco:CharacterString.#text:§1.0,1.0,gmd:metadataStandardVersion£gco:CharacterString£#text:,gmd:metadataStandardVersion,gco:CharacterString,#text:,,,,,,,,,
31,gmd:referenceSystemInfo.@xmlns:gml:§http://www.opengis.net/gml,http://www.opengis.net/gml,gmd:referenceSystemInfo£@xmlns:gml:,gmd:referenceSystemInfo,@xmlns:gml:,,,,,,,,,,
32,"gmd:referenceSystemInfo.#text:§
    ""
    ","
    ""
    ",gmd:referenceSystemInfo£#text:,gmd:referenceSystemInfo,#text:,,,,,,,,,,
33,"gmd:referenceSystemInfo.#text:§
    ""
  ","
    ""
  ",gmd:referenceSystemInfo£#text:,gmd:referenceSystemInfo,#text:,,,,,,,,,,
34,"gmd:referenceSystemInfo.gmd:MD_ReferenceSystem.#text:§
      ""
      ","
      ""
      ",gmd:referenceSystemInfo£gmd:MD_ReferenceSystem£#text:,gmd:referenceSystemInfo,gmd:MD_ReferenceSystem,#text:,,,,,,,,,
35,"gmd:referenceSystemInfo.gmd:MD_ReferenceSystem.#text:§
      ""
    ","
      ""
    ",gmd:referenceSystemInfo£gmd:MD_ReferenceSystem£#text:,gmd:referenceSystemInfo,gmd:MD_ReferenceSystem,#text:,,,,,,,,,
36,"gmd:referenceSystemInfo.gmd:MD_ReferenceSystem.gmd:referenceSystemIdentifier.#text:§
        ""
        ","
        ""
        ",gmd:referenceSystemInfo£gmd:MD_ReferenceSystem£gmd:referenceSystemIdentifier£#text:,gmd:referenceSystemInfo,gmd:MD_ReferenceSystem,gmd:referenceSystemIdentifier,#text:,,,,,,,,
37,"gmd:referenceSystemInfo.gmd:MD_ReferenceSystem.gmd:referenceSystemIdentifier.#text:§
        ""
      ","
        ""
      ",gmd:referenceSystemInfo£gmd:MD_ReferenceSystem£gmd:referenceSystemIdentifier£#text:,gmd:referenceSystemInfo,gmd:MD_ReferenceSystem,gmd:referenceSystemIdentifier,#text:,,,,,,,,
38,gmd:referenceSystemInfo.gmd:MD_ReferenceSystem.gmd:referenceSystemIdentifier.gmd:RS_Identifier.gmd:code.gco:CharacterString.@xmlns:gco:§http://www.isotc211.org/2005/gco,http://www.isotc211.org/2005/gco,gmd:referenceSystemInfo£gmd:MD_ReferenceSystem£gmd:referenceSystemIdentifier£gmd:RS_Identifier£gmd:code£gco:CharacterString£@xmlns:gco:,gmd:referenceSystemInfo,gmd:MD_ReferenceSystem,gmd:referenceSystemIdentifier,gmd:RS_Identifier,gmd:code,gco:CharacterString,@xmlns:gco:,,,,,
39,gmd:referenceSystemInfo.gmd:MD_ReferenceSystem.gmd:referenceSystemIdentifier.gmd:RS_Identifier.gmd:code.gco:CharacterString.#text:§WGS 84,WGS 84,gmd:referenceSystemInfo£gmd:MD_ReferenceSystem£gmd:referenceSystemIdentifier£gmd:RS_Identifier£gmd:code£gco:CharacterString£#text:,gmd:referenceSystemInfo,gmd:MD_ReferenceSystem,gmd:referenceSystemIdentifier,gmd:RS_Identifier,gmd:code,gco:CharacterString,#text:,,,,,
40,gmd:identificationInfo.@xmlns:gml:§http://www.opengis.net/gml,http://www.opengis.net/gml,gmd:identificationInfo£@xmlns:gml:,gmd:identificationInfo,@xmlns:gml:,,,,,,,,,,
41,"gmd:identificationInfo.gmd:MD_DataIdentification.gmd:citation.#text:§
        ""
        ","
        ""
        ",gmd:identificationInfo£gmd:MD_DataIdentification£gmd:citation£#text:,gmd:identificationInfo,gmd:MD_DataIdentification,gmd:citation,#text:,,,,,,,,
42,"gmd:identificationInfo.gmd:MD_DataIdentification.gmd:citation.#text:§
        ""
      ","
        ""
      ",gmd:identificationInfo£gmd:MD_DataIdentification£gmd:citation£#text:,gmd:identificationInfo,gmd:MD_DataIdentification,gmd:citation,#text:,,,,,,,,
43,gmd:identificationInfo.gmd:MD_DataIdentification.gmd:citation.gmd:CI_Citation.gmd:title.gco:CharacterString.@xmlns:gco:§http://www.isotc211.org/2005/gco,http://www.isotc211.org/2005/gco,gmd:identificationInfo£gmd:MD_DataIdentification£gmd:citation£gmd:CI_Citation£gmd:title£gco:CharacterString£@xmlns:gco:,gmd:identificationInfo,gmd:MD_DataIdentification,gmd:citation,gmd:CI_Citation,gmd:title,gco:CharacterString,@xmlns:gco:,,,,,
44,gmd:identificationInfo.gmd:MD_DataIdentification.gmd:citation.gmd:CI_Citation.gmd:title.gco:CharacterString.#text:§Campagnes d'échantillonnage de l'ombre commun (Thymallus thymallus) (2014-2016),Campagnes d'échantillonnage de l'ombre commun (Thymallus thymallus) (2014-2016),gmd:identificationInfo£gmd:MD_DataIdentification£gmd:citation£gmd:CI_Citation£gmd:title£gco:CharacterString£#text:,gmd:identificationInfo,gmd:MD_DataIdentification,gmd:citation,gmd:CI_Citation,gmd:title,gco:CharacterString,#text:,,,,,
45,"gmd:identificationInfo.gmd:MD_DataIdentification.gmd:citation.gmd:CI_Citation.gmd:date.#text:§
            ""
            ","
            ""
            ",gmd:identificationInfo£gmd:MD_DataIdentification£gmd:citation£gmd:CI_Citation£gmd:date£#text:,gmd:identificationInfo,gmd:MD_DataIdentification,gmd:citation,gmd:CI_Citation,gmd:date,#text:,,,,,,
46,"gmd:identificationInfo.gmd:MD_DataIdentification.gmd:citation.gmd:CI_Citation.gmd:date.#text:§
            ""
          ","
            ""
          ",gmd:identificationInfo£gmd:MD_DataIdentification£gmd:citation£gmd:CI_Citation£gmd:date£#text:,gmd:identificationInfo,gmd:MD_DataIdentification,gmd:citation,gmd:CI_Citation,gmd:date,#text:,,,,,,
47,"gmd:identificationInfo.gmd:MD_DataIdentification.gmd:citation.gmd:CI_Citation.gmd:date.gmd:CI_Date.#text:§
              ""
              ","
              ""
              ",gmd:identificationInfo£gmd:MD_DataIdentification£gmd:citation£gmd:CI_Citation£gmd:date£gmd:CI_Date£#text:,gmd:identificationInfo,gmd:MD_DataIdentification,gmd:citation,gmd:CI_Citation,gmd:date,gmd:CI_Date,#text:,,,,,
48,"gmd:identificationInfo.gmd:MD_DataIdentification.gmd:citation.gmd:CI_Citation.gmd:date.gmd:CI_Date.#text:§
              ""
              ","
              ""
              ",gmd:identificationInfo£gmd:MD_DataIdentification£gmd:citation£gmd:CI_Citation£gmd:date£gmd:CI_Date£#text:,gmd:identificationInfo,gmd:MD_DataIdentification,gmd:citation,gmd:CI_Citation,gmd:date,gmd:CI_Date,#text:,,,,,
49,"gmd:identificationInfo.gmd:MD_DataIdentification.gmd:citation.gmd:CI_Citation.gmd:date.gmd:CI_Date.#text:§
              ""
            ","
              ""
            ",gmd:identificationInfo£gmd:MD_DataIdentification£gmd:citation£gmd:CI_Citation£gmd:date£gmd:CI_Date£#text:,gmd:identificationInfo,gmd:MD_DataIdentification,gmd:citation,gmd:CI_Citation,gmd:date,gmd:CI_Date,#text:,,,,,
50,gmd:identificationInfo.gmd:MD_DataIdentification.gmd:citation.gmd:CI_Citation.gmd:date.gmd:CI_Date.gmd:date.gco:DateTime.@xmlns:gco:§http://www.isotc211.org/2005/gco,http://www.isotc211.org/2005/gco,gmd:identificationInfo£gmd:MD_DataIdentification£gmd:citation£gmd:CI_Citation£gmd:date£gmd:CI_Date£gmd:date£gco:DateTime£@xmlns:gco:,gmd:identificationInfo,gmd:MD_DataIdentification,gmd:citation,gmd:CI_Citation,gmd:date,gmd:CI_Date,gmd:date,gco:DateTime,@xmlns:gco:,,,
51,gmd:identificationInfo.gmd:MD_DataIdentification.gmd:citation.gmd:CI_Citation.gmd:date.gmd:CI_Date.gmd:date.gco:DateTime.#text:§2014-08-14T00:00:00,2014-08-14T00:00:00,gmd:identificationInfo£gmd:MD_DataIdentification£gmd:citation£gmd:CI_Citation£gmd:date£gmd:CI_Date£gmd:date£gco:DateTime£#text:,gmd:identificationInfo,gmd:MD_DataIdentification,gmd:citation,gmd:CI_Citation,gmd:date,gmd:CI_Date,gmd:date,gco:DateTime,#text:,,,
52,"gmd:identificationInfo.gmd:MD_DataIdentification.gmd:citation.gmd:CI_Citation.gmd:date.gmd:CI_Date.gmd:dateType.#text:§
                ""
                ","
                ""
                ",gmd:identificationInfo£gmd:MD_DataIdentification£gmd:citation£gmd:CI_Citation£gmd:date£gmd:CI_Date£gmd:dateType£#text:,gmd:identificationInfo,gmd:MD_DataIdentification,gmd:citation,gmd:CI_Citation,gmd:date,gmd:CI_Date,gmd:dateType,#text:,,,,
53,"gmd:identificationInfo.gmd:MD_DataIdentification.gmd:citation.gmd:CI_Citation.gmd:date.gmd:CI_Date.gmd:dateType.#text:§
                ""
              ","
                ""
              ",gmd:identificationInfo£gmd:MD_DataIdentification£gmd:citation£gmd:CI_Citation£gmd:date£gmd:CI_Date£gmd:dateType£#text:,gmd:identificationInfo,gmd:MD_DataIdentification,gmd:citation,gmd:CI_Citation,gmd:date,gmd:CI_Date,gmd:dateType,#text:,,,,
54,gmd:identificationInfo.gmd:MD_DataIdentification.gmd:citation.gmd:CI_Citation.gmd:date.gmd:CI_Date.gmd:dateType.gmd:CI_DateTypeCode.@codeListValue:§creation,creation,gmd:identificationInfo£gmd:MD_DataIdentification£gmd:citation£gmd:CI_Citation£gmd:date£gmd:CI_Date£gmd:dateType£gmd:CI_DateTypeCode£@codeListValue:,gmd:identificationInfo,gmd:MD_DataIdentification,gmd:citation,gmd:CI_Citation,gmd:date,gmd:CI_Date,gmd:dateType,gmd:CI_DateTypeCode,@codeListValue:,,,
55,gmd:identificationInfo.gmd:MD_DataIdentification.gmd:citation.gmd:CI_Citation.gmd:date.gmd:CI_Date.gmd:dateType.gmd:CI_DateTypeCode.@codeList:§http://standards.iso.org/iso/19139/resources/gmxCodelists.xml#CI_DateTypeCode,http://standards.iso.org/iso/19139/resources/gmxCodelists.xml#CI_DateTypeCode,gmd:identificationInfo£gmd:MD_DataIdentification£gmd:citation£gmd:CI_Citation£gmd:date£gmd:CI_Date£gmd:dateType£gmd:CI_DateTypeCode£@codeList:,gmd:identificationInfo,gmd:MD_DataIdentification,gmd:citation,gmd:CI_Citation,gmd:date,gmd:CI_Date,gmd:dateType,gmd:CI_DateTypeCode,@codeList:,,,
56,"gmd:identificationInfo.gmd:MD_DataIdentification.gmd:citation.gmd:CI_Citation.gmd:date.#text:§
            ""
            ","
            ""
            ",gmd:identificationInfo£gmd:MD_DataIdentification£gmd:citation£gmd:CI_Citation£gmd:date£#text:,gmd:identificationInfo,gmd:MD_DataIdentification,gmd:citation,gmd:CI_Citation,gmd:date,#text:,,,,,,
57,"gmd:identificationInfo.gmd:MD_DataIdentification.gmd:citation.gmd:CI_Citation.gmd:date.#text:§
            ""
          ","
            ""
          ",gmd:identificationInfo£gmd:MD_DataIdentification£gmd:citation£gmd:CI_Citation£gmd:date£#text:,gmd:identificationInfo,gmd:MD_DataIdentification,gmd:citation,gmd:CI_Citation,gmd:date,#text:,,,,,,
58,"gmd:identificationInfo.gmd:MD_DataIdentification.gmd:citation.gmd:CI_Citation.gmd:date.gmd:CI_Date.#text:§
              ""
              ","
              ""
              ",gmd:identificationInfo£gmd:MD_DataIdentification£gmd:citation£gmd:CI_Citation£gmd:date£gmd:CI_Date£#text:,gmd:identificationInfo,gmd:MD_DataIdentification,gmd:citation,gmd:CI_Citation,gmd:date,gmd:CI_Date,#text:,,,,,
59,"gmd:identificationInfo.gmd:MD_DataIdentification.gmd:citation.gmd:CI_Citation.gmd:date.gmd:CI_Date.#text:§
              ""
              ","
              ""
              ",gmd:identificationInfo£gmd:MD_DataIdentification£gmd:citation£gmd:CI_Citation£gmd:date£gmd:CI_Date£#text:,gmd:identificationInfo,gmd:MD_DataIdentification,gmd:citation,gmd:CI_Citation,gmd:date,gmd:CI_Date,#text:,,,,,
60,"gmd:identificationInfo.gmd:MD_DataIdentification.gmd:citation.gmd:CI_Citation.gmd:date.gmd:CI_Date.#text:§
              ""
            ","
              ""
            ",gmd:identificationInfo£gmd:MD_DataIdentification£gmd:citation£gmd:CI_Citation£gmd:date£gmd:CI_Date£#text:,gmd:identificationInfo,gmd:MD_DataIdentification,gmd:citation,gmd:CI_Citation,gmd:date,gmd:CI_Date,#text:,,,,,
61,gmd:identificationInfo.gmd:MD_DataIdentification.gmd:citation.gmd:CI_Citation.gmd:date.gmd:CI_Date.gmd:date.gco:DateTime.@xmlns:gco:§http://www.isotc211.org/2005/gco,http://www.isotc211.org/2005/gco,gmd:identificationInfo£gmd:MD_DataIdentification£gmd:citation£gmd:CI_Citation£gmd:date£gmd:CI_Date£gmd:date£gco:DateTime£@xmlns:gco:,gmd:identificationInfo,gmd:MD_DataIdentification,gmd:citation,gmd:CI_Citation,gmd:date,gmd:CI_Date,gmd:date,gco:DateTime,@xmlns:gco:,,,
62,gmd:identificationInfo.gmd:MD_DataIdentification.gmd:citation.gmd:CI_Citation.gmd:date.gmd:CI_Date.gmd:date.gco:DateTime.#text:§2017-06-15T00:00:00,2017-06-15T00:00:00,gmd:identificationInfo£gmd:MD_DataIdentification£gmd:citation£gmd:CI_Citation£gmd:date£gmd:CI_Date£gmd:date£gco:DateTime£#text:,gmd:identificationInfo,gmd:MD_DataIdentification,gmd:citation,gmd:CI_Citation,gmd:date,gmd:CI_Date,gmd:date,gco:DateTime,#text:,,,
63,"gmd:identificationInfo.gmd:MD_DataIdentification.gmd:citation.gmd:CI_Citation.gmd:date.gmd:CI_Date.gmd:dateType.#text:§
                ""
                ","
                ""
                ",gmd:identificationInfo£gmd:MD_DataIdentification£gmd:citation£gmd:CI_Citation£gmd:date£gmd:CI_Date£gmd:dateType£#text:,gmd:identificationInfo,gmd:MD_DataIdentification,gmd:citation,gmd:CI_Citation,gmd:date,gmd:CI_Date,gmd:dateType,#text:,,,,
64,"gmd:identificationInfo.gmd:MD_DataIdentification.gmd:citation.gmd:CI_Citation.gmd:date.gmd:CI_Date.gmd:dateType.#text:§
                ""
              ","
                ""
              ",gmd:identificationInfo£gmd:MD_DataIdentification£gmd:citation£gmd:CI_Citation£gmd:date£gmd:CI_Date£gmd:dateType£#text:,gmd:identificationInfo,gmd:MD_DataIdentification,gmd:citation,gmd:CI_Citation,gmd:date,gmd:CI_Date,gmd:dateType,#text:,,,,
65,gmd:identificationInfo.gmd:MD_DataIdentification.gmd:citation.gmd:CI_Citation.gmd:date.gmd:CI_Date.gmd:dateType.gmd:CI_DateTypeCode.@codeList:§http://standards.iso.org/iso/19139/resources/gmxCodelists.xml#CI_DateTypeCode,http://standards.iso.org/iso/19139/resources/gmxCodelists.xml#CI_DateTypeCode,gmd:identificationInfo£gmd:MD_DataIdentification£gmd:citation£gmd:CI_Citation£gmd:date£gmd:CI_Date£gmd:dateType£gmd:CI_DateTypeCode£@codeList:,gmd:identificationInfo,gmd:MD_DataIdentification,gmd:citation,gmd:CI_Citation,gmd:date,gmd:CI_Date,gmd:dateType,gmd:CI_DateTypeCode,@codeList:,,,
66,gmd:identificationInfo.gmd:MD_DataIdentification.gmd:citation.gmd:CI_Citation.gmd:date.gmd:CI_Date.gmd:dateType.gmd:CI_DateTypeCode.@codeListValue:§publication,publication,gmd:identificationInfo£gmd:MD_DataIdentification£gmd:citation£gmd:CI_Citation£gmd:date£gmd:CI_Date£gmd:dateType£gmd:CI_DateTypeCode£@codeListValue:,gmd:identificationInfo,gmd:MD_DataIdentification,gmd:citation,gmd:CI_Citation,gmd:date,gmd:CI_Date,gmd:dateType,gmd:CI_DateTypeCode,@codeListValue:,,,
67,gmd:identificationInfo.gmd:MD_DataIdentification.gmd:citation.gmd:CI_Citation.gmd:editionDate.gco:DateTime.@xmlns:gco:§http://www.isotc211.org/2005/gco,http://www.isotc211.org/2005/gco,gmd:identificationInfo£gmd:MD_DataIdentification£gmd:citation£gmd:CI_Citation£gmd:editionDate£gco:DateTime£@xmlns:gco:,gmd:identificationInfo,gmd:MD_DataIdentification,gmd:citation,gmd:CI_Citation,gmd:editionDate,gco:DateTime,@xmlns:gco:,,,,,
68,gmd:identificationInfo.gmd:MD_DataIdentification.gmd:citation.gmd:CI_Citation.gmd:editionDate.gco:DateTime.#text:§2017-06-15T00:00:00,2017-06-15T00:00:00,gmd:identificationInfo£gmd:MD_DataIdentification£gmd:citation£gmd:CI_Citation£gmd:editionDate£gco:DateTime£#text:,gmd:identificationInfo,gmd:MD_DataIdentification,gmd:citation,gmd:CI_Citation,gmd:editionDate,gco:DateTime,#text:,,,,,
69,gmd:identificationInfo.gmd:MD_DataIdentification.gmd:abstract.gco:CharacterString.@xmlns:gco:§http://www.isotc211.org/2005/gco,http://www.isotc211.org/2005/gco,gmd:identificationInfo£gmd:MD_DataIdentification£gmd:abstract£gco:CharacterString£@xmlns:gco:,gmd:identificationInfo,gmd:MD_DataIdentification,gmd:abstract,gco:CharacterString,@xmlns:gco:,,,,,,,
70,"gmd:identificationInfo.gmd:MD_DataIdentification.gmd:abstract.gco:CharacterString.#text:§- Description : 3 Campagnes de pêche électrique
- Contexte : Données produite dans le cadre du programme de recherche intégré ""Rivière d'Ain"" : Dynamique, fonctionnement et biodiversité des communautés aquatiques face aux pressions anthropiques sur la vallée de l'Ain. Convention CNRS ref. 109651. Partenariat Agence de l'eau RMC-EDF.
- But : Evaluer la structure en classes de taille et la croissance des ombres à trois périodes critiques de l'année (pré-estivale, post-estivale, hivernale)
- Rivière d'Ain et affluent la Saine
- Période : août 2014 à avril 2016","- Description : 3 Campagnes de pêche électrique
- Contexte : Données produite dans le cadre du programme de recherche intégré ""Rivière d'Ain"" : Dynamique, fonctionnement et biodiversité des communautés aquatiques face aux pressions anthropiques sur la vallée de l'Ain. Convention CNRS ref. 109651. Partenariat Agence de l'eau RMC-EDF.
- But : Evaluer la structure en classes de taille et la croissance des ombres à trois périodes critiques de l'année (pré-estivale, post-estivale, hivernale)
- Rivière d'Ain et affluent la Saine
- Période : août 2014 à avril 2016",gmd:identificationInfo£gmd:MD_DataIdentification£gmd:abstract£gco:CharacterString£#text:,gmd:identificationInfo,gmd:MD_DataIdentification,gmd:abstract,gco:CharacterString,#text:,,,,,,,
71,"gmd:identificationInfo.gmd:MD_DataIdentification.gmd:status.#text:§
        ""
        ","
        ""
        ",gmd:identificationInfo£gmd:MD_DataIdentification£gmd:status£#text:,gmd:identificationInfo,gmd:MD_DataIdentification,gmd:status,#text:,,,,,,,,
72,"gmd:identificationInfo.gmd:MD_DataIdentification.gmd:status.#text:§
        ""
      ","
        ""
      ",gmd:identificationInfo£gmd:MD_DataIdentification£gmd:status£#text:,gmd:identificationInfo,gmd:MD_DataIdentification,gmd:status,#text:,,,,,,,,
73,gmd:identificationInfo.gmd:MD_DataIdentification.gmd:status.gmd:MD_ProgressCode.@codeListValue:§completed,completed,gmd:identificationInfo£gmd:MD_DataIdentification£gmd:status£gmd:MD_ProgressCode£@codeListValue:,gmd:identificationInfo,gmd:MD_DataIdentification,gmd:status,gmd:MD_ProgressCode,@codeListValue:,,,,,,,
74,gmd:identificationInfo.gmd:MD_DataIdentification.gmd:status.gmd:MD_ProgressCode.@codeList:§http://standards.iso.org/iso/19139/resources/gmxCodelists.xml#MD_ProgressCode,http://standards.iso.org/iso/19139/resources/gmxCodelists.xml#MD_ProgressCode,gmd:identificationInfo£gmd:MD_DataIdentification£gmd:status£gmd:MD_ProgressCode£@codeList:,gmd:identificationInfo,gmd:MD_DataIdentification,gmd:status,gmd:MD_ProgressCode,@codeList:,,,,,,,
75,gmd:identificationInfo.gmd:MD_DataIdentification.gmd:pointOfContact.gmd:CI_ResponsibleParty.gmd:organisationName.@xmlns:gco:§http://www.isotc211.org/2005/gco,http://www.isotc211.org/2005/gco,gmd:identificationInfo£gmd:MD_DataIdentification£gmd:pointOfContact£gmd:CI_ResponsibleParty£gmd:organisationName£@xmlns:gco:,gmd:identificationInfo,gmd:MD_DataIdentification,gmd:pointOfContact,gmd:CI_ResponsibleParty,gmd:organisationName,@xmlns:gco:,,,,,,
76,gmd:identificationInfo.gmd:MD_DataIdentification.gmd:pointOfContact.gmd:CI_ResponsibleParty.gmd:organisationName.@gco:nilReason:§missing,missing,gmd:identificationInfo£gmd:MD_DataIdentification£gmd:pointOfContact£gmd:CI_ResponsibleParty£gmd:organisationName£@gco:nilReason:,gmd:identificationInfo,gmd:MD_DataIdentification,gmd:pointOfContact,gmd:CI_ResponsibleParty,gmd:organisationName,@gco:nilReason:,,,,,,
77,gmd:identificationInfo.gmd:MD_DataIdentification.gmd:pointOfContact.gmd:CI_ResponsibleParty.gmd:organisationName.gco:CharacterString:§None,None,gmd:identificationInfo£gmd:MD_DataIdentification£gmd:pointOfContact£gmd:CI_ResponsibleParty£gmd:organisationName£gco:CharacterString:,gmd:identificationInfo,gmd:MD_DataIdentification,gmd:pointOfContact,gmd:CI_ResponsibleParty,gmd:organisationName,gco:CharacterString:,,,,,,
78,gmd:identificationInfo.gmd:MD_DataIdentification.gmd:pointOfContact.gmd:CI_ResponsibleParty.gmd:contactInfo.gmd:CI_Contact.gmd:address.gmd:CI_Address.gmd:electronicMailAddress.gco:CharacterString.@xmlns:gco:§http://www.isotc211.org/2005/gco,http://www.isotc211.org/2005/gco,gmd:identificationInfo£gmd:MD_DataIdentification£gmd:pointOfContact£gmd:CI_ResponsibleParty£gmd:contactInfo£gmd:CI_Contact£gmd:address£gmd:CI_Address£gmd:electronicMailAddress£gco:CharacterString£@xmlns:gco:,gmd:identificationInfo,gmd:MD_DataIdentification,gmd:pointOfContact,gmd:CI_ResponsibleParty,gmd:contactInfo,gmd:CI_Contact,gmd:address,gmd:CI_Address,gmd:electronicMailAddress,gco:CharacterString,@xmlns:gco:,
79,gmd:identificationInfo.gmd:MD_DataIdentification.gmd:pointOfContact.gmd:CI_ResponsibleParty.gmd:contactInfo.gmd:CI_Contact.gmd:address.gmd:CI_Address.gmd:electronicMailAddress.gco:CharacterString.#text:§sylvain.doledec@univ-lyon1.fr,sylvain.doledec@univ-lyon1.fr,gmd:identificationInfo£gmd:MD_DataIdentification£gmd:pointOfContact£gmd:CI_ResponsibleParty£gmd:contactInfo£gmd:CI_Contact£gmd:address£gmd:CI_Address£gmd:electronicMailAddress£gco:CharacterString£#text:,gmd:identificationInfo,gmd:MD_DataIdentification,gmd:pointOfContact,gmd:CI_ResponsibleParty,gmd:contactInfo,gmd:CI_Contact,gmd:address,gmd:CI_Address,gmd:electronicMailAddress,gco:CharacterString,#text:,
80,gmd:identificationInfo.gmd:MD_DataIdentification.gmd:pointOfContact.gmd:CI_ResponsibleParty.gmd:role.gmd:CI_RoleCode.@codeList:§http://standards.iso.org/iso/19139/resources/gmxCodelists.xml#CI_RoleCode,http://standards.iso.org/iso/19139/resources/gmxCodelists.xml#CI_RoleCode,gmd:identificationInfo£gmd:MD_DataIdentification£gmd:pointOfContact£gmd:CI_ResponsibleParty£gmd:role£gmd:CI_RoleCode£@codeList:,gmd:identificationInfo,gmd:MD_DataIdentification,gmd:pointOfContact,gmd:CI_ResponsibleParty,gmd:role,gmd:CI_RoleCode,@codeList:,,,,,
81,gmd:identificationInfo.gmd:MD_DataIdentification.gmd:pointOfContact.gmd:CI_ResponsibleParty.gmd:role.gmd:CI_RoleCode.@codeListValue:§author,author,gmd:identificationInfo£gmd:MD_DataIdentification£gmd:pointOfContact£gmd:CI_ResponsibleParty£gmd:role£gmd:CI_RoleCode£@codeListValue:,gmd:identificationInfo,gmd:MD_DataIdentification,gmd:pointOfContact,gmd:CI_ResponsibleParty,gmd:role,gmd:CI_RoleCode,@codeListValue:,,,,,
82,gmd:identificationInfo.gmd:MD_DataIdentification.gmd:pointOfContact.gmd:CI_ResponsibleParty.gmd:individualName.gco:CharacterString.@xmlns:gco:§http://www.isotc211.org/2005/gco,http://www.isotc211.org/2005/gco,gmd:identificationInfo£gmd:MD_DataIdentification£gmd:pointOfContact£gmd:CI_ResponsibleParty£gmd:individualName£gco:CharacterString£@xmlns:gco:,gmd:identificationInfo,gmd:MD_DataIdentification,gmd:pointOfContact,gmd:CI_ResponsibleParty,gmd:individualName,gco:CharacterString,@xmlns:gco:,,,,,
83,gmd:identificationInfo.gmd:MD_DataIdentification.gmd:pointOfContact.gmd:CI_ResponsibleParty.gmd:individualName.gco:CharacterString.#text:§Dolédec Sylvain,Dolédec Sylvain,gmd:identificationInfo£gmd:MD_DataIdentification£gmd:pointOfContact£gmd:CI_ResponsibleParty£gmd:individualName£gco:CharacterString£#text:,gmd:identificationInfo,gmd:MD_DataIdentification,gmd:pointOfContact,gmd:CI_ResponsibleParty,gmd:individualName,gco:CharacterString,#text:,,,,,
84,gmd:identificationInfo.gmd:MD_DataIdentification.gmd:pointOfContact.gmd:CI_ResponsibleParty.gmd:organisationName.gco:CharacterString.@xmlns:gco:§http://www.isotc211.org/2005/gco,http://www.isotc211.org/2005/gco,gmd:identificationInfo£gmd:MD_DataIdentification£gmd:pointOfContact£gmd:CI_ResponsibleParty£gmd:organisationName£gco:CharacterString£@xmlns:gco:,gmd:identificationInfo,gmd:MD_DataIdentification,gmd:pointOfContact,gmd:CI_ResponsibleParty,gmd:organisationName,gco:CharacterString,@xmlns:gco:,,,,,
85,gmd:identificationInfo.gmd:MD_DataIdentification.gmd:pointOfContact.gmd:CI_ResponsibleParty.gmd:organisationName.gco:CharacterString.#text:§UMR 5023 LEHNA,UMR 5023 LEHNA,gmd:identificationInfo£gmd:MD_DataIdentification£gmd:pointOfContact£gmd:CI_ResponsibleParty£gmd:organisationName£gco:CharacterString£#text:,gmd:identificationInfo,gmd:MD_DataIdentification,gmd:pointOfContact,gmd:CI_ResponsibleParty,gmd:organisationName,gco:CharacterString,#text:,,,,,
86,gmd:identificationInfo.gmd:MD_DataIdentification.gmd:pointOfContact.gmd:CI_ResponsibleParty.gmd:positionName.gco:CharacterString.@xmlns:gco:§http://www.isotc211.org/2005/gco,http://www.isotc211.org/2005/gco,gmd:identificationInfo£gmd:MD_DataIdentification£gmd:pointOfContact£gmd:CI_ResponsibleParty£gmd:positionName£gco:CharacterString£@xmlns:gco:,gmd:identificationInfo,gmd:MD_DataIdentification,gmd:pointOfContact,gmd:CI_ResponsibleParty,gmd:positionName,gco:CharacterString,@xmlns:gco:,,,,,
87,gmd:identificationInfo.gmd:MD_DataIdentification.gmd:pointOfContact.gmd:CI_ResponsibleParty.gmd:positionName.gco:CharacterString.#text:§Professeur des universités,Professeur des universités,gmd:identificationInfo£gmd:MD_DataIdentification£gmd:pointOfContact£gmd:CI_ResponsibleParty£gmd:positionName£gco:CharacterString£#text:,gmd:identificationInfo,gmd:MD_DataIdentification,gmd:pointOfContact,gmd:CI_ResponsibleParty,gmd:positionName,gco:CharacterString,#text:,,,,,
88,gmd:identificationInfo.gmd:MD_DataIdentification.gmd:pointOfContact.gmd:CI_ResponsibleParty.gmd:contactInfo.gmd:CI_Contact.gmd:phone.gmd:CI_Telephone.gmd:voice.gco:CharacterString.@xmlns:gco:§http://www.isotc211.org/2005/gco,http://www.isotc211.org/2005/gco,gmd:identificationInfo£gmd:MD_DataIdentification£gmd:pointOfContact£gmd:CI_ResponsibleParty£gmd:contactInfo£gmd:CI_Contact£gmd:phone£gmd:CI_Telephone£gmd:voice£gco:CharacterString£@xmlns:gco:,gmd:identificationInfo,gmd:MD_DataIdentification,gmd:pointOfContact,gmd:CI_ResponsibleParty,gmd:contactInfo,gmd:CI_Contact,gmd:phone,gmd:CI_Telephone,gmd:voice,gco:CharacterString,@xmlns:gco:,
89,gmd:identificationInfo.gmd:MD_DataIdentification.gmd:pointOfContact.gmd:CI_ResponsibleParty.gmd:contactInfo.gmd:CI_Contact.gmd:phone.gmd:CI_Telephone.gmd:voice.gco:CharacterString.#text:§+33 4 72 43 13 63,+33 4 72 43 13 63,gmd:identificationInfo£gmd:MD_DataIdentification£gmd:pointOfContact£gmd:CI_ResponsibleParty£gmd:contactInfo£gmd:CI_Contact£gmd:phone£gmd:CI_Telephone£gmd:voice£gco:CharacterString£#text:,gmd:identificationInfo,gmd:MD_DataIdentification,gmd:pointOfContact,gmd:CI_ResponsibleParty,gmd:contactInfo,gmd:CI_Contact,gmd:phone,gmd:CI_Telephone,gmd:voice,gco:CharacterString,#text:,
90,gmd:identificationInfo.gmd:MD_DataIdentification.gmd:pointOfContact.gmd:CI_ResponsibleParty.gmd:contactInfo.gmd:CI_Contact.gmd:address.gmd:CI_Address.gmd:deliveryPoint.gco:CharacterString.@xmlns:gco:§http://www.isotc211.org/2005/gco,http://www.isotc211.org/2005/gco,gmd:identificationInfo£gmd:MD_DataIdentification£gmd:pointOfContact£gmd:CI_ResponsibleParty£gmd:contactInfo£gmd:CI_Contact£gmd:address£gmd:CI_Address£gmd:deliveryPoint£gco:CharacterString£@xmlns:gco:,gmd:identificationInfo,gmd:MD_DataIdentification,gmd:pointOfContact,gmd:CI_ResponsibleParty,gmd:contactInfo,gmd:CI_Contact,gmd:address,gmd:CI_Address,gmd:deliveryPoint,gco:CharacterString,@xmlns:gco:,
91,"gmd:identificationInfo.gmd:MD_DataIdentification.gmd:pointOfContact.gmd:CI_ResponsibleParty.gmd:contactInfo.gmd:CI_Contact.gmd:address.gmd:CI_Address.gmd:deliveryPoint.gco:CharacterString.#text:§6 rue Raphaël Dubois, bât Forel Rdc","6 rue Raphaël Dubois, bât Forel Rdc",gmd:identificationInfo£gmd:MD_DataIdentification£gmd:pointOfContact£gmd:CI_ResponsibleParty£gmd:contactInfo£gmd:CI_Contact£gmd:address£gmd:CI_Address£gmd:deliveryPoint£gco:CharacterString£#text:,gmd:identificationInfo,gmd:MD_DataIdentification,gmd:pointOfContact,gmd:CI_ResponsibleParty,gmd:contactInfo,gmd:CI_Contact,gmd:address,gmd:CI_Address,gmd:deliveryPoint,gco:CharacterString,#text:,
92,gmd:identificationInfo.gmd:MD_DataIdentification.gmd:pointOfContact.gmd:CI_ResponsibleParty.gmd:contactInfo.gmd:CI_Contact.gmd:address.gmd:CI_Address.gmd:city.gco:CharacterString.@xmlns:gco:§http://www.isotc211.org/2005/gco,http://www.isotc211.org/2005/gco,gmd:identificationInfo£gmd:MD_DataIdentification£gmd:pointOfContact£gmd:CI_ResponsibleParty£gmd:contactInfo£gmd:CI_Contact£gmd:address£gmd:CI_Address£gmd:city£gco:CharacterString£@xmlns:gco:,gmd:identificationInfo,gmd:MD_DataIdentification,gmd:pointOfContact,gmd:CI_ResponsibleParty,gmd:contactInfo,gmd:CI_Contact,gmd:address,gmd:CI_Address,gmd:city,gco:CharacterString,@xmlns:gco:,
93,gmd:identificationInfo.gmd:MD_DataIdentification.gmd:pointOfContact.gmd:CI_ResponsibleParty.gmd:contactInfo.gmd:CI_Contact.gmd:address.gmd:CI_Address.gmd:city.gco:CharacterString.#text:§Villeurbanne,Villeurbanne,gmd:identificationInfo£gmd:MD_DataIdentification£gmd:pointOfContact£gmd:CI_ResponsibleParty£gmd:contactInfo£gmd:CI_Contact£gmd:address£gmd:CI_Address£gmd:city£gco:CharacterString£#text:,gmd:identificationInfo,gmd:MD_DataIdentification,gmd:pointOfContact,gmd:CI_ResponsibleParty,gmd:contactInfo,gmd:CI_Contact,gmd:address,gmd:CI_Address,gmd:city,gco:CharacterString,#text:,
94,gmd:identificationInfo.gmd:MD_DataIdentification.gmd:pointOfContact.gmd:CI_ResponsibleParty.gmd:contactInfo.gmd:CI_Contact.gmd:address.gmd:CI_Address.gmd:postalCode.gco:CharacterString.@xmlns:gco:§http://www.isotc211.org/2005/gco,http://www.isotc211.org/2005/gco,gmd:identificationInfo£gmd:MD_DataIdentification£gmd:pointOfContact£gmd:CI_ResponsibleParty£gmd:contactInfo£gmd:CI_Contact£gmd:address£gmd:CI_Address£gmd:postalCode£gco:CharacterString£@xmlns:gco:,gmd:identificationInfo,gmd:MD_DataIdentification,gmd:pointOfContact,gmd:CI_ResponsibleParty,gmd:contactInfo,gmd:CI_Contact,gmd:address,gmd:CI_Address,gmd:postalCode,gco:CharacterString,@xmlns:gco:,
95,gmd:identificationInfo.gmd:MD_DataIdentification.gmd:pointOfContact.gmd:CI_ResponsibleParty.gmd:contactInfo.gmd:CI_Contact.gmd:address.gmd:CI_Address.gmd:postalCode.gco:CharacterString.#text:§69100,69100,gmd:identificationInfo£gmd:MD_DataIdentification£gmd:pointOfContact£gmd:CI_ResponsibleParty£gmd:contactInfo£gmd:CI_Contact£gmd:address£gmd:CI_Address£gmd:postalCode£gco:CharacterString£#text:,gmd:identificationInfo,gmd:MD_DataIdentification,gmd:pointOfContact,gmd:CI_ResponsibleParty,gmd:contactInfo,gmd:CI_Contact,gmd:address,gmd:CI_Address,gmd:postalCode,gco:CharacterString,#text:,
96,gmd:identificationInfo.gmd:MD_DataIdentification.gmd:pointOfContact.gmd:CI_ResponsibleParty.gmd:contactInfo.gmd:CI_Contact.gmd:address.gmd:CI_Address.gmd:country.gco:CharacterString.@xmlns:gco:§http://www.isotc211.org/2005/gco,http://www.isotc211.org/2005/gco,gmd:identificationInfo£gmd:MD_DataIdentification£gmd:pointOfContact£gmd:CI_ResponsibleParty£gmd:contactInfo£gmd:CI_Contact£gmd:address£gmd:CI_Address£gmd:country£gco:CharacterString£@xmlns:gco:,gmd:identificationInfo,gmd:MD_DataIdentification,gmd:pointOfContact,gmd:CI_ResponsibleParty,gmd:contactInfo,gmd:CI_Contact,gmd:address,gmd:CI_Address,gmd:country,gco:CharacterString,@xmlns:gco:,
97,gmd:identificationInfo.gmd:MD_DataIdentification.gmd:pointOfContact.gmd:CI_ResponsibleParty.gmd:contactInfo.gmd:CI_Contact.gmd:address.gmd:CI_Address.gmd:country.gco:CharacterString.#text:§France,France,gmd:identificationInfo£gmd:MD_DataIdentification£gmd:pointOfContact£gmd:CI_ResponsibleParty£gmd:contactInfo£gmd:CI_Contact£gmd:address£gmd:CI_Address£gmd:country£gco:CharacterString£#text:,gmd:identificationInfo,gmd:MD_DataIdentification,gmd:pointOfContact,gmd:CI_ResponsibleParty,gmd:contactInfo,gmd:CI_Contact,gmd:address,gmd:CI_Address,gmd:country,gco:CharacterString,#text:,
98,gmd:identificationInfo.gmd:MD_DataIdentification.gmd:pointOfContact.gmd:CI_ResponsibleParty.gmd:contactInfo.gmd:CI_Contact.gmd:address.gmd:CI_Address.gmd:electronicMailAddress.gco:CharacterString.@xmlns:gco:§http://www.isotc211.org/2005/gco,http://www.isotc211.org/2005/gco,gmd:identificationInfo£gmd:MD_DataIdentification£gmd:pointOfContact£gmd:CI_ResponsibleParty£gmd:contactInfo£gmd:CI_Contact£gmd:address£gmd:CI_Address£gmd:electronicMailAddress£gco:CharacterString£@xmlns:gco:,gmd:identificationInfo,gmd:MD_DataIdentification,gmd:pointOfContact,gmd:CI_ResponsibleParty,gmd:contactInfo,gmd:CI_Contact,gmd:address,gmd:CI_Address,gmd:electronicMailAddress,gco:CharacterString,@xmlns:gco:,
99,gmd:identificationInfo.gmd:MD_DataIdentification.gmd:pointOfContact.gmd:CI_ResponsibleParty.gmd:contactInfo.gmd:CI_Contact.gmd:address.gmd:CI_Address.gmd:electronicMailAddress.gco:CharacterString.#text:§sylvain.doledec@univ-lyon1.fr,sylvain.doledec@univ-lyon1.fr,gmd:identificationInfo£gmd:MD_DataIdentification£gmd:pointOfContact£gmd:CI_ResponsibleParty£gmd:contactInfo£gmd:CI_Contact£gmd:address£gmd:CI_Address£gmd:electronicMailAddress£gco:CharacterString£#text:,gmd:identificationInfo,gmd:MD_DataIdentification,gmd:pointOfContact,gmd:CI_ResponsibleParty,gmd:contactInfo,gmd:CI_Contact,gmd:address,gmd:CI_Address,gmd:electronicMailAddress,gco:CharacterString,#text:,
100,gmd:identificationInfo.gmd:MD_DataIdentification.gmd:pointOfContact.gmd:CI_ResponsibleParty.gmd:role.gmd:CI_RoleCode.@codeList:§http://standards.iso.org/iso/19139/resources/gmxCodelists.xml#CI_RoleCode,http://standards.iso.org/iso/19139/resources/gmxCodelists.xml#CI_RoleCode,gmd:identificationInfo£gmd:MD_DataIdentification£gmd:pointOfContact£gmd:CI_ResponsibleParty£gmd:role£gmd:CI_RoleCode£@codeList:,gmd:identificationInfo,gmd:MD_DataIdentification,gmd:pointOfContact,gmd:CI_ResponsibleParty,gmd:role,gmd:CI_RoleCode,@codeList:,,,,,
101,gmd:identificationInfo.gmd:MD_DataIdentification.gmd:pointOfContact.gmd:CI_ResponsibleParty.gmd:role.gmd:CI_RoleCode.@codeListValue:§author,author,gmd:identificationInfo£gmd:MD_DataIdentification£gmd:pointOfContact£gmd:CI_ResponsibleParty£gmd:role£gmd:CI_RoleCode£@codeListValue:,gmd:identificationInfo,gmd:MD_DataIdentification,gmd:pointOfContact,gmd:CI_ResponsibleParty,gmd:role,gmd:CI_RoleCode,@codeListValue:,,,,,
102,"gmd:identificationInfo.gmd:MD_DataIdentification.gmd:resourceMaintenance.#text:§
        ""
        ","
        ""
        ",gmd:identificationInfo£gmd:MD_DataIdentification£gmd:resourceMaintenance£#text:,gmd:identificationInfo,gmd:MD_DataIdentification,gmd:resourceMaintenance,#text:,,,,,,,,
103,"gmd:identificationInfo.gmd:MD_DataIdentification.gmd:resourceMaintenance.#text:§
        ""
      ","
        ""
      ",gmd:identificationInfo£gmd:MD_DataIdentification£gmd:resourceMaintenance£#text:,gmd:identificationInfo,gmd:MD_DataIdentification,gmd:resourceMaintenance,#text:,,,,,,,,
104,"gmd:identificationInfo.gmd:MD_DataIdentification.gmd:resourceMaintenance.gmd:MD_MaintenanceInformation.gmd:maintenanceAndUpdateFrequency.#text:§
            ""
            ","
            ""
            ",gmd:identificationInfo£gmd:MD_DataIdentification£gmd:resourceMaintenance£gmd:MD_MaintenanceInformation£gmd:maintenanceAndUpdateFrequency£#text:,gmd:identificationInfo,gmd:MD_DataIdentification,gmd:resourceMaintenance,gmd:MD_MaintenanceInformation,gmd:maintenanceAndUpdateFrequency,#text:,,,,,,
105,"gmd:identificationInfo.gmd:MD_DataIdentification.gmd:resourceMaintenance.gmd:MD_MaintenanceInformation.gmd:maintenanceAndUpdateFrequency.#text:§
            ""
          ","
            ""
          ",gmd:identificationInfo£gmd:MD_DataIdentification£gmd:resourceMaintenance£gmd:MD_MaintenanceInformation£gmd:maintenanceAndUpdateFrequency£#text:,gmd:identificationInfo,gmd:MD_DataIdentification,gmd:resourceMaintenance,gmd:MD_MaintenanceInformation,gmd:maintenanceAndUpdateFrequency,#text:,,,,,,
106,gmd:identificationInfo.gmd:MD_DataIdentification.gmd:resourceMaintenance.gmd:MD_MaintenanceInformation.gmd:maintenanceAndUpdateFrequency.gmd:MD_MaintenanceFrequencyCode.@codeListValue:§notPlanned,notPlanned,gmd:identificationInfo£gmd:MD_DataIdentification£gmd:resourceMaintenance£gmd:MD_MaintenanceInformation£gmd:maintenanceAndUpdateFrequency£gmd:MD_MaintenanceFrequencyCode£@codeListValue:,gmd:identificationInfo,gmd:MD_DataIdentification,gmd:resourceMaintenance,gmd:MD_MaintenanceInformation,gmd:maintenanceAndUpdateFrequency,gmd:MD_MaintenanceFrequencyCode,@codeListValue:,,,,,
107,gmd:identificationInfo.gmd:MD_DataIdentification.gmd:resourceMaintenance.gmd:MD_MaintenanceInformation.gmd:maintenanceAndUpdateFrequency.gmd:MD_MaintenanceFrequencyCode.@codeList:§http://standards.iso.org/iso/19139/resources/gmxCodelists.xml#MD_MaintenanceFrequencyCode,http://standards.iso.org/iso/19139/resources/gmxCodelists.xml#MD_MaintenanceFrequencyCode,gmd:identificationInfo£gmd:MD_DataIdentification£gmd:resourceMaintenance£gmd:MD_MaintenanceInformation£gmd:maintenanceAndUpdateFrequency£gmd:MD_MaintenanceFrequencyCode£@codeList:,gmd:identificationInfo,gmd:MD_DataIdentification,gmd:resourceMaintenance,gmd:MD_MaintenanceInformation,gmd:maintenanceAndUpdateFrequency,gmd:MD_MaintenanceFrequencyCode,@codeList:,,,,,
108,gmd:identificationInfo.gmd:MD_DataIdentification.gmd:graphicOverview.gmd:MD_BrowseGraphic.gmd:fileName.gco:CharacterString.@xmlns:gco:§http://www.isotc211.org/2005/gco,http://www.isotc211.org/2005/gco,gmd:identificationInfo£gmd:MD_DataIdentification£gmd:graphicOverview£gmd:MD_BrowseGraphic£gmd:fileName£gco:CharacterString£@xmlns:gco:,gmd:identificationInfo,gmd:MD_DataIdentification,gmd:graphicOverview,gmd:MD_BrowseGraphic,gmd:fileName,gco:CharacterString,@xmlns:gco:,,,,,
109,gmd:identificationInfo.gmd:MD_DataIdentification.gmd:graphicOverview.gmd:MD_BrowseGraphic.gmd:fileName.gco:CharacterString.#text:§https://cat.indores.fr/geonetwork/srv/api/records/7cf0ce8e-ccbb-4fe8-9682-d289665a49fc/attachments/IMG_0388.JPG,https://cat.indores.fr/geonetwork/srv/api/records/7cf0ce8e-ccbb-4fe8-9682-d289665a49fc/attachments/IMG_0388.JPG,gmd:identificationInfo£gmd:MD_DataIdentification£gmd:graphicOverview£gmd:MD_BrowseGraphic£gmd:fileName£gco:CharacterString£#text:,gmd:identificationInfo,gmd:MD_DataIdentification,gmd:graphicOverview,gmd:MD_BrowseGraphic,gmd:fileName,gco:CharacterString,#text:,,,,,
110,gmd:identificationInfo.gmd:MD_DataIdentification.gmd:graphicOverview.gmd:MD_BrowseGraphic.gmd:fileDescription.gco:CharacterString.@xmlns:gco:§http://www.isotc211.org/2005/gco,http://www.isotc211.org/2005/gco,gmd:identificationInfo£gmd:MD_DataIdentification£gmd:graphicOverview£gmd:MD_BrowseGraphic£gmd:fileDescription£gco:CharacterString£@xmlns:gco:,gmd:identificationInfo,gmd:MD_DataIdentification,gmd:graphicOverview,gmd:MD_BrowseGraphic,gmd:fileDescription,gco:CharacterString,@xmlns:gco:,,,,,
111,gmd:identificationInfo.gmd:MD_DataIdentification.gmd:graphicOverview.gmd:MD_BrowseGraphic.gmd:fileDescription.gco:CharacterString.#text:§large_thumbnail,large_thumbnail,gmd:identificationInfo£gmd:MD_DataIdentification£gmd:graphicOverview£gmd:MD_BrowseGraphic£gmd:fileDescription£gco:CharacterString£#text:,gmd:identificationInfo,gmd:MD_DataIdentification,gmd:graphicOverview,gmd:MD_BrowseGraphic,gmd:fileDescription,gco:CharacterString,#text:,,,,,
112,gmd:identificationInfo.gmd:MD_DataIdentification.gmd:graphicOverview.gmd:MD_BrowseGraphic.gmd:fileType.gco:CharacterString.@xmlns:gco:§http://www.isotc211.org/2005/gco,http://www.isotc211.org/2005/gco,gmd:identificationInfo£gmd:MD_DataIdentification£gmd:graphicOverview£gmd:MD_BrowseGraphic£gmd:fileType£gco:CharacterString£@xmlns:gco:,gmd:identificationInfo,gmd:MD_DataIdentification,gmd:graphicOverview,gmd:MD_BrowseGraphic,gmd:fileType,gco:CharacterString,@xmlns:gco:,,,,,
113,gmd:identificationInfo.gmd:MD_DataIdentification.gmd:graphicOverview.gmd:MD_BrowseGraphic.gmd:fileType.gco:CharacterString.#text:§JPG,JPG,gmd:identificationInfo£gmd:MD_DataIdentification£gmd:graphicOverview£gmd:MD_BrowseGraphic£gmd:fileType£gco:CharacterString£#text:,gmd:identificationInfo,gmd:MD_DataIdentification,gmd:graphicOverview,gmd:MD_BrowseGraphic,gmd:fileType,gco:CharacterString,#text:,,,,,
114,gmd:identificationInfo.gmd:MD_DataIdentification.gmd:descriptiveKeywords.gmd:MD_Keywords.gmd:keyword.gco:CharacterString.@xmlns:gco:§http://www.isotc211.org/2005/gco,http://www.isotc211.org/2005/gco,gmd:identificationInfo£gmd:MD_DataIdentification£gmd:descriptiveKeywords£gmd:MD_Keywords£gmd:keyword£gco:CharacterString£@xmlns:gco:,gmd:identificationInfo,gmd:MD_DataIdentification,gmd:descriptiveKeywords,gmd:MD_Keywords,gmd:keyword,gco:CharacterString,@xmlns:gco:,,,,,
115,gmd:identificationInfo.gmd:MD_DataIdentification.gmd:descriptiveKeywords.gmd:MD_Keywords.gmd:keyword.gco:CharacterString.#text:§Répartition des espèces,Répartition des espèces,gmd:identificationInfo£gmd:MD_DataIdentification£gmd:descriptiveKeywords£gmd:MD_Keywords£gmd:keyword£gco:CharacterString£#text:,gmd:identificationInfo,gmd:MD_DataIdentification,gmd:descriptiveKeywords,gmd:MD_Keywords,gmd:keyword,gco:CharacterString,#text:,,,,,
116,gmd:identificationInfo.gmd:MD_DataIdentification.gmd:descriptiveKeywords.gmd:MD_Keywords.gmd:keyword.gco:CharacterString.@xmlns:gco:§http://www.isotc211.org/2005/gco,http://www.isotc211.org/2005/gco,gmd:identificationInfo£gmd:MD_DataIdentification£gmd:descriptiveKeywords£gmd:MD_Keywords£gmd:keyword£gco:CharacterString£@xmlns:gco:,gmd:identificationInfo,gmd:MD_DataIdentification,gmd:descriptiveKeywords,gmd:MD_Keywords,gmd:keyword,gco:CharacterString,@xmlns:gco:,,,,,
117,gmd:identificationInfo.gmd:MD_DataIdentification.gmd:descriptiveKeywords.gmd:MD_Keywords.gmd:keyword.gco:CharacterString.#text:§Habitats et biotopes,Habitats et biotopes,gmd:identificationInfo£gmd:MD_DataIdentification£gmd:descriptiveKeywords£gmd:MD_Keywords£gmd:keyword£gco:CharacterString£#text:,gmd:identificationInfo,gmd:MD_DataIdentification,gmd:descriptiveKeywords,gmd:MD_Keywords,gmd:keyword,gco:CharacterString,#text:,,,,,
118,gmd:identificationInfo.gmd:MD_DataIdentification.gmd:descriptiveKeywords.gmd:MD_Keywords.gmd:type.gmd:MD_KeywordTypeCode.@codeList:§http://standards.iso.org/iso/19139/resources/gmxCodelists.xml#MD_KeywordTypeCode,http://standards.iso.org/iso/19139/resources/gmxCodelists.xml#MD_KeywordTypeCode,gmd:identificationInfo£gmd:MD_DataIdentification£gmd:descriptiveKeywords£gmd:MD_Keywords£gmd:type£gmd:MD_KeywordTypeCode£@codeList:,gmd:identificationInfo,gmd:MD_DataIdentification,gmd:descriptiveKeywords,gmd:MD_Keywords,gmd:type,gmd:MD_KeywordTypeCode,@codeList:,,,,,
119,gmd:identificationInfo.gmd:MD_DataIdentification.gmd:descriptiveKeywords.gmd:MD_Keywords.gmd:type.gmd:MD_KeywordTypeCode.@codeListValue:§theme,theme,gmd:identificationInfo£gmd:MD_DataIdentification£gmd:descriptiveKeywords£gmd:MD_Keywords£gmd:type£gmd:MD_KeywordTypeCode£@codeListValue:,gmd:identificationInfo,gmd:MD_DataIdentification,gmd:descriptiveKeywords,gmd:MD_Keywords,gmd:type,gmd:MD_KeywordTypeCode,@codeListValue:,,,,,
120,gmd:identificationInfo.gmd:MD_DataIdentification.gmd:descriptiveKeywords.gmd:MD_Keywords.gmd:thesaurusName.gmd:CI_Citation.gmd:title.gco:CharacterString.@xmlns:gco:§http://www.isotc211.org/2005/gco,http://www.isotc211.org/2005/gco,gmd:identificationInfo£gmd:MD_DataIdentification£gmd:descriptiveKeywords£gmd:MD_Keywords£gmd:thesaurusName£gmd:CI_Citation£gmd:title£gco:CharacterString£@xmlns:gco:,gmd:identificationInfo,gmd:MD_DataIdentification,gmd:descriptiveKeywords,gmd:MD_Keywords,gmd:thesaurusName,gmd:CI_Citation,gmd:title,gco:CharacterString,@xmlns:gco:,,,
121,"gmd:identificationInfo.gmd:MD_DataIdentification.gmd:descriptiveKeywords.gmd:MD_Keywords.gmd:thesaurusName.gmd:CI_Citation.gmd:title.gco:CharacterString.#text:§GEMET - INSPIRE themes, version 1.0","GEMET - INSPIRE themes, version 1.0",gmd:identificationInfo£gmd:MD_DataIdentification£gmd:descriptiveKeywords£gmd:MD_Keywords£gmd:thesaurusName£gmd:CI_Citation£gmd:title£gco:CharacterString£#text:,gmd:identificationInfo,gmd:MD_DataIdentification,gmd:descriptiveKeywords,gmd:MD_Keywords,gmd:thesaurusName,gmd:CI_Citation,gmd:title,gco:CharacterString,#text:,,,
122,gmd:identificationInfo.gmd:MD_DataIdentification.gmd:descriptiveKeywords.gmd:MD_Keywords.gmd:thesaurusName.gmd:CI_Citation.gmd:date.gmd:CI_Date.gmd:date.gco:Date.@xmlns:gco:§http://www.isotc211.org/2005/gco,http://www.isotc211.org/2005/gco,gmd:identificationInfo£gmd:MD_DataIdentification£gmd:descriptiveKeywords£gmd:MD_Keywords£gmd:thesaurusName£gmd:CI_Citation£gmd:date£gmd:CI_Date£gmd:date£gco:Date£@xmlns:gco:,gmd:identificationInfo,gmd:MD_DataIdentification,gmd:descriptiveKeywords,gmd:MD_Keywords,gmd:thesaurusName,gmd:CI_Citation,gmd:date,gmd:CI_Date,gmd:date,gco:Date,@xmlns:gco:,
123,gmd:identificationInfo.gmd:MD_DataIdentification.gmd:descriptiveKeywords.gmd:MD_Keywords.gmd:thesaurusName.gmd:CI_Citation.gmd:date.gmd:CI_Date.gmd:date.gco:Date.#text:§2008-06-01,2008-06-01,gmd:identificationInfo£gmd:MD_DataIdentification£gmd:descriptiveKeywords£gmd:MD_Keywords£gmd:thesaurusName£gmd:CI_Citation£gmd:date£gmd:CI_Date£gmd:date£gco:Date£#text:,gmd:identificationInfo,gmd:MD_DataIdentification,gmd:descriptiveKeywords,gmd:MD_Keywords,gmd:thesaurusName,gmd:CI_Citation,gmd:date,gmd:CI_Date,gmd:date,gco:Date,#text:,
124,gmd:identificationInfo.gmd:MD_DataIdentification.gmd:descriptiveKeywords.gmd:MD_Keywords.gmd:thesaurusName.gmd:CI_Citation.gmd:date.gmd:CI_Date.gmd:dateType.gmd:CI_DateTypeCode.@codeList:§http://standards.iso.org/iso/19139/resources/gmxCodelists.xml#CI_DateTypeCode,http://standards.iso.org/iso/19139/resources/gmxCodelists.xml#CI_DateTypeCode,gmd:identificationInfo£gmd:MD_DataIdentification£gmd:descriptiveKeywords£gmd:MD_Keywords£gmd:thesaurusName£gmd:CI_Citation£gmd:date£gmd:CI_Date£gmd:dateType£gmd:CI_DateTypeCode£@codeList:,gmd:identificationInfo,gmd:MD_DataIdentification,gmd:descriptiveKeywords,gmd:MD_Keywords,gmd:thesaurusName,gmd:CI_Citation,gmd:date,gmd:CI_Date,gmd:dateType,gmd:CI_DateTypeCode,@codeList:,
125,gmd:identificationInfo.gmd:MD_DataIdentification.gmd:descriptiveKeywords.gmd:MD_Keywords.gmd:thesaurusName.gmd:CI_Citation.gmd:date.gmd:CI_Date.gmd:dateType.gmd:CI_DateTypeCode.@codeListValue:§publication,publication,gmd:identificationInfo£gmd:MD_DataIdentification£gmd:descriptiveKeywords£gmd:MD_Keywords£gmd:thesaurusName£gmd:CI_Citation£gmd:date£gmd:CI_Date£gmd:dateType£gmd:CI_DateTypeCode£@codeListValue:,gmd:identificationInfo,gmd:MD_DataIdentification,gmd:descriptiveKeywords,gmd:MD_Keywords,gmd:thesaurusName,gmd:CI_Citation,gmd:date,gmd:CI_Date,gmd:dateType,gmd:CI_DateTypeCode,@codeListValue:,
126,gmd:identificationInfo.gmd:MD_DataIdentification.gmd:descriptiveKeywords.gmd:MD_Keywords.gmd:thesaurusName.gmd:CI_Citation.gmd:identifier.gmd:MD_Identifier.gmd:code.gmx:Anchor.@xmlns:gmx:§http://www.isotc211.org/2005/gmx,http://www.isotc211.org/2005/gmx,gmd:identificationInfo£gmd:MD_DataIdentification£gmd:descriptiveKeywords£gmd:MD_Keywords£gmd:thesaurusName£gmd:CI_Citation£gmd:identifier£gmd:MD_Identifier£gmd:code£gmx:Anchor£@xmlns:gmx:,gmd:identificationInfo,gmd:MD_DataIdentification,gmd:descriptiveKeywords,gmd:MD_Keywords,gmd:thesaurusName,gmd:CI_Citation,gmd:identifier,gmd:MD_Identifier,gmd:code,gmx:Anchor,@xmlns:gmx:,
127,gmd:identificationInfo.gmd:MD_DataIdentification.gmd:descriptiveKeywords.gmd:MD_Keywords.gmd:thesaurusName.gmd:CI_Citation.gmd:identifier.gmd:MD_Identifier.gmd:code.gmx:Anchor.@xmlns:xlink:§http://www.w3.org/1999/xlink,http://www.w3.org/1999/xlink,gmd:identificationInfo£gmd:MD_DataIdentification£gmd:descriptiveKeywords£gmd:MD_Keywords£gmd:thesaurusName£gmd:CI_Citation£gmd:identifier£gmd:MD_Identifier£gmd:code£gmx:Anchor£@xmlns:xlink:,gmd:identificationInfo,gmd:MD_DataIdentification,gmd:descriptiveKeywords,gmd:MD_Keywords,gmd:thesaurusName,gmd:CI_Citation,gmd:identifier,gmd:MD_Identifier,gmd:code,gmx:Anchor,@xmlns:xlink:,
128,gmd:identificationInfo.gmd:MD_DataIdentification.gmd:descriptiveKeywords.gmd:MD_Keywords.gmd:thesaurusName.gmd:CI_Citation.gmd:identifier.gmd:MD_Identifier.gmd:code.gmx:Anchor.@xlink:href:§https://metazabr.irstea.fr/geonetwork/srv/eng/thesaurus.download?ref=external.theme.inspire-theme,https://metazabr.irstea.fr/geonetwork/srv/eng/thesaurus.download?ref=external.theme.inspire-theme,gmd:identificationInfo£gmd:MD_DataIdentification£gmd:descriptiveKeywords£gmd:MD_Keywords£gmd:thesaurusName£gmd:CI_Citation£gmd:identifier£gmd:MD_Identifier£gmd:code£gmx:Anchor£@xlink:href:,gmd:identificationInfo,gmd:MD_DataIdentification,gmd:descriptiveKeywords,gmd:MD_Keywords,gmd:thesaurusName,gmd:CI_Citation,gmd:identifier,gmd:MD_Identifier,gmd:code,gmx:Anchor,@xlink:href:,
129,gmd:identificationInfo.gmd:MD_DataIdentification.gmd:descriptiveKeywords.gmd:MD_Keywords.gmd:thesaurusName.gmd:CI_Citation.gmd:identifier.gmd:MD_Identifier.gmd:code.gmx:Anchor.#text:§geonetwork.thesaurus.external.theme.inspire-theme,geonetwork.thesaurus.external.theme.inspire-theme,gmd:identificationInfo£gmd:MD_DataIdentification£gmd:descriptiveKeywords£gmd:MD_Keywords£gmd:thesaurusName£gmd:CI_Citation£gmd:identifier£gmd:MD_Identifier£gmd:code£gmx:Anchor£#text:,gmd:identificationInfo,gmd:MD_DataIdentification,gmd:descriptiveKeywords,gmd:MD_Keywords,gmd:thesaurusName,gmd:CI_Citation,gmd:identifier,gmd:MD_Identifier,gmd:code,gmx:Anchor,#text:,
130,gmd:identificationInfo.gmd:MD_DataIdentification.gmd:descriptiveKeywords.gmd:MD_Keywords.gmd:keyword.gco:CharacterString.@xmlns:gco:§http://www.isotc211.org/2005/gco,http://www.isotc211.org/2005/gco,gmd:identificationInfo£gmd:MD_DataIdentification£gmd:descriptiveKeywords£gmd:MD_Keywords£gmd:keyword£gco:CharacterString£@xmlns:gco:,gmd:identificationInfo,gmd:MD_DataIdentification,gmd:descriptiveKeywords,gmd:MD_Keywords,gmd:keyword,gco:CharacterString,@xmlns:gco:,,,,,
131,gmd:identificationInfo.gmd:MD_DataIdentification.gmd:descriptiveKeywords.gmd:MD_Keywords.gmd:keyword.gco:CharacterString.#text:§Ecologie,Ecologie,gmd:identificationInfo£gmd:MD_DataIdentification£gmd:descriptiveKeywords£gmd:MD_Keywords£gmd:keyword£gco:CharacterString£#text:,gmd:identificationInfo,gmd:MD_DataIdentification,gmd:descriptiveKeywords,gmd:MD_Keywords,gmd:keyword,gco:CharacterString,#text:,,,,,
132,gmd:identificationInfo.gmd:MD_DataIdentification.gmd:descriptiveKeywords.gmd:MD_Keywords.gmd:keyword.gco:CharacterString.@xmlns:gco:§http://www.isotc211.org/2005/gco,http://www.isotc211.org/2005/gco,gmd:identificationInfo£gmd:MD_DataIdentification£gmd:descriptiveKeywords£gmd:MD_Keywords£gmd:keyword£gco:CharacterString£@xmlns:gco:,gmd:identificationInfo,gmd:MD_DataIdentification,gmd:descriptiveKeywords,gmd:MD_Keywords,gmd:keyword,gco:CharacterString,@xmlns:gco:,,,,,
133,gmd:identificationInfo.gmd:MD_DataIdentification.gmd:descriptiveKeywords.gmd:MD_Keywords.gmd:keyword.gco:CharacterString.#text:§Affluent,Affluent,gmd:identificationInfo£gmd:MD_DataIdentification£gmd:descriptiveKeywords£gmd:MD_Keywords£gmd:keyword£gco:CharacterString£#text:,gmd:identificationInfo,gmd:MD_DataIdentification,gmd:descriptiveKeywords,gmd:MD_Keywords,gmd:keyword,gco:CharacterString,#text:,,,,,
134,gmd:identificationInfo.gmd:MD_DataIdentification.gmd:descriptiveKeywords.gmd:MD_Keywords.gmd:keyword.gco:CharacterString.@xmlns:gco:§http://www.isotc211.org/2005/gco,http://www.isotc211.org/2005/gco,gmd:identificationInfo£gmd:MD_DataIdentification£gmd:descriptiveKeywords£gmd:MD_Keywords£gmd:keyword£gco:CharacterString£@xmlns:gco:,gmd:identificationInfo,gmd:MD_DataIdentification,gmd:descriptiveKeywords,gmd:MD_Keywords,gmd:keyword,gco:CharacterString,@xmlns:gco:,,,,,
135,gmd:identificationInfo.gmd:MD_DataIdentification.gmd:descriptiveKeywords.gmd:MD_Keywords.gmd:keyword.gco:CharacterString.#text:§Eaux de surface,Eaux de surface,gmd:identificationInfo£gmd:MD_DataIdentification£gmd:descriptiveKeywords£gmd:MD_Keywords£gmd:keyword£gco:CharacterString£#text:,gmd:identificationInfo,gmd:MD_DataIdentification,gmd:descriptiveKeywords,gmd:MD_Keywords,gmd:keyword,gco:CharacterString,#text:,,,,,
136,gmd:identificationInfo.gmd:MD_DataIdentification.gmd:descriptiveKeywords.gmd:MD_Keywords.gmd:keyword.gco:CharacterString.@xmlns:gco:§http://www.isotc211.org/2005/gco,http://www.isotc211.org/2005/gco,gmd:identificationInfo£gmd:MD_DataIdentification£gmd:descriptiveKeywords£gmd:MD_Keywords£gmd:keyword£gco:CharacterString£@xmlns:gco:,gmd:identificationInfo,gmd:MD_DataIdentification,gmd:descriptiveKeywords,gmd:MD_Keywords,gmd:keyword,gco:CharacterString,@xmlns:gco:,,,,,
137,gmd:identificationInfo.gmd:MD_DataIdentification.gmd:descriptiveKeywords.gmd:MD_Keywords.gmd:keyword.gco:CharacterString.#text:§Connectivité,Connectivité,gmd:identificationInfo£gmd:MD_DataIdentification£gmd:descriptiveKeywords£gmd:MD_Keywords£gmd:keyword£gco:CharacterString£#text:,gmd:identificationInfo,gmd:MD_DataIdentification,gmd:descriptiveKeywords,gmd:MD_Keywords,gmd:keyword,gco:CharacterString,#text:,,,,,
138,gmd:identificationInfo.gmd:MD_DataIdentification.gmd:descriptiveKeywords.gmd:MD_Keywords.gmd:keyword.gco:CharacterString.@xmlns:gco:§http://www.isotc211.org/2005/gco,http://www.isotc211.org/2005/gco,gmd:identificationInfo£gmd:MD_DataIdentification£gmd:descriptiveKeywords£gmd:MD_Keywords£gmd:keyword£gco:CharacterString£@xmlns:gco:,gmd:identificationInfo,gmd:MD_DataIdentification,gmd:descriptiveKeywords,gmd:MD_Keywords,gmd:keyword,gco:CharacterString,@xmlns:gco:,,,,,
139,gmd:identificationInfo.gmd:MD_DataIdentification.gmd:descriptiveKeywords.gmd:MD_Keywords.gmd:keyword.gco:CharacterString.#text:§Biodiversité,Biodiversité,gmd:identificationInfo£gmd:MD_DataIdentification£gmd:descriptiveKeywords£gmd:MD_Keywords£gmd:keyword£gco:CharacterString£#text:,gmd:identificationInfo,gmd:MD_DataIdentification,gmd:descriptiveKeywords,gmd:MD_Keywords,gmd:keyword,gco:CharacterString,#text:,,,,,
140,gmd:identificationInfo.gmd:MD_DataIdentification.gmd:descriptiveKeywords.gmd:MD_Keywords.gmd:keyword.gco:CharacterString.@xmlns:gco:§http://www.isotc211.org/2005/gco,http://www.isotc211.org/2005/gco,gmd:identificationInfo£gmd:MD_DataIdentification£gmd:descriptiveKeywords£gmd:MD_Keywords£gmd:keyword£gco:CharacterString£@xmlns:gco:,gmd:identificationInfo,gmd:MD_DataIdentification,gmd:descriptiveKeywords,gmd:MD_Keywords,gmd:keyword,gco:CharacterString,@xmlns:gco:,,,,,
141,gmd:identificationInfo.gmd:MD_DataIdentification.gmd:descriptiveKeywords.gmd:MD_Keywords.gmd:keyword.gco:CharacterString.#text:§Habitat,Habitat,gmd:identificationInfo£gmd:MD_DataIdentification£gmd:descriptiveKeywords£gmd:MD_Keywords£gmd:keyword£gco:CharacterString£#text:,gmd:identificationInfo,gmd:MD_DataIdentification,gmd:descriptiveKeywords,gmd:MD_Keywords,gmd:keyword,gco:CharacterString,#text:,,,,,
142,gmd:identificationInfo.gmd:MD_DataIdentification.gmd:descriptiveKeywords.gmd:MD_Keywords.gmd:keyword.gco:CharacterString.@xmlns:gco:§http://www.isotc211.org/2005/gco,http://www.isotc211.org/2005/gco,gmd:identificationInfo£gmd:MD_DataIdentification£gmd:descriptiveKeywords£gmd:MD_Keywords£gmd:keyword£gco:CharacterString£@xmlns:gco:,gmd:identificationInfo,gmd:MD_DataIdentification,gmd:descriptiveKeywords,gmd:MD_Keywords,gmd:keyword,gco:CharacterString,@xmlns:gco:,,,,,
143,gmd:identificationInfo.gmd:MD_DataIdentification.gmd:descriptiveKeywords.gmd:MD_Keywords.gmd:keyword.gco:CharacterString.#text:§Peuplement de rivière,Peuplement de rivière,gmd:identificationInfo£gmd:MD_DataIdentification£gmd:descriptiveKeywords£gmd:MD_Keywords£gmd:keyword£gco:CharacterString£#text:,gmd:identificationInfo,gmd:MD_DataIdentification,gmd:descriptiveKeywords,gmd:MD_Keywords,gmd:keyword,gco:CharacterString,#text:,,,,,
144,gmd:identificationInfo.gmd:MD_DataIdentification.gmd:descriptiveKeywords.gmd:MD_Keywords.gmd:keyword.gco:CharacterString.@xmlns:gco:§http://www.isotc211.org/2005/gco,http://www.isotc211.org/2005/gco,gmd:identificationInfo£gmd:MD_DataIdentification£gmd:descriptiveKeywords£gmd:MD_Keywords£gmd:keyword£gco:CharacterString£@xmlns:gco:,gmd:identificationInfo,gmd:MD_DataIdentification,gmd:descriptiveKeywords,gmd:MD_Keywords,gmd:keyword,gco:CharacterString,@xmlns:gco:,,,,,
145,gmd:identificationInfo.gmd:MD_DataIdentification.gmd:descriptiveKeywords.gmd:MD_Keywords.gmd:keyword.gco:CharacterString.#text:§Barrage,Barrage,gmd:identificationInfo£gmd:MD_DataIdentification£gmd:descriptiveKeywords£gmd:MD_Keywords£gmd:keyword£gco:CharacterString£#text:,gmd:identificationInfo,gmd:MD_DataIdentification,gmd:descriptiveKeywords,gmd:MD_Keywords,gmd:keyword,gco:CharacterString,#text:,,,,,
146,gmd:identificationInfo.gmd:MD_DataIdentification.gmd:descriptiveKeywords.gmd:MD_Keywords.gmd:keyword.gco:CharacterString.@xmlns:gco:§http://www.isotc211.org/2005/gco,http://www.isotc211.org/2005/gco,gmd:identificationInfo£gmd:MD_DataIdentification£gmd:descriptiveKeywords£gmd:MD_Keywords£gmd:keyword£gco:CharacterString£@xmlns:gco:,gmd:identificationInfo,gmd:MD_DataIdentification,gmd:descriptiveKeywords,gmd:MD_Keywords,gmd:keyword,gco:CharacterString,@xmlns:gco:,,,,,
147,gmd:identificationInfo.gmd:MD_DataIdentification.gmd:descriptiveKeywords.gmd:MD_Keywords.gmd:keyword.gco:CharacterString.#text:§Morphologie,Morphologie,gmd:identificationInfo£gmd:MD_DataIdentification£gmd:descriptiveKeywords£gmd:MD_Keywords£gmd:keyword£gco:CharacterString£#text:,gmd:identificationInfo,gmd:MD_DataIdentification,gmd:descriptiveKeywords,gmd:MD_Keywords,gmd:keyword,gco:CharacterString,#text:,,,,,
148,gmd:identificationInfo.gmd:MD_DataIdentification.gmd:descriptiveKeywords.gmd:MD_Keywords.gmd:keyword.gco:CharacterString.@xmlns:gco:§http://www.isotc211.org/2005/gco,http://www.isotc211.org/2005/gco,gmd:identificationInfo£gmd:MD_DataIdentification£gmd:descriptiveKeywords£gmd:MD_Keywords£gmd:keyword£gco:CharacterString£@xmlns:gco:,gmd:identificationInfo,gmd:MD_DataIdentification,gmd:descriptiveKeywords,gmd:MD_Keywords,gmd:keyword,gco:CharacterString,@xmlns:gco:,,,,,
149,gmd:identificationInfo.gmd:MD_DataIdentification.gmd:descriptiveKeywords.gmd:MD_Keywords.gmd:keyword.gco:CharacterString.#text:§Piscicole,Piscicole,gmd:identificationInfo£gmd:MD_DataIdentification£gmd:descriptiveKeywords£gmd:MD_Keywords£gmd:keyword£gco:CharacterString£#text:,gmd:identificationInfo,gmd:MD_DataIdentification,gmd:descriptiveKeywords,gmd:MD_Keywords,gmd:keyword,gco:CharacterString,#text:,,,,,
150,gmd:identificationInfo.gmd:MD_DataIdentification.gmd:descriptiveKeywords.gmd:MD_Keywords.gmd:keyword.gco:CharacterString.@xmlns:gco:§http://www.isotc211.org/2005/gco,http://www.isotc211.org/2005/gco,gmd:identificationInfo£gmd:MD_DataIdentification£gmd:descriptiveKeywords£gmd:MD_Keywords£gmd:keyword£gco:CharacterString£@xmlns:gco:,gmd:identificationInfo,gmd:MD_DataIdentification,gmd:descriptiveKeywords,gmd:MD_Keywords,gmd:keyword,gco:CharacterString,@xmlns:gco:,,,,,
151,gmd:identificationInfo.gmd:MD_DataIdentification.gmd:descriptiveKeywords.gmd:MD_Keywords.gmd:keyword.gco:CharacterString.#text:§Poissons,Poissons,gmd:identificationInfo£gmd:MD_DataIdentification£gmd:descriptiveKeywords£gmd:MD_Keywords£gmd:keyword£gco:CharacterString£#text:,gmd:identificationInfo,gmd:MD_DataIdentification,gmd:descriptiveKeywords,gmd:MD_Keywords,gmd:keyword,gco:CharacterString,#text:,,,,,
152,gmd:identificationInfo.gmd:MD_DataIdentification.gmd:descriptiveKeywords.gmd:MD_Keywords.gmd:type.gmd:MD_KeywordTypeCode.@codeList:§http://standards.iso.org/iso/19139/resources/gmxCodelists.xml#MD_KeywordTypeCode,http://standards.iso.org/iso/19139/resources/gmxCodelists.xml#MD_KeywordTypeCode,gmd:identificationInfo£gmd:MD_DataIdentification£gmd:descriptiveKeywords£gmd:MD_Keywords£gmd:type£gmd:MD_KeywordTypeCode£@codeList:,gmd:identificationInfo,gmd:MD_DataIdentification,gmd:descriptiveKeywords,gmd:MD_Keywords,gmd:type,gmd:MD_KeywordTypeCode,@codeList:,,,,,
153,gmd:identificationInfo.gmd:MD_DataIdentification.gmd:descriptiveKeywords.gmd:MD_Keywords.gmd:type.gmd:MD_KeywordTypeCode.@codeListValue:§theme,theme,gmd:identificationInfo£gmd:MD_DataIdentification£gmd:descriptiveKeywords£gmd:MD_Keywords£gmd:type£gmd:MD_KeywordTypeCode£@codeListValue:,gmd:identificationInfo,gmd:MD_DataIdentification,gmd:descriptiveKeywords,gmd:MD_Keywords,gmd:type,gmd:MD_KeywordTypeCode,@codeListValue:,,,,,
154,gmd:identificationInfo.gmd:MD_DataIdentification.gmd:descriptiveKeywords.gmd:MD_Keywords.gmd:thesaurusName.gmd:CI_Citation.gmd:title.gco:CharacterString.@xmlns:gco:§http://www.isotc211.org/2005/gco,http://www.isotc211.org/2005/gco,gmd:identificationInfo£gmd:MD_DataIdentification£gmd:descriptiveKeywords£gmd:MD_Keywords£gmd:thesaurusName£gmd:CI_Citation£gmd:title£gco:CharacterString£@xmlns:gco:,gmd:identificationInfo,gmd:MD_DataIdentification,gmd:descriptiveKeywords,gmd:MD_Keywords,gmd:thesaurusName,gmd:CI_Citation,gmd:title,gco:CharacterString,@xmlns:gco:,,,
155,gmd:identificationInfo.gmd:MD_DataIdentification.gmd:descriptiveKeywords.gmd:MD_Keywords.gmd:thesaurusName.gmd:CI_Citation.gmd:title.gco:CharacterString.#text:§Vocabulaire MétaZABR,Vocabulaire MétaZABR,gmd:identificationInfo£gmd:MD_DataIdentification£gmd:descriptiveKeywords£gmd:MD_Keywords£gmd:thesaurusName£gmd:CI_Citation£gmd:title£gco:CharacterString£#text:,gmd:identificationInfo,gmd:MD_DataIdentification,gmd:descriptiveKeywords,gmd:MD_Keywords,gmd:thesaurusName,gmd:CI_Citation,gmd:title,gco:CharacterString,#text:,,,
156,gmd:identificationInfo.gmd:MD_DataIdentification.gmd:descriptiveKeywords.gmd:MD_Keywords.gmd:thesaurusName.gmd:CI_Citation.gmd:date.gmd:CI_Date.gmd:date.gco:Date.@xmlns:gco:§http://www.isotc211.org/2005/gco,http://www.isotc211.org/2005/gco,gmd:identificationInfo£gmd:MD_DataIdentification£gmd:descriptiveKeywords£gmd:MD_Keywords£gmd:thesaurusName£gmd:CI_Citation£gmd:date£gmd:CI_Date£gmd:date£gco:Date£@xmlns:gco:,gmd:identificationInfo,gmd:MD_DataIdentification,gmd:descriptiveKeywords,gmd:MD_Keywords,gmd:thesaurusName,gmd:CI_Citation,gmd:date,gmd:CI_Date,gmd:date,gco:Date,@xmlns:gco:,
157,gmd:identificationInfo.gmd:MD_DataIdentification.gmd:descriptiveKeywords.gmd:MD_Keywords.gmd:thesaurusName.gmd:CI_Citation.gmd:date.gmd:CI_Date.gmd:date.gco:Date.#text:§2016-08-25,2016-08-25,gmd:identificationInfo£gmd:MD_DataIdentification£gmd:descriptiveKeywords£gmd:MD_Keywords£gmd:thesaurusName£gmd:CI_Citation£gmd:date£gmd:CI_Date£gmd:date£gco:Date£#text:,gmd:identificationInfo,gmd:MD_DataIdentification,gmd:descriptiveKeywords,gmd:MD_Keywords,gmd:thesaurusName,gmd:CI_Citation,gmd:date,gmd:CI_Date,gmd:date,gco:Date,#text:,
158,gmd:identificationInfo.gmd:MD_DataIdentification.gmd:descriptiveKeywords.gmd:MD_Keywords.gmd:thesaurusName.gmd:CI_Citation.gmd:date.gmd:CI_Date.gmd:dateType.gmd:CI_DateTypeCode.@codeList:§http://standards.iso.org/iso/19139/resources/gmxCodelists.xml#CI_DateTypeCode,http://standards.iso.org/iso/19139/resources/gmxCodelists.xml#CI_DateTypeCode,gmd:identificationInfo£gmd:MD_DataIdentification£gmd:descriptiveKeywords£gmd:MD_Keywords£gmd:thesaurusName£gmd:CI_Citation£gmd:date£gmd:CI_Date£gmd:dateType£gmd:CI_DateTypeCode£@codeList:,gmd:identificationInfo,gmd:MD_DataIdentification,gmd:descriptiveKeywords,gmd:MD_Keywords,gmd:thesaurusName,gmd:CI_Citation,gmd:date,gmd:CI_Date,gmd:dateType,gmd:CI_DateTypeCode,@codeList:,
159,gmd:identificationInfo.gmd:MD_DataIdentification.gmd:descriptiveKeywords.gmd:MD_Keywords.gmd:thesaurusName.gmd:CI_Citation.gmd:date.gmd:CI_Date.gmd:dateType.gmd:CI_DateTypeCode.@codeListValue:§publication,publication,gmd:identificationInfo£gmd:MD_DataIdentification£gmd:descriptiveKeywords£gmd:MD_Keywords£gmd:thesaurusName£gmd:CI_Citation£gmd:date£gmd:CI_Date£gmd:dateType£gmd:CI_DateTypeCode£@codeListValue:,gmd:identificationInfo,gmd:MD_DataIdentification,gmd:descriptiveKeywords,gmd:MD_Keywords,gmd:thesaurusName,gmd:CI_Citation,gmd:date,gmd:CI_Date,gmd:dateType,gmd:CI_DateTypeCode,@codeListValue:,
160,gmd:identificationInfo.gmd:MD_DataIdentification.gmd:descriptiveKeywords.gmd:MD_Keywords.gmd:thesaurusName.gmd:CI_Citation.gmd:identifier.gmd:MD_Identifier.gmd:code.gmx:Anchor.@xmlns:gmx:§http://www.isotc211.org/2005/gmx,http://www.isotc211.org/2005/gmx,gmd:identificationInfo£gmd:MD_DataIdentification£gmd:descriptiveKeywords£gmd:MD_Keywords£gmd:thesaurusName£gmd:CI_Citation£gmd:identifier£gmd:MD_Identifier£gmd:code£gmx:Anchor£@xmlns:gmx:,gmd:identificationInfo,gmd:MD_DataIdentification,gmd:descriptiveKeywords,gmd:MD_Keywords,gmd:thesaurusName,gmd:CI_Citation,gmd:identifier,gmd:MD_Identifier,gmd:code,gmx:Anchor,@xmlns:gmx:,
161,gmd:identificationInfo.gmd:MD_DataIdentification.gmd:descriptiveKeywords.gmd:MD_Keywords.gmd:thesaurusName.gmd:CI_Citation.gmd:identifier.gmd:MD_Identifier.gmd:code.gmx:Anchor.@xmlns:xlink:§http://www.w3.org/1999/xlink,http://www.w3.org/1999/xlink,gmd:identificationInfo£gmd:MD_DataIdentification£gmd:descriptiveKeywords£gmd:MD_Keywords£gmd:thesaurusName£gmd:CI_Citation£gmd:identifier£gmd:MD_Identifier£gmd:code£gmx:Anchor£@xmlns:xlink:,gmd:identificationInfo,gmd:MD_DataIdentification,gmd:descriptiveKeywords,gmd:MD_Keywords,gmd:thesaurusName,gmd:CI_Citation,gmd:identifier,gmd:MD_Identifier,gmd:code,gmx:Anchor,@xmlns:xlink:,
162,gmd:identificationInfo.gmd:MD_DataIdentification.gmd:descriptiveKeywords.gmd:MD_Keywords.gmd:thesaurusName.gmd:CI_Citation.gmd:identifier.gmd:MD_Identifier.gmd:code.gmx:Anchor.@xlink:href:§https://metazabr.irstea.fr/geonetwork/srv/eng/thesaurus.download?ref=external.theme.vocab,https://metazabr.irstea.fr/geonetwork/srv/eng/thesaurus.download?ref=external.theme.vocab,gmd:identificationInfo£gmd:MD_DataIdentification£gmd:descriptiveKeywords£gmd:MD_Keywords£gmd:thesaurusName£gmd:CI_Citation£gmd:identifier£gmd:MD_Identifier£gmd:code£gmx:Anchor£@xlink:href:,gmd:identificationInfo,gmd:MD_DataIdentification,gmd:descriptiveKeywords,gmd:MD_Keywords,gmd:thesaurusName,gmd:CI_Citation,gmd:identifier,gmd:MD_Identifier,gmd:code,gmx:Anchor,@xlink:href:,
163,gmd:identificationInfo.gmd:MD_DataIdentification.gmd:descriptiveKeywords.gmd:MD_Keywords.gmd:thesaurusName.gmd:CI_Citation.gmd:identifier.gmd:MD_Identifier.gmd:code.gmx:Anchor.#text:§geonetwork.thesaurus.external.theme.vocab,geonetwork.thesaurus.external.theme.vocab,gmd:identificationInfo£gmd:MD_DataIdentification£gmd:descriptiveKeywords£gmd:MD_Keywords£gmd:thesaurusName£gmd:CI_Citation£gmd:identifier£gmd:MD_Identifier£gmd:code£gmx:Anchor£#text:,gmd:identificationInfo,gmd:MD_DataIdentification,gmd:descriptiveKeywords,gmd:MD_Keywords,gmd:thesaurusName,gmd:CI_Citation,gmd:identifier,gmd:MD_Identifier,gmd:code,gmx:Anchor,#text:,
164,gmd:identificationInfo.gmd:MD_DataIdentification.gmd:resourceConstraints.gmd:MD_LegalConstraints.gmd:useLimitation.gco:CharacterString.@xmlns:gco:§http://www.isotc211.org/2005/gco,http://www.isotc211.org/2005/gco,gmd:identificationInfo£gmd:MD_DataIdentification£gmd:resourceConstraints£gmd:MD_LegalConstraints£gmd:useLimitation£gco:CharacterString£@xmlns:gco:,gmd:identificationInfo,gmd:MD_DataIdentification,gmd:resourceConstraints,gmd:MD_LegalConstraints,gmd:useLimitation,gco:CharacterString,@xmlns:gco:,,,,,
165,"gmd:identificationInfo.gmd:MD_DataIdentification.gmd:resourceConstraints.gmd:MD_LegalConstraints.gmd:useLimitation.gco:CharacterString.#text:§Au cas par cas, voir avec le propriétaire des données","Au cas par cas, voir avec le propriétaire des données",gmd:identificationInfo£gmd:MD_DataIdentification£gmd:resourceConstraints£gmd:MD_LegalConstraints£gmd:useLimitation£gco:CharacterString£#text:,gmd:identificationInfo,gmd:MD_DataIdentification,gmd:resourceConstraints,gmd:MD_LegalConstraints,gmd:useLimitation,gco:CharacterString,#text:,,,,,
166,"gmd:identificationInfo.gmd:MD_DataIdentification.gmd:spatialRepresentationType.#text:§
        ""
        ","
        ""
        ",gmd:identificationInfo£gmd:MD_DataIdentification£gmd:spatialRepresentationType£#text:,gmd:identificationInfo,gmd:MD_DataIdentification,gmd:spatialRepresentationType,#text:,,,,,,,,
167,"gmd:identificationInfo.gmd:MD_DataIdentification.gmd:spatialRepresentationType.#text:§
        ""
      ","
        ""
      ",gmd:identificationInfo£gmd:MD_DataIdentification£gmd:spatialRepresentationType£#text:,gmd:identificationInfo,gmd:MD_DataIdentification,gmd:spatialRepresentationType,#text:,,,,,,,,
168,gmd:identificationInfo.gmd:MD_DataIdentification.gmd:spatialRepresentationType.gmd:MD_SpatialRepresentationTypeCode.@codeListValue:§grid,grid,gmd:identificationInfo£gmd:MD_DataIdentification£gmd:spatialRepresentationType£gmd:MD_SpatialRepresentationTypeCode£@codeListValue:,gmd:identificationInfo,gmd:MD_DataIdentification,gmd:spatialRepresentationType,gmd:MD_SpatialRepresentationTypeCode,@codeListValue:,,,,,,,
169,gmd:identificationInfo.gmd:MD_DataIdentification.gmd:spatialRepresentationType.gmd:MD_SpatialRepresentationTypeCode.@codeList:§http://standards.iso.org/iso/19139/resources/gmxCodelists.xml#MD_SpatialRepresentationTypeCode,http://standards.iso.org/iso/19139/resources/gmxCodelists.xml#MD_SpatialRepresentationTypeCode,gmd:identificationInfo£gmd:MD_DataIdentification£gmd:spatialRepresentationType£gmd:MD_SpatialRepresentationTypeCode£@codeList:,gmd:identificationInfo,gmd:MD_DataIdentification,gmd:spatialRepresentationType,gmd:MD_SpatialRepresentationTypeCode,@codeList:,,,,,,,
170,"gmd:identificationInfo.gmd:MD_DataIdentification.gmd:spatialResolution.#text:§
        ""
        ","
        ""
        ",gmd:identificationInfo£gmd:MD_DataIdentification£gmd:spatialResolution£#text:,gmd:identificationInfo,gmd:MD_DataIdentification,gmd:spatialResolution,#text:,,,,,,,,
171,"gmd:identificationInfo.gmd:MD_DataIdentification.gmd:spatialResolution.#text:§
        ""
      ","
        ""
      ",gmd:identificationInfo£gmd:MD_DataIdentification£gmd:spatialResolution£#text:,gmd:identificationInfo,gmd:MD_DataIdentification,gmd:spatialResolution,#text:,,,,,,,,
172,"gmd:identificationInfo.gmd:MD_DataIdentification.gmd:spatialResolution.gmd:MD_Resolution.gmd:equivalentScale.#text:§
            ""
            ","
            ""
            ",gmd:identificationInfo£gmd:MD_DataIdentification£gmd:spatialResolution£gmd:MD_Resolution£gmd:equivalentScale£#text:,gmd:identificationInfo,gmd:MD_DataIdentification,gmd:spatialResolution,gmd:MD_Resolution,gmd:equivalentScale,#text:,,,,,,
173,"gmd:identificationInfo.gmd:MD_DataIdentification.gmd:spatialResolution.gmd:MD_Resolution.gmd:equivalentScale.#text:§
            ""
          ","
            ""
          ",gmd:identificationInfo£gmd:MD_DataIdentification£gmd:spatialResolution£gmd:MD_Resolution£gmd:equivalentScale£#text:,gmd:identificationInfo,gmd:MD_DataIdentification,gmd:spatialResolution,gmd:MD_Resolution,gmd:equivalentScale,#text:,,,,,,
174,"gmd:identificationInfo.gmd:MD_DataIdentification.gmd:spatialResolution.gmd:MD_Resolution.gmd:equivalentScale.gmd:MD_RepresentativeFraction.#text:§
              ""
              ","
              ""
              ",gmd:identificationInfo£gmd:MD_DataIdentification£gmd:spatialResolution£gmd:MD_Resolution£gmd:equivalentScale£gmd:MD_RepresentativeFraction£#text:,gmd:identificationInfo,gmd:MD_DataIdentification,gmd:spatialResolution,gmd:MD_Resolution,gmd:equivalentScale,gmd:MD_RepresentativeFraction,#text:,,,,,
175,"gmd:identificationInfo.gmd:MD_DataIdentification.gmd:spatialResolution.gmd:MD_Resolution.gmd:equivalentScale.gmd:MD_RepresentativeFraction.#text:§
              ""
            ","
              ""
            ",gmd:identificationInfo£gmd:MD_DataIdentification£gmd:spatialResolution£gmd:MD_Resolution£gmd:equivalentScale£gmd:MD_RepresentativeFraction£#text:,gmd:identificationInfo,gmd:MD_DataIdentification,gmd:spatialResolution,gmd:MD_Resolution,gmd:equivalentScale,gmd:MD_RepresentativeFraction,#text:,,,,,
176,"gmd:identificationInfo.gmd:MD_DataIdentification.gmd:spatialResolution.gmd:MD_Resolution.gmd:equivalentScale.gmd:MD_RepresentativeFraction.gmd:denominator.#text:§
                ""
                ","
                ""
                ",gmd:identificationInfo£gmd:MD_DataIdentification£gmd:spatialResolution£gmd:MD_Resolution£gmd:equivalentScale£gmd:MD_RepresentativeFraction£gmd:denominator£#text:,gmd:identificationInfo,gmd:MD_DataIdentification,gmd:spatialResolution,gmd:MD_Resolution,gmd:equivalentScale,gmd:MD_RepresentativeFraction,gmd:denominator,#text:,,,,
177,"gmd:identificationInfo.gmd:MD_DataIdentification.gmd:spatialResolution.gmd:MD_Resolution.gmd:equivalentScale.gmd:MD_RepresentativeFraction.gmd:denominator.#text:§
                ""
              ","
                ""
              ",gmd:identificationInfo£gmd:MD_DataIdentification£gmd:spatialResolution£gmd:MD_Resolution£gmd:equivalentScale£gmd:MD_RepresentativeFraction£gmd:denominator£#text:,gmd:identificationInfo,gmd:MD_DataIdentification,gmd:spatialResolution,gmd:MD_Resolution,gmd:equivalentScale,gmd:MD_RepresentativeFraction,gmd:denominator,#text:,,,,
178,gmd:identificationInfo.gmd:MD_DataIdentification.gmd:spatialResolution.gmd:MD_Resolution.gmd:equivalentScale.gmd:MD_RepresentativeFraction.gmd:denominator.gco:Integer.@xmlns:gco:§http://www.isotc211.org/2005/gco,http://www.isotc211.org/2005/gco,gmd:identificationInfo£gmd:MD_DataIdentification£gmd:spatialResolution£gmd:MD_Resolution£gmd:equivalentScale£gmd:MD_RepresentativeFraction£gmd:denominator£gco:Integer£@xmlns:gco:,gmd:identificationInfo,gmd:MD_DataIdentification,gmd:spatialResolution,gmd:MD_Resolution,gmd:equivalentScale,gmd:MD_RepresentativeFraction,gmd:denominator,gco:Integer,@xmlns:gco:,,,
179,gmd:identificationInfo.gmd:MD_DataIdentification.gmd:spatialResolution.gmd:MD_Resolution.gmd:equivalentScale.gmd:MD_RepresentativeFraction.gmd:denominator.gco:Integer.#text:§1,1,gmd:identificationInfo£gmd:MD_DataIdentification£gmd:spatialResolution£gmd:MD_Resolution£gmd:equivalentScale£gmd:MD_RepresentativeFraction£gmd:denominator£gco:Integer£#text:,gmd:identificationInfo,gmd:MD_DataIdentification,gmd:spatialResolution,gmd:MD_Resolution,gmd:equivalentScale,gmd:MD_RepresentativeFraction,gmd:denominator,gco:Integer,#text:,,,
180,gmd:identificationInfo.gmd:MD_DataIdentification.gmd:language.gco:CharacterString.@xmlns:gco:§http://www.isotc211.org/2005/gco,http://www.isotc211.org/2005/gco,gmd:identificationInfo£gmd:MD_DataIdentification£gmd:language£gco:CharacterString£@xmlns:gco:,gmd:identificationInfo,gmd:MD_DataIdentification,gmd:language,gco:CharacterString,@xmlns:gco:,,,,,,,
181,gmd:identificationInfo.gmd:MD_DataIdentification.gmd:language.gco:CharacterString.#text:§fre,fre,gmd:identificationInfo£gmd:MD_DataIdentification£gmd:language£gco:CharacterString£#text:,gmd:identificationInfo,gmd:MD_DataIdentification,gmd:language,gco:CharacterString,#text:,,,,,,,
182,"gmd:identificationInfo.gmd:MD_DataIdentification.gmd:topicCategory.#text:§
        ""
        ","
        ""
        ",gmd:identificationInfo£gmd:MD_DataIdentification£gmd:topicCategory£#text:,gmd:identificationInfo,gmd:MD_DataIdentification,gmd:topicCategory,#text:,,,,,,,,
183,"gmd:identificationInfo.gmd:MD_DataIdentification.gmd:topicCategory.#text:§
        ""
      ","
        ""
      ",gmd:identificationInfo£gmd:MD_DataIdentification£gmd:topicCategory£#text:,gmd:identificationInfo,gmd:MD_DataIdentification,gmd:topicCategory,#text:,,,,,,,,
184,gmd:identificationInfo.gmd:MD_DataIdentification.gmd:topicCategory.gmd:MD_TopicCategoryCode:§inlandWaters,inlandWaters,gmd:identificationInfo£gmd:MD_DataIdentification£gmd:topicCategory£gmd:MD_TopicCategoryCode:,gmd:identificationInfo,gmd:MD_DataIdentification,gmd:topicCategory,gmd:MD_TopicCategoryCode:,,,,,,,,
185,"gmd:identificationInfo.gmd:MD_DataIdentification.gmd:extent.#text:§
        ""
        ","
        ""
        ",gmd:identificationInfo£gmd:MD_DataIdentification£gmd:extent£#text:,gmd:identificationInfo,gmd:MD_DataIdentification,gmd:extent,#text:,,,,,,,,
186,"gmd:identificationInfo.gmd:MD_DataIdentification.gmd:extent.#text:§
        ""
      ","
        ""
      ",gmd:identificationInfo£gmd:MD_DataIdentification£gmd:extent£#text:,gmd:identificationInfo,gmd:MD_DataIdentification,gmd:extent,#text:,,,,,,,,
187,"gmd:identificationInfo.gmd:MD_DataIdentification.gmd:extent.gmd:EX_Extent.gmd:geographicElement.gmd:EX_GeographicBoundingBox.gmd:westBoundLongitude.#text:§
                ""
                ","
                ""
                ",gmd:identificationInfo£gmd:MD_DataIdentification£gmd:extent£gmd:EX_Extent£gmd:geographicElement£gmd:EX_GeographicBoundingBox£gmd:westBoundLongitude£#text:,gmd:identificationInfo,gmd:MD_DataIdentification,gmd:extent,gmd:EX_Extent,gmd:geographicElement,gmd:EX_GeographicBoundingBox,gmd:westBoundLongitude,#text:,,,,
188,"gmd:identificationInfo.gmd:MD_DataIdentification.gmd:extent.gmd:EX_Extent.gmd:geographicElement.gmd:EX_GeographicBoundingBox.gmd:westBoundLongitude.#text:§
                ""
              ","
                ""
              ",gmd:identificationInfo£gmd:MD_DataIdentification£gmd:extent£gmd:EX_Extent£gmd:geographicElement£gmd:EX_GeographicBoundingBox£gmd:westBoundLongitude£#text:,gmd:identificationInfo,gmd:MD_DataIdentification,gmd:extent,gmd:EX_Extent,gmd:geographicElement,gmd:EX_GeographicBoundingBox,gmd:westBoundLongitude,#text:,,,,
189,gmd:identificationInfo.gmd:MD_DataIdentification.gmd:extent.gmd:EX_Extent.gmd:geographicElement.gmd:EX_GeographicBoundingBox.gmd:westBoundLongitude.gco:Decimal.@xmlns:gco:§http://www.isotc211.org/2005/gco,http://www.isotc211.org/2005/gco,gmd:identificationInfo£gmd:MD_DataIdentification£gmd:extent£gmd:EX_Extent£gmd:geographicElement£gmd:EX_GeographicBoundingBox£gmd:westBoundLongitude£gco:Decimal£@xmlns:gco:,gmd:identificationInfo,gmd:MD_DataIdentification,gmd:extent,gmd:EX_Extent,gmd:geographicElement,gmd:EX_GeographicBoundingBox,gmd:westBoundLongitude,gco:Decimal,@xmlns:gco:,,,
190,gmd:identificationInfo.gmd:MD_DataIdentification.gmd:extent.gmd:EX_Extent.gmd:geographicElement.gmd:EX_GeographicBoundingBox.gmd:westBoundLongitude.gco:Decimal.#text:§5.11,5.11,gmd:identificationInfo£gmd:MD_DataIdentification£gmd:extent£gmd:EX_Extent£gmd:geographicElement£gmd:EX_GeographicBoundingBox£gmd:westBoundLongitude£gco:Decimal£#text:,gmd:identificationInfo,gmd:MD_DataIdentification,gmd:extent,gmd:EX_Extent,gmd:geographicElement,gmd:EX_GeographicBoundingBox,gmd:westBoundLongitude,gco:Decimal,#text:,,,
191,"gmd:identificationInfo.gmd:MD_DataIdentification.gmd:extent.gmd:EX_Extent.gmd:geographicElement.gmd:EX_GeographicBoundingBox.gmd:eastBoundLongitude.#text:§
                ""
                ","
                ""
                ",gmd:identificationInfo£gmd:MD_DataIdentification£gmd:extent£gmd:EX_Extent£gmd:geographicElement£gmd:EX_GeographicBoundingBox£gmd:eastBoundLongitude£#text:,gmd:identificationInfo,gmd:MD_DataIdentification,gmd:extent,gmd:EX_Extent,gmd:geographicElement,gmd:EX_GeographicBoundingBox,gmd:eastBoundLongitude,#text:,,,,
192,"gmd:identificationInfo.gmd:MD_DataIdentification.gmd:extent.gmd:EX_Extent.gmd:geographicElement.gmd:EX_GeographicBoundingBox.gmd:eastBoundLongitude.#text:§
                ""
              ","
                ""
              ",gmd:identificationInfo£gmd:MD_DataIdentification£gmd:extent£gmd:EX_Extent£gmd:geographicElement£gmd:EX_GeographicBoundingBox£gmd:eastBoundLongitude£#text:,gmd:identificationInfo,gmd:MD_DataIdentification,gmd:extent,gmd:EX_Extent,gmd:geographicElement,gmd:EX_GeographicBoundingBox,gmd:eastBoundLongitude,#text:,,,,
193,gmd:identificationInfo.gmd:MD_DataIdentification.gmd:extent.gmd:EX_Extent.gmd:geographicElement.gmd:EX_GeographicBoundingBox.gmd:eastBoundLongitude.gco:Decimal.@xmlns:gco:§http://www.isotc211.org/2005/gco,http://www.isotc211.org/2005/gco,gmd:identificationInfo£gmd:MD_DataIdentification£gmd:extent£gmd:EX_Extent£gmd:geographicElement£gmd:EX_GeographicBoundingBox£gmd:eastBoundLongitude£gco:Decimal£@xmlns:gco:,gmd:identificationInfo,gmd:MD_DataIdentification,gmd:extent,gmd:EX_Extent,gmd:geographicElement,gmd:EX_GeographicBoundingBox,gmd:eastBoundLongitude,gco:Decimal,@xmlns:gco:,,,
194,gmd:identificationInfo.gmd:MD_DataIdentification.gmd:extent.gmd:EX_Extent.gmd:geographicElement.gmd:EX_GeographicBoundingBox.gmd:eastBoundLongitude.gco:Decimal.#text:§5.56,5.56,gmd:identificationInfo£gmd:MD_DataIdentification£gmd:extent£gmd:EX_Extent£gmd:geographicElement£gmd:EX_GeographicBoundingBox£gmd:eastBoundLongitude£gco:Decimal£#text:,gmd:identificationInfo,gmd:MD_DataIdentification,gmd:extent,gmd:EX_Extent,gmd:geographicElement,gmd:EX_GeographicBoundingBox,gmd:eastBoundLongitude,gco:Decimal,#text:,,,
195,"gmd:identificationInfo.gmd:MD_DataIdentification.gmd:extent.gmd:EX_Extent.gmd:geographicElement.gmd:EX_GeographicBoundingBox.gmd:southBoundLatitude.#text:§
                ""
                ","
                ""
                ",gmd:identificationInfo£gmd:MD_DataIdentification£gmd:extent£gmd:EX_Extent£gmd:geographicElement£gmd:EX_GeographicBoundingBox£gmd:southBoundLatitude£#text:,gmd:identificationInfo,gmd:MD_DataIdentification,gmd:extent,gmd:EX_Extent,gmd:geographicElement,gmd:EX_GeographicBoundingBox,gmd:southBoundLatitude,#text:,,,,
196,"gmd:identificationInfo.gmd:MD_DataIdentification.gmd:extent.gmd:EX_Extent.gmd:geographicElement.gmd:EX_GeographicBoundingBox.gmd:southBoundLatitude.#text:§
                ""
              ","
                ""
              ",gmd:identificationInfo£gmd:MD_DataIdentification£gmd:extent£gmd:EX_Extent£gmd:geographicElement£gmd:EX_GeographicBoundingBox£gmd:southBoundLatitude£#text:,gmd:identificationInfo,gmd:MD_DataIdentification,gmd:extent,gmd:EX_Extent,gmd:geographicElement,gmd:EX_GeographicBoundingBox,gmd:southBoundLatitude,#text:,,,,
197,gmd:identificationInfo.gmd:MD_DataIdentification.gmd:extent.gmd:EX_Extent.gmd:geographicElement.gmd:EX_GeographicBoundingBox.gmd:southBoundLatitude.gco:Decimal.@xmlns:gco:§http://www.isotc211.org/2005/gco,http://www.isotc211.org/2005/gco,gmd:identificationInfo£gmd:MD_DataIdentification£gmd:extent£gmd:EX_Extent£gmd:geographicElement£gmd:EX_GeographicBoundingBox£gmd:southBoundLatitude£gco:Decimal£@xmlns:gco:,gmd:identificationInfo,gmd:MD_DataIdentification,gmd:extent,gmd:EX_Extent,gmd:geographicElement,gmd:EX_GeographicBoundingBox,gmd:southBoundLatitude,gco:Decimal,@xmlns:gco:,,,
198,gmd:identificationInfo.gmd:MD_DataIdentification.gmd:extent.gmd:EX_Extent.gmd:geographicElement.gmd:EX_GeographicBoundingBox.gmd:southBoundLatitude.gco:Decimal.#text:§45.8,45.8,gmd:identificationInfo£gmd:MD_DataIdentification£gmd:extent£gmd:EX_Extent£gmd:geographicElement£gmd:EX_GeographicBoundingBox£gmd:southBoundLatitude£gco:Decimal£#text:,gmd:identificationInfo,gmd:MD_DataIdentification,gmd:extent,gmd:EX_Extent,gmd:geographicElement,gmd:EX_GeographicBoundingBox,gmd:southBoundLatitude,gco:Decimal,#text:,,,
199,"gmd:identificationInfo.gmd:MD_DataIdentification.gmd:extent.gmd:EX_Extent.gmd:geographicElement.gmd:EX_GeographicBoundingBox.gmd:northBoundLatitude.#text:§
                ""
                ","
                ""
                ",gmd:identificationInfo£gmd:MD_DataIdentification£gmd:extent£gmd:EX_Extent£gmd:geographicElement£gmd:EX_GeographicBoundingBox£gmd:northBoundLatitude£#text:,gmd:identificationInfo,gmd:MD_DataIdentification,gmd:extent,gmd:EX_Extent,gmd:geographicElement,gmd:EX_GeographicBoundingBox,gmd:northBoundLatitude,#text:,,,,
200,"gmd:identificationInfo.gmd:MD_DataIdentification.gmd:extent.gmd:EX_Extent.gmd:geographicElement.gmd:EX_GeographicBoundingBox.gmd:northBoundLatitude.#text:§
                ""
              ","
                ""
              ",gmd:identificationInfo£gmd:MD_DataIdentification£gmd:extent£gmd:EX_Extent£gmd:geographicElement£gmd:EX_GeographicBoundingBox£gmd:northBoundLatitude£#text:,gmd:identificationInfo,gmd:MD_DataIdentification,gmd:extent,gmd:EX_Extent,gmd:geographicElement,gmd:EX_GeographicBoundingBox,gmd:northBoundLatitude,#text:,,,,
201,gmd:identificationInfo.gmd:MD_DataIdentification.gmd:extent.gmd:EX_Extent.gmd:geographicElement.gmd:EX_GeographicBoundingBox.gmd:northBoundLatitude.gco:Decimal.@xmlns:gco:§http://www.isotc211.org/2005/gco,http://www.isotc211.org/2005/gco,gmd:identificationInfo£gmd:MD_DataIdentification£gmd:extent£gmd:EX_Extent£gmd:geographicElement£gmd:EX_GeographicBoundingBox£gmd:northBoundLatitude£gco:Decimal£@xmlns:gco:,gmd:identificationInfo,gmd:MD_DataIdentification,gmd:extent,gmd:EX_Extent,gmd:geographicElement,gmd:EX_GeographicBoundingBox,gmd:northBoundLatitude,gco:Decimal,@xmlns:gco:,,,
202,gmd:identificationInfo.gmd:MD_DataIdentification.gmd:extent.gmd:EX_Extent.gmd:geographicElement.gmd:EX_GeographicBoundingBox.gmd:northBoundLatitude.gco:Decimal.#text:§46.42,46.42,gmd:identificationInfo£gmd:MD_DataIdentification£gmd:extent£gmd:EX_Extent£gmd:geographicElement£gmd:EX_GeographicBoundingBox£gmd:northBoundLatitude£gco:Decimal£#text:,gmd:identificationInfo,gmd:MD_DataIdentification,gmd:extent,gmd:EX_Extent,gmd:geographicElement,gmd:EX_GeographicBoundingBox,gmd:northBoundLatitude,gco:Decimal,#text:,,,
203,gmd:distributionInfo.@xmlns:gml:§http://www.opengis.net/gml,http://www.opengis.net/gml,gmd:distributionInfo£@xmlns:gml:,gmd:distributionInfo,@xmlns:gml:,,,,,,,,,,
204,"gmd:distributionInfo.#text:§
    ""
    ","
    ""
    ",gmd:distributionInfo£#text:,gmd:distributionInfo,#text:,,,,,,,,,,
205,"gmd:distributionInfo.#text:§
    ""
  ","
    ""
  ",gmd:distributionInfo£#text:,gmd:distributionInfo,#text:,,,,,,,,,,
206,gmd:distributionInfo.gmd:MD_Distribution.gmd:distributionFormat:§None,None,gmd:distributionInfo£gmd:MD_Distribution£gmd:distributionFormat:,gmd:distributionInfo,gmd:MD_Distribution,gmd:distributionFormat:,,,,,,,,,
207,gmd:distributionInfo.gmd:MD_Distribution.gmd:distributor.gmd:MD_Distributor.gmd:distributorContact.gmd:CI_ResponsibleParty.gmd:individualName.gco:CharacterString.@xmlns:gco:§http://www.isotc211.org/2005/gco,http://www.isotc211.org/2005/gco,gmd:distributionInfo£gmd:MD_Distribution£gmd:distributor£gmd:MD_Distributor£gmd:distributorContact£gmd:CI_ResponsibleParty£gmd:individualName£gco:CharacterString£@xmlns:gco:,gmd:distributionInfo,gmd:MD_Distribution,gmd:distributor,gmd:MD_Distributor,gmd:distributorContact,gmd:CI_ResponsibleParty,gmd:individualName,gco:CharacterString,@xmlns:gco:,,,
208,gmd:distributionInfo.gmd:MD_Distribution.gmd:distributor.gmd:MD_Distributor.gmd:distributorContact.gmd:CI_ResponsibleParty.gmd:individualName.gco:CharacterString.#text:§Dolédec,Dolédec,gmd:distributionInfo£gmd:MD_Distribution£gmd:distributor£gmd:MD_Distributor£gmd:distributorContact£gmd:CI_ResponsibleParty£gmd:individualName£gco:CharacterString£#text:,gmd:distributionInfo,gmd:MD_Distribution,gmd:distributor,gmd:MD_Distributor,gmd:distributorContact,gmd:CI_ResponsibleParty,gmd:individualName,gco:CharacterString,#text:,,,
209,gmd:distributionInfo.gmd:MD_Distribution.gmd:distributor.gmd:MD_Distributor.gmd:distributorContact.gmd:CI_ResponsibleParty.gmd:organisationName.gco:CharacterString.@xmlns:gco:§http://www.isotc211.org/2005/gco,http://www.isotc211.org/2005/gco,gmd:distributionInfo£gmd:MD_Distribution£gmd:distributor£gmd:MD_Distributor£gmd:distributorContact£gmd:CI_ResponsibleParty£gmd:organisationName£gco:CharacterString£@xmlns:gco:,gmd:distributionInfo,gmd:MD_Distribution,gmd:distributor,gmd:MD_Distributor,gmd:distributorContact,gmd:CI_ResponsibleParty,gmd:organisationName,gco:CharacterString,@xmlns:gco:,,,
210,gmd:distributionInfo.gmd:MD_Distribution.gmd:distributor.gmd:MD_Distributor.gmd:distributorContact.gmd:CI_ResponsibleParty.gmd:organisationName.gco:CharacterString.#text:§UMR 5023 LEHNA,UMR 5023 LEHNA,gmd:distributionInfo£gmd:MD_Distribution£gmd:distributor£gmd:MD_Distributor£gmd:distributorContact£gmd:CI_ResponsibleParty£gmd:organisationName£gco:CharacterString£#text:,gmd:distributionInfo,gmd:MD_Distribution,gmd:distributor,gmd:MD_Distributor,gmd:distributorContact,gmd:CI_ResponsibleParty,gmd:organisationName,gco:CharacterString,#text:,,,
211,gmd:distributionInfo.gmd:MD_Distribution.gmd:distributor.gmd:MD_Distributor.gmd:distributorContact.gmd:CI_ResponsibleParty.gmd:contactInfo.gmd:CI_Contact.gmd:address.gmd:CI_Address.gmd:electronicMailAddress.@xmlns:gco:§http://www.isotc211.org/2005/gco,http://www.isotc211.org/2005/gco,gmd:distributionInfo£gmd:MD_Distribution£gmd:distributor£gmd:MD_Distributor£gmd:distributorContact£gmd:CI_ResponsibleParty£gmd:contactInfo£gmd:CI_Contact£gmd:address£gmd:CI_Address£gmd:electronicMailAddress£@xmlns:gco:,gmd:distributionInfo,gmd:MD_Distribution,gmd:distributor,gmd:MD_Distributor,gmd:distributorContact,gmd:CI_ResponsibleParty,gmd:contactInfo,gmd:CI_Contact,gmd:address,gmd:CI_Address,gmd:electronicMailAddress,@xmlns:gco:
212,gmd:distributionInfo.gmd:MD_Distribution.gmd:distributor.gmd:MD_Distributor.gmd:distributorContact.gmd:CI_ResponsibleParty.gmd:contactInfo.gmd:CI_Contact.gmd:address.gmd:CI_Address.gmd:electronicMailAddress.@gco:nilReason:§missing,missing,gmd:distributionInfo£gmd:MD_Distribution£gmd:distributor£gmd:MD_Distributor£gmd:distributorContact£gmd:CI_ResponsibleParty£gmd:contactInfo£gmd:CI_Contact£gmd:address£gmd:CI_Address£gmd:electronicMailAddress£@gco:nilReason:,gmd:distributionInfo,gmd:MD_Distribution,gmd:distributor,gmd:MD_Distributor,gmd:distributorContact,gmd:CI_ResponsibleParty,gmd:contactInfo,gmd:CI_Contact,gmd:address,gmd:CI_Address,gmd:electronicMailAddress,@gco:nilReason:
213,gmd:distributionInfo.gmd:MD_Distribution.gmd:distributor.gmd:MD_Distributor.gmd:distributorContact.gmd:CI_ResponsibleParty.gmd:contactInfo.gmd:CI_Contact.gmd:address.gmd:CI_Address.gmd:electronicMailAddress.gco:CharacterString:§None,None,gmd:distributionInfo£gmd:MD_Distribution£gmd:distributor£gmd:MD_Distributor£gmd:distributorContact£gmd:CI_ResponsibleParty£gmd:contactInfo£gmd:CI_Contact£gmd:address£gmd:CI_Address£gmd:electronicMailAddress£gco:CharacterString:,gmd:distributionInfo,gmd:MD_Distribution,gmd:distributor,gmd:MD_Distributor,gmd:distributorContact,gmd:CI_ResponsibleParty,gmd:contactInfo,gmd:CI_Contact,gmd:address,gmd:CI_Address,gmd:electronicMailAddress,gco:CharacterString:
214,gmd:distributionInfo.gmd:MD_Distribution.gmd:distributor.gmd:MD_Distributor.gmd:distributorContact.gmd:CI_ResponsibleParty.gmd:role.gmd:CI_RoleCode.@codeList:§http://standards.iso.org/iso/19139/resources/gmxCodelists.xml#CI_RoleCode,http://standards.iso.org/iso/19139/resources/gmxCodelists.xml#CI_RoleCode,gmd:distributionInfo£gmd:MD_Distribution£gmd:distributor£gmd:MD_Distributor£gmd:distributorContact£gmd:CI_ResponsibleParty£gmd:role£gmd:CI_RoleCode£@codeList:,gmd:distributionInfo,gmd:MD_Distribution,gmd:distributor,gmd:MD_Distributor,gmd:distributorContact,gmd:CI_ResponsibleParty,gmd:role,gmd:CI_RoleCode,@codeList:,,,
215,gmd:distributionInfo.gmd:MD_Distribution.gmd:distributor.gmd:MD_Distributor.gmd:distributorContact.gmd:CI_ResponsibleParty.gmd:role.gmd:CI_RoleCode.@codeListValue:§distributor,distributor,gmd:distributionInfo£gmd:MD_Distribution£gmd:distributor£gmd:MD_Distributor£gmd:distributorContact£gmd:CI_ResponsibleParty£gmd:role£gmd:CI_RoleCode£@codeListValue:,gmd:distributionInfo,gmd:MD_Distribution,gmd:distributor,gmd:MD_Distributor,gmd:distributorContact,gmd:CI_ResponsibleParty,gmd:role,gmd:CI_RoleCode,@codeListValue:,,,
216,gmd:distributionInfo.gmd:MD_Distribution.gmd:distributor.gmd:MD_Distributor.gmd:distributionOrderProcess.gmd:MD_StandardOrderProcess:§None,None,gmd:distributionInfo£gmd:MD_Distribution£gmd:distributor£gmd:MD_Distributor£gmd:distributionOrderProcess£gmd:MD_StandardOrderProcess:,gmd:distributionInfo,gmd:MD_Distribution,gmd:distributor,gmd:MD_Distributor,gmd:distributionOrderProcess,gmd:MD_StandardOrderProcess:,,,,,,
217,"gmd:distributionInfo.gmd:MD_Distribution.gmd:transferOptions.#text:§
        ""
        ","
        ""
        ",gmd:distributionInfo£gmd:MD_Distribution£gmd:transferOptions£#text:,gmd:distributionInfo,gmd:MD_Distribution,gmd:transferOptions,#text:,,,,,,,,
218,"gmd:distributionInfo.gmd:MD_Distribution.gmd:transferOptions.#text:§
        ""
      ","
        ""
      ",gmd:distributionInfo£gmd:MD_Distribution£gmd:transferOptions£#text:,gmd:distributionInfo,gmd:MD_Distribution,gmd:transferOptions,#text:,,,,,,,,
219,gmd:distributionInfo.gmd:MD_Distribution.gmd:transferOptions.gmd:MD_DigitalTransferOptions:§None,None,gmd:distributionInfo£gmd:MD_Distribution£gmd:transferOptions£gmd:MD_DigitalTransferOptions:,gmd:distributionInfo,gmd:MD_Distribution,gmd:transferOptions,gmd:MD_DigitalTransferOptions:,,,,,,,,
220,gmd:dataQualityInfo.@xmlns:gml:§http://www.opengis.net/gml,http://www.opengis.net/gml,gmd:dataQualityInfo£@xmlns:gml:,gmd:dataQualityInfo,@xmlns:gml:,,,,,,,,,,
221,gmd:dataQualityInfo.gmd:DQ_DataQuality.gmd:lineage.gmd:LI_Lineage.gmd:statement.gco:CharacterString.@xmlns:gco:§http://www.isotc211.org/2005/gco,http://www.isotc211.org/2005/gco,gmd:dataQualityInfo£gmd:DQ_DataQuality£gmd:lineage£gmd:LI_Lineage£gmd:statement£gco:CharacterString£@xmlns:gco:,gmd:dataQualityInfo,gmd:DQ_DataQuality,gmd:lineage,gmd:LI_Lineage,gmd:statement,gco:CharacterString,@xmlns:gco:,,,,,
222,"gmd:dataQualityInfo.gmd:DQ_DataQuality.gmd:lineage.gmd:LI_Lineage.gmd:statement.gco:CharacterString.#text:§- 3 campagne de pêches électriques à chaque station à trois saisons critiques :
• En juin, avant la période critique de chaleur et sècheresse estivale et l'arrêt de croissance qui peut lui être associé,
• Après cette période critique, avant la reprise de croissance automnale,
• A l'entrée de l'hiver,  période d'arrêt de croissance hivernale des ombres. 
- identification et marquage de 30 individus maximum. Dénombrements des ombres présents
- Mesure des tailles des individus","- 3 campagne de pêches électriques à chaque station à trois saisons critiques :
• En juin, avant la période critique de chaleur et sècheresse estivale et l'arrêt de croissance qui peut lui être associé,
• Après cette période critique, avant la reprise de croissance automnale,
• A l'entrée de l'hiver,  période d'arrêt de croissance hivernale des ombres. 
- identification et marquage de 30 individus maximum. Dénombrements des ombres présents
- Mesure des tailles des individus",gmd:dataQualityInfo£gmd:DQ_DataQuality£gmd:lineage£gmd:LI_Lineage£gmd:statement£gco:CharacterString£#text:,gmd:dataQualityInfo,gmd:DQ_DataQuality,gmd:lineage,gmd:LI_Lineage,gmd:statement,gco:CharacterString,#text:,,,,,
223,,,,,,,,,,,,,,,
