,Results,Valeurs,Clés,K0,K1,K2,K3,K4,K5,K6,K7,K8,K9,K10,K11,K12
0,@xmlns:gco:§http://www.isotc211.org/2005/gco,http://www.isotc211.org/2005/gco,@xmlns:gco:,@xmlns:gco:,,,,,,,,,,,,
1,@xmlns:gmd:§http://www.isotc211.org/2005/gmd,http://www.isotc211.org/2005/gmd,@xmlns:gmd:,@xmlns:gmd:,,,,,,,,,,,,
2,@xmlns:gmi:§http://www.isotc211.org/2005/gmi,http://www.isotc211.org/2005/gmi,@xmlns:gmi:,@xmlns:gmi:,,,,,,,,,,,,
3,@xmlns:gml:§http://www.opengis.net/gml,http://www.opengis.net/gml,@xmlns:gml:,@xmlns:gml:,,,,,,,,,,,,
4,@xmlns:gmx:§http://www.isotc211.org/2005/gmx,http://www.isotc211.org/2005/gmx,@xmlns:gmx:,@xmlns:gmx:,,,,,,,,,,,,
5,@xmlns:gsr:§http://www.isotc211.org/2005/gsr,http://www.isotc211.org/2005/gsr,@xmlns:gsr:,@xmlns:gsr:,,,,,,,,,,,,
6,@xmlns:gts:§http://www.isotc211.org/2005/gts,http://www.isotc211.org/2005/gts,@xmlns:gts:,@xmlns:gts:,,,,,,,,,,,,
7,@xmlns:srv:§http://www.isotc211.org/2005/srv,http://www.isotc211.org/2005/srv,@xmlns:srv:,@xmlns:srv:,,,,,,,,,,,,
8,@xmlns:xlink:§http://www.w3.org/1999/xlink,http://www.w3.org/1999/xlink,@xmlns:xlink:,@xmlns:xlink:,,,,,,,,,,,,
9,@xmlns:xsi:§http://www.w3.org/2001/XMLSchema-instance,http://www.w3.org/2001/XMLSchema-instance,@xmlns:xsi:,@xmlns:xsi:,,,,,,,,,,,,
10,@xsi:schemaLocation:§http://www.isotc211.org/2005/gmd http://www.isotc211.org/2005/gmd/gmd.xsd http://www.isotc211.org/2005/gmx http://www.isotc211.org/2005/gmx/gmx.xsd http://www.isotc211.org/2005/srv http://schemas.opengis.net/iso/19139/20060504/srv/srv.xsd,http://www.isotc211.org/2005/gmd http://www.isotc211.org/2005/gmd/gmd.xsd http://www.isotc211.org/2005/gmx http://www.isotc211.org/2005/gmx/gmx.xsd http://www.isotc211.org/2005/srv http://schemas.opengis.net/iso/19139/20060504/srv/srv.xsd,@xsi:schemaLocation:,@xsi:schemaLocation:,,,,,,,,,,,,
11,gmd:fileIdentifier.gco:CharacterString.@xmlns:gco:§http://www.isotc211.org/2005/gco,http://www.isotc211.org/2005/gco,gmd:fileIdentifier£gco:CharacterString£@xmlns:gco:,gmd:fileIdentifier,gco:CharacterString,@xmlns:gco:,,,,,,,,,,
12,gmd:fileIdentifier.gco:CharacterString.#text:§cd89e128-0dc2-4f43-950f-547faf4c06b1,cd89e128-0dc2-4f43-950f-547faf4c06b1,gmd:fileIdentifier£gco:CharacterString£#text:,gmd:fileIdentifier,gco:CharacterString,#text:,,,,,,,,,,
13,gmd:language.@xmlns:gfc:§http://www.isotc211.org/2005/gfc,http://www.isotc211.org/2005/gfc,gmd:language£@xmlns:gfc:,gmd:language,@xmlns:gfc:,,,,,,,,,,,
14,gmd:language.gco:CharacterString.@xmlns:gco:§http://www.isotc211.org/2005/gco,http://www.isotc211.org/2005/gco,gmd:language£gco:CharacterString£@xmlns:gco:,gmd:language,gco:CharacterString,@xmlns:gco:,,,,,,,,,,
15,gmd:language.gco:CharacterString.#text:§fre,fre,gmd:language£gco:CharacterString£#text:,gmd:language,gco:CharacterString,#text:,,,,,,,,,,
16,gmd:characterSet.@xmlns:gfc:§http://www.isotc211.org/2005/gfc,http://www.isotc211.org/2005/gfc,gmd:characterSet£@xmlns:gfc:,gmd:characterSet,@xmlns:gfc:,,,,,,,,,,,
17,gmd:characterSet.gmd:MD_CharacterSetCode.@codeListValue:§utf8,utf8,gmd:characterSet£gmd:MD_CharacterSetCode£@codeListValue:,gmd:characterSet,gmd:MD_CharacterSetCode,@codeListValue:,,,,,,,,,,
18,gmd:characterSet.gmd:MD_CharacterSetCode.@codeList:§http://standards.iso.org/iso/19139/resources/gmxCodelists.xml#MD_CharacterSetCode,http://standards.iso.org/iso/19139/resources/gmxCodelists.xml#MD_CharacterSetCode,gmd:characterSet£gmd:MD_CharacterSetCode£@codeList:,gmd:characterSet,gmd:MD_CharacterSetCode,@codeList:,,,,,,,,,,
19,gmd:hierarchyLevel.@xmlns:gfc:§http://www.isotc211.org/2005/gfc,http://www.isotc211.org/2005/gfc,gmd:hierarchyLevel£@xmlns:gfc:,gmd:hierarchyLevel,@xmlns:gfc:,,,,,,,,,,,
20,gmd:hierarchyLevel.gmd:MD_ScopeCode.@codeListValue:§dataset,dataset,gmd:hierarchyLevel£gmd:MD_ScopeCode£@codeListValue:,gmd:hierarchyLevel,gmd:MD_ScopeCode,@codeListValue:,,,,,,,,,,
21,gmd:hierarchyLevel.gmd:MD_ScopeCode.@codeList:§http://standards.iso.org/iso/19139/resources/gmxCodelists.xml#MD_ScopeCode,http://standards.iso.org/iso/19139/resources/gmxCodelists.xml#MD_ScopeCode,gmd:hierarchyLevel£gmd:MD_ScopeCode£@codeList:,gmd:hierarchyLevel,gmd:MD_ScopeCode,@codeList:,,,,,,,,,,
22,gmd:hierarchyLevelName.@xmlns:gfc:§http://www.isotc211.org/2005/gfc,http://www.isotc211.org/2005/gfc,gmd:hierarchyLevelName£@xmlns:gfc:,gmd:hierarchyLevelName,@xmlns:gfc:,,,,,,,,,,,
23,gmd:hierarchyLevelName.@gco:nilReason:§missing,missing,gmd:hierarchyLevelName£@gco:nilReason:,gmd:hierarchyLevelName,@gco:nilReason:,,,,,,,,,,,
24,gmd:hierarchyLevelName.gco:CharacterString:§None,None,gmd:hierarchyLevelName£gco:CharacterString:,gmd:hierarchyLevelName,gco:CharacterString:,,,,,,,,,,,
25,gmd:contact.@xmlns:gfc:§http://www.isotc211.org/2005/gfc,http://www.isotc211.org/2005/gfc,gmd:contact£@xmlns:gfc:,gmd:contact,@xmlns:gfc:,,,,,,,,,,,
26,gmd:contact.gmd:CI_ResponsibleParty.gmd:individualName.gco:CharacterString.@xmlns:gco:§http://www.isotc211.org/2005/gco,http://www.isotc211.org/2005/gco,gmd:contact£gmd:CI_ResponsibleParty£gmd:individualName£gco:CharacterString£@xmlns:gco:,gmd:contact,gmd:CI_ResponsibleParty,gmd:individualName,gco:CharacterString,@xmlns:gco:,,,,,,,,
27,gmd:contact.gmd:CI_ResponsibleParty.gmd:individualName.gco:CharacterString.#text:§Fanny Arnaud,Fanny Arnaud,gmd:contact£gmd:CI_ResponsibleParty£gmd:individualName£gco:CharacterString£#text:,gmd:contact,gmd:CI_ResponsibleParty,gmd:individualName,gco:CharacterString,#text:,,,,,,,,
28,gmd:contact.gmd:CI_ResponsibleParty.gmd:organisationName.gco:CharacterString.@xmlns:gco:§http://www.isotc211.org/2005/gco,http://www.isotc211.org/2005/gco,gmd:contact£gmd:CI_ResponsibleParty£gmd:organisationName£gco:CharacterString£@xmlns:gco:,gmd:contact,gmd:CI_ResponsibleParty,gmd:organisationName,gco:CharacterString,@xmlns:gco:,,,,,,,,
29,gmd:contact.gmd:CI_ResponsibleParty.gmd:organisationName.gco:CharacterString.#text:§UMR 5600 EVS - ENS de Lyon,UMR 5600 EVS - ENS de Lyon,gmd:contact£gmd:CI_ResponsibleParty£gmd:organisationName£gco:CharacterString£#text:,gmd:contact,gmd:CI_ResponsibleParty,gmd:organisationName,gco:CharacterString,#text:,,,,,,,,
30,gmd:contact.gmd:CI_ResponsibleParty.gmd:positionName.gco:CharacterString.@xmlns:gco:§http://www.isotc211.org/2005/gco,http://www.isotc211.org/2005/gco,gmd:contact£gmd:CI_ResponsibleParty£gmd:positionName£gco:CharacterString£@xmlns:gco:,gmd:contact,gmd:CI_ResponsibleParty,gmd:positionName,gco:CharacterString,@xmlns:gco:,,,,,,,,
31,gmd:contact.gmd:CI_ResponsibleParty.gmd:positionName.gco:CharacterString.#text:§Ingénieur d'études,Ingénieur d'études,gmd:contact£gmd:CI_ResponsibleParty£gmd:positionName£gco:CharacterString£#text:,gmd:contact,gmd:CI_ResponsibleParty,gmd:positionName,gco:CharacterString,#text:,,,,,,,,
32,gmd:contact.gmd:CI_ResponsibleParty.gmd:contactInfo.gmd:CI_Contact.gmd:phone.gmd:CI_Telephone.gmd:voice.gco:CharacterString.@xmlns:gco:§http://www.isotc211.org/2005/gco,http://www.isotc211.org/2005/gco,gmd:contact£gmd:CI_ResponsibleParty£gmd:contactInfo£gmd:CI_Contact£gmd:phone£gmd:CI_Telephone£gmd:voice£gco:CharacterString£@xmlns:gco:,gmd:contact,gmd:CI_ResponsibleParty,gmd:contactInfo,gmd:CI_Contact,gmd:phone,gmd:CI_Telephone,gmd:voice,gco:CharacterString,@xmlns:gco:,,,,
33,gmd:contact.gmd:CI_ResponsibleParty.gmd:contactInfo.gmd:CI_Contact.gmd:phone.gmd:CI_Telephone.gmd:voice.gco:CharacterString.#text:§04 37 37 65 40,04 37 37 65 40,gmd:contact£gmd:CI_ResponsibleParty£gmd:contactInfo£gmd:CI_Contact£gmd:phone£gmd:CI_Telephone£gmd:voice£gco:CharacterString£#text:,gmd:contact,gmd:CI_ResponsibleParty,gmd:contactInfo,gmd:CI_Contact,gmd:phone,gmd:CI_Telephone,gmd:voice,gco:CharacterString,#text:,,,,
34,gmd:contact.gmd:CI_ResponsibleParty.gmd:contactInfo.gmd:CI_Contact.gmd:address.gmd:CI_Address.gmd:deliveryPoint.gco:CharacterString.@xmlns:gco:§http://www.isotc211.org/2005/gco,http://www.isotc211.org/2005/gco,gmd:contact£gmd:CI_ResponsibleParty£gmd:contactInfo£gmd:CI_Contact£gmd:address£gmd:CI_Address£gmd:deliveryPoint£gco:CharacterString£@xmlns:gco:,gmd:contact,gmd:CI_ResponsibleParty,gmd:contactInfo,gmd:CI_Contact,gmd:address,gmd:CI_Address,gmd:deliveryPoint,gco:CharacterString,@xmlns:gco:,,,,
35,gmd:contact.gmd:CI_ResponsibleParty.gmd:contactInfo.gmd:CI_Contact.gmd:address.gmd:CI_Address.gmd:deliveryPoint.gco:CharacterString.#text:§15 Parvis René Descartes BP 7000,15 Parvis René Descartes BP 7000,gmd:contact£gmd:CI_ResponsibleParty£gmd:contactInfo£gmd:CI_Contact£gmd:address£gmd:CI_Address£gmd:deliveryPoint£gco:CharacterString£#text:,gmd:contact,gmd:CI_ResponsibleParty,gmd:contactInfo,gmd:CI_Contact,gmd:address,gmd:CI_Address,gmd:deliveryPoint,gco:CharacterString,#text:,,,,
36,gmd:contact.gmd:CI_ResponsibleParty.gmd:contactInfo.gmd:CI_Contact.gmd:address.gmd:CI_Address.gmd:city.gco:CharacterString.@xmlns:gco:§http://www.isotc211.org/2005/gco,http://www.isotc211.org/2005/gco,gmd:contact£gmd:CI_ResponsibleParty£gmd:contactInfo£gmd:CI_Contact£gmd:address£gmd:CI_Address£gmd:city£gco:CharacterString£@xmlns:gco:,gmd:contact,gmd:CI_ResponsibleParty,gmd:contactInfo,gmd:CI_Contact,gmd:address,gmd:CI_Address,gmd:city,gco:CharacterString,@xmlns:gco:,,,,
37,gmd:contact.gmd:CI_ResponsibleParty.gmd:contactInfo.gmd:CI_Contact.gmd:address.gmd:CI_Address.gmd:city.gco:CharacterString.#text:§Lyon,Lyon,gmd:contact£gmd:CI_ResponsibleParty£gmd:contactInfo£gmd:CI_Contact£gmd:address£gmd:CI_Address£gmd:city£gco:CharacterString£#text:,gmd:contact,gmd:CI_ResponsibleParty,gmd:contactInfo,gmd:CI_Contact,gmd:address,gmd:CI_Address,gmd:city,gco:CharacterString,#text:,,,,
38,gmd:contact.gmd:CI_ResponsibleParty.gmd:contactInfo.gmd:CI_Contact.gmd:address.gmd:CI_Address.gmd:postalCode.gco:CharacterString.@xmlns:gco:§http://www.isotc211.org/2005/gco,http://www.isotc211.org/2005/gco,gmd:contact£gmd:CI_ResponsibleParty£gmd:contactInfo£gmd:CI_Contact£gmd:address£gmd:CI_Address£gmd:postalCode£gco:CharacterString£@xmlns:gco:,gmd:contact,gmd:CI_ResponsibleParty,gmd:contactInfo,gmd:CI_Contact,gmd:address,gmd:CI_Address,gmd:postalCode,gco:CharacterString,@xmlns:gco:,,,,
39,gmd:contact.gmd:CI_ResponsibleParty.gmd:contactInfo.gmd:CI_Contact.gmd:address.gmd:CI_Address.gmd:postalCode.gco:CharacterString.#text:§69007,69007,gmd:contact£gmd:CI_ResponsibleParty£gmd:contactInfo£gmd:CI_Contact£gmd:address£gmd:CI_Address£gmd:postalCode£gco:CharacterString£#text:,gmd:contact,gmd:CI_ResponsibleParty,gmd:contactInfo,gmd:CI_Contact,gmd:address,gmd:CI_Address,gmd:postalCode,gco:CharacterString,#text:,,,,
40,gmd:contact.gmd:CI_ResponsibleParty.gmd:contactInfo.gmd:CI_Contact.gmd:address.gmd:CI_Address.gmd:country.gco:CharacterString.@xmlns:gco:§http://www.isotc211.org/2005/gco,http://www.isotc211.org/2005/gco,gmd:contact£gmd:CI_ResponsibleParty£gmd:contactInfo£gmd:CI_Contact£gmd:address£gmd:CI_Address£gmd:country£gco:CharacterString£@xmlns:gco:,gmd:contact,gmd:CI_ResponsibleParty,gmd:contactInfo,gmd:CI_Contact,gmd:address,gmd:CI_Address,gmd:country,gco:CharacterString,@xmlns:gco:,,,,
41,gmd:contact.gmd:CI_ResponsibleParty.gmd:contactInfo.gmd:CI_Contact.gmd:address.gmd:CI_Address.gmd:country.gco:CharacterString.#text:§France,France,gmd:contact£gmd:CI_ResponsibleParty£gmd:contactInfo£gmd:CI_Contact£gmd:address£gmd:CI_Address£gmd:country£gco:CharacterString£#text:,gmd:contact,gmd:CI_ResponsibleParty,gmd:contactInfo,gmd:CI_Contact,gmd:address,gmd:CI_Address,gmd:country,gco:CharacterString,#text:,,,,
42,gmd:contact.gmd:CI_ResponsibleParty.gmd:contactInfo.gmd:CI_Contact.gmd:address.gmd:CI_Address.gmd:electronicMailAddress.gco:CharacterString.@xmlns:gco:§http://www.isotc211.org/2005/gco,http://www.isotc211.org/2005/gco,gmd:contact£gmd:CI_ResponsibleParty£gmd:contactInfo£gmd:CI_Contact£gmd:address£gmd:CI_Address£gmd:electronicMailAddress£gco:CharacterString£@xmlns:gco:,gmd:contact,gmd:CI_ResponsibleParty,gmd:contactInfo,gmd:CI_Contact,gmd:address,gmd:CI_Address,gmd:electronicMailAddress,gco:CharacterString,@xmlns:gco:,,,,
43,gmd:contact.gmd:CI_ResponsibleParty.gmd:contactInfo.gmd:CI_Contact.gmd:address.gmd:CI_Address.gmd:electronicMailAddress.gco:CharacterString.#text:§fanny.arnaud@ens-lyon.fr,fanny.arnaud@ens-lyon.fr,gmd:contact£gmd:CI_ResponsibleParty£gmd:contactInfo£gmd:CI_Contact£gmd:address£gmd:CI_Address£gmd:electronicMailAddress£gco:CharacterString£#text:,gmd:contact,gmd:CI_ResponsibleParty,gmd:contactInfo,gmd:CI_Contact,gmd:address,gmd:CI_Address,gmd:electronicMailAddress,gco:CharacterString,#text:,,,,
44,gmd:contact.gmd:CI_ResponsibleParty.gmd:role.gmd:CI_RoleCode.@codeList:§http://standards.iso.org/iso/19139/resources/gmxCodelists.xml#CI_RoleCode,http://standards.iso.org/iso/19139/resources/gmxCodelists.xml#CI_RoleCode,gmd:contact£gmd:CI_ResponsibleParty£gmd:role£gmd:CI_RoleCode£@codeList:,gmd:contact,gmd:CI_ResponsibleParty,gmd:role,gmd:CI_RoleCode,@codeList:,,,,,,,,
45,gmd:contact.gmd:CI_ResponsibleParty.gmd:role.gmd:CI_RoleCode.@codeListValue:§pointOfContact,pointOfContact,gmd:contact£gmd:CI_ResponsibleParty£gmd:role£gmd:CI_RoleCode£@codeListValue:,gmd:contact,gmd:CI_ResponsibleParty,gmd:role,gmd:CI_RoleCode,@codeListValue:,,,,,,,,
46,gmd:dateStamp.@xmlns:gfc:§http://www.isotc211.org/2005/gfc,http://www.isotc211.org/2005/gfc,gmd:dateStamp£@xmlns:gfc:,gmd:dateStamp,@xmlns:gfc:,,,,,,,,,,,
47,gmd:dateStamp.gco:DateTime.@xmlns:gco:§http://www.isotc211.org/2005/gco,http://www.isotc211.org/2005/gco,gmd:dateStamp£gco:DateTime£@xmlns:gco:,gmd:dateStamp,gco:DateTime,@xmlns:gco:,,,,,,,,,,
48,gmd:dateStamp.gco:DateTime.#text:§2024-03-12T12:31:02.158602Z,2024-03-12T12:31:02.158602Z,gmd:dateStamp£gco:DateTime£#text:,gmd:dateStamp,gco:DateTime,#text:,,,,,,,,,,
49,gmd:metadataStandardName.@xmlns:gfc:§http://www.isotc211.org/2005/gfc,http://www.isotc211.org/2005/gfc,gmd:metadataStandardName£@xmlns:gfc:,gmd:metadataStandardName,@xmlns:gfc:,,,,,,,,,,,
50,gmd:metadataStandardName.gco:CharacterString.@xmlns:gco:§http://www.isotc211.org/2005/gco,http://www.isotc211.org/2005/gco,gmd:metadataStandardName£gco:CharacterString£@xmlns:gco:,gmd:metadataStandardName,gco:CharacterString,@xmlns:gco:,,,,,,,,,,
51,gmd:metadataStandardName.gco:CharacterString.#text:§ISO 19115:2003/19139,ISO 19115:2003/19139,gmd:metadataStandardName£gco:CharacterString£#text:,gmd:metadataStandardName,gco:CharacterString,#text:,,,,,,,,,,
52,gmd:metadataStandardVersion.@xmlns:gfc:§http://www.isotc211.org/2005/gfc,http://www.isotc211.org/2005/gfc,gmd:metadataStandardVersion£@xmlns:gfc:,gmd:metadataStandardVersion,@xmlns:gfc:,,,,,,,,,,,
53,gmd:metadataStandardVersion.gco:CharacterString.@xmlns:gco:§http://www.isotc211.org/2005/gco,http://www.isotc211.org/2005/gco,gmd:metadataStandardVersion£gco:CharacterString£@xmlns:gco:,gmd:metadataStandardVersion,gco:CharacterString,@xmlns:gco:,,,,,,,,,,
54,gmd:metadataStandardVersion.gco:CharacterString.#text:§1.0,1.0,gmd:metadataStandardVersion£gco:CharacterString£#text:,gmd:metadataStandardVersion,gco:CharacterString,#text:,,,,,,,,,,
55,gmd:identificationInfo.@xmlns:gfc:§http://www.isotc211.org/2005/gfc,http://www.isotc211.org/2005/gfc,gmd:identificationInfo£@xmlns:gfc:,gmd:identificationInfo,@xmlns:gfc:,,,,,,,,,,,
56,gmd:identificationInfo.gmd:MD_DataIdentification.gmd:citation.gmd:CI_Citation.gmd:title.gco:CharacterString.@xmlns:gco:§http://www.isotc211.org/2005/gco,http://www.isotc211.org/2005/gco,gmd:identificationInfo£gmd:MD_DataIdentification£gmd:citation£gmd:CI_Citation£gmd:title£gco:CharacterString£@xmlns:gco:,gmd:identificationInfo,gmd:MD_DataIdentification,gmd:citation,gmd:CI_Citation,gmd:title,gco:CharacterString,@xmlns:gco:,,,,,,
57,gmd:identificationInfo.gmd:MD_DataIdentification.gmd:citation.gmd:CI_Citation.gmd:title.gco:CharacterString.#text:§Frise chrono-systémique de l'OHM VR (1750-2018),Frise chrono-systémique de l'OHM VR (1750-2018),gmd:identificationInfo£gmd:MD_DataIdentification£gmd:citation£gmd:CI_Citation£gmd:title£gco:CharacterString£#text:,gmd:identificationInfo,gmd:MD_DataIdentification,gmd:citation,gmd:CI_Citation,gmd:title,gco:CharacterString,#text:,,,,,,
58,gmd:identificationInfo.gmd:MD_DataIdentification.gmd:citation.gmd:CI_Citation.gmd:date.gmd:CI_Date.gmd:date.gco:DateTime.@xmlns:gco:§http://www.isotc211.org/2005/gco,http://www.isotc211.org/2005/gco,gmd:identificationInfo£gmd:MD_DataIdentification£gmd:citation£gmd:CI_Citation£gmd:date£gmd:CI_Date£gmd:date£gco:DateTime£@xmlns:gco:,gmd:identificationInfo,gmd:MD_DataIdentification,gmd:citation,gmd:CI_Citation,gmd:date,gmd:CI_Date,gmd:date,gco:DateTime,@xmlns:gco:,,,,
59,gmd:identificationInfo.gmd:MD_DataIdentification.gmd:citation.gmd:CI_Citation.gmd:date.gmd:CI_Date.gmd:date.gco:DateTime.#text:§2018-07-06T00:00:00,2018-07-06T00:00:00,gmd:identificationInfo£gmd:MD_DataIdentification£gmd:citation£gmd:CI_Citation£gmd:date£gmd:CI_Date£gmd:date£gco:DateTime£#text:,gmd:identificationInfo,gmd:MD_DataIdentification,gmd:citation,gmd:CI_Citation,gmd:date,gmd:CI_Date,gmd:date,gco:DateTime,#text:,,,,
60,gmd:identificationInfo.gmd:MD_DataIdentification.gmd:citation.gmd:CI_Citation.gmd:date.gmd:CI_Date.gmd:dateType.gmd:CI_DateTypeCode.@codeListValue:§creation,creation,gmd:identificationInfo£gmd:MD_DataIdentification£gmd:citation£gmd:CI_Citation£gmd:date£gmd:CI_Date£gmd:dateType£gmd:CI_DateTypeCode£@codeListValue:,gmd:identificationInfo,gmd:MD_DataIdentification,gmd:citation,gmd:CI_Citation,gmd:date,gmd:CI_Date,gmd:dateType,gmd:CI_DateTypeCode,@codeListValue:,,,,
61,gmd:identificationInfo.gmd:MD_DataIdentification.gmd:citation.gmd:CI_Citation.gmd:date.gmd:CI_Date.gmd:dateType.gmd:CI_DateTypeCode.@codeList:§http://standards.iso.org/iso/19139/resources/gmxCodelists.xml#CI_DateTypeCode,http://standards.iso.org/iso/19139/resources/gmxCodelists.xml#CI_DateTypeCode,gmd:identificationInfo£gmd:MD_DataIdentification£gmd:citation£gmd:CI_Citation£gmd:date£gmd:CI_Date£gmd:dateType£gmd:CI_DateTypeCode£@codeList:,gmd:identificationInfo,gmd:MD_DataIdentification,gmd:citation,gmd:CI_Citation,gmd:date,gmd:CI_Date,gmd:dateType,gmd:CI_DateTypeCode,@codeList:,,,,
62,gmd:identificationInfo.gmd:MD_DataIdentification.gmd:citation.gmd:CI_Citation.gmd:identifier.gmd:MD_Identifier.gmd:code.gco:CharacterString.@xmlns:gco:§http://www.isotc211.org/2005/gco,http://www.isotc211.org/2005/gco,gmd:identificationInfo£gmd:MD_DataIdentification£gmd:citation£gmd:CI_Citation£gmd:identifier£gmd:MD_Identifier£gmd:code£gco:CharacterString£@xmlns:gco:,gmd:identificationInfo,gmd:MD_DataIdentification,gmd:citation,gmd:CI_Citation,gmd:identifier,gmd:MD_Identifier,gmd:code,gco:CharacterString,@xmlns:gco:,,,,
63,gmd:identificationInfo.gmd:MD_DataIdentification.gmd:citation.gmd:CI_Citation.gmd:identifier.gmd:MD_Identifier.gmd:code.gco:CharacterString.#text:§2018-ARNAUD-FRISE,2018-ARNAUD-FRISE,gmd:identificationInfo£gmd:MD_DataIdentification£gmd:citation£gmd:CI_Citation£gmd:identifier£gmd:MD_Identifier£gmd:code£gco:CharacterString£#text:,gmd:identificationInfo,gmd:MD_DataIdentification,gmd:citation,gmd:CI_Citation,gmd:identifier,gmd:MD_Identifier,gmd:code,gco:CharacterString,#text:,,,,
64,gmd:identificationInfo.gmd:MD_DataIdentification.gmd:citation.gmd:CI_Citation.gmd:presentationForm.gmd:CI_PresentationFormCode.@codeList:§http://standards.iso.org/iso/19139/resources/gmxCodelists.xml#CI_PresentationFormCode,http://standards.iso.org/iso/19139/resources/gmxCodelists.xml#CI_PresentationFormCode,gmd:identificationInfo£gmd:MD_DataIdentification£gmd:citation£gmd:CI_Citation£gmd:presentationForm£gmd:CI_PresentationFormCode£@codeList:,gmd:identificationInfo,gmd:MD_DataIdentification,gmd:citation,gmd:CI_Citation,gmd:presentationForm,gmd:CI_PresentationFormCode,@codeList:,,,,,,
65,gmd:identificationInfo.gmd:MD_DataIdentification.gmd:citation.gmd:CI_Citation.gmd:presentationForm.gmd:CI_PresentationFormCode.@codeListValue:§tableDigital,tableDigital,gmd:identificationInfo£gmd:MD_DataIdentification£gmd:citation£gmd:CI_Citation£gmd:presentationForm£gmd:CI_PresentationFormCode£@codeListValue:,gmd:identificationInfo,gmd:MD_DataIdentification,gmd:citation,gmd:CI_Citation,gmd:presentationForm,gmd:CI_PresentationFormCode,@codeListValue:,,,,,,
66,gmd:identificationInfo.gmd:MD_DataIdentification.gmd:abstract.gco:CharacterString.@xmlns:gco:§http://www.isotc211.org/2005/gco,http://www.isotc211.org/2005/gco,gmd:identificationInfo£gmd:MD_DataIdentification£gmd:abstract£gco:CharacterString£@xmlns:gco:,gmd:identificationInfo,gmd:MD_DataIdentification,gmd:abstract,gco:CharacterString,@xmlns:gco:,,,,,,,,
67,"gmd:identificationInfo.gmd:MD_DataIdentification.gmd:abstract.gco:CharacterString.#text:§Une frise chrono-systémique est en construction dans l'OHM VR. Elle a pour but de détailler les évènements marquants dans la trajectoire spatio-temporelle du fleuve Rhône et de superposer les résultats de recherche de l'OHM VR. La frise a été alimentée lors d'un atelier participatif chercheurs-gestionnaire en juillet 2018. La maquette contient 17 thèmes d'évènements marquants (contexte socio-économique et politique, législation, crues et étiages...) et 9 thématiques de recherche (trajectoires biologique, trajectoire morphologique, discours/controverses/militantisme...).","Une frise chrono-systémique est en construction dans l'OHM VR. Elle a pour but de détailler les évènements marquants dans la trajectoire spatio-temporelle du fleuve Rhône et de superposer les résultats de recherche de l'OHM VR. La frise a été alimentée lors d'un atelier participatif chercheurs-gestionnaire en juillet 2018. La maquette contient 17 thèmes d'évènements marquants (contexte socio-économique et politique, législation, crues et étiages...) et 9 thématiques de recherche (trajectoires biologique, trajectoire morphologique, discours/controverses/militantisme...).",gmd:identificationInfo£gmd:MD_DataIdentification£gmd:abstract£gco:CharacterString£#text:,gmd:identificationInfo,gmd:MD_DataIdentification,gmd:abstract,gco:CharacterString,#text:,,,,,,,,
68,gmd:identificationInfo.gmd:MD_DataIdentification.gmd:pointOfContact.gmd:CI_ResponsibleParty.gmd:individualName.gco:CharacterString.@xmlns:gco:§http://www.isotc211.org/2005/gco,http://www.isotc211.org/2005/gco,gmd:identificationInfo£gmd:MD_DataIdentification£gmd:pointOfContact£gmd:CI_ResponsibleParty£gmd:individualName£gco:CharacterString£@xmlns:gco:,gmd:identificationInfo,gmd:MD_DataIdentification,gmd:pointOfContact,gmd:CI_ResponsibleParty,gmd:individualName,gco:CharacterString,@xmlns:gco:,,,,,,
69,gmd:identificationInfo.gmd:MD_DataIdentification.gmd:pointOfContact.gmd:CI_ResponsibleParty.gmd:individualName.gco:CharacterString.#text:§Fanny Arnaud,Fanny Arnaud,gmd:identificationInfo£gmd:MD_DataIdentification£gmd:pointOfContact£gmd:CI_ResponsibleParty£gmd:individualName£gco:CharacterString£#text:,gmd:identificationInfo,gmd:MD_DataIdentification,gmd:pointOfContact,gmd:CI_ResponsibleParty,gmd:individualName,gco:CharacterString,#text:,,,,,,
70,gmd:identificationInfo.gmd:MD_DataIdentification.gmd:pointOfContact.gmd:CI_ResponsibleParty.gmd:organisationName.gco:CharacterString.@xmlns:gco:§http://www.isotc211.org/2005/gco,http://www.isotc211.org/2005/gco,gmd:identificationInfo£gmd:MD_DataIdentification£gmd:pointOfContact£gmd:CI_ResponsibleParty£gmd:organisationName£gco:CharacterString£@xmlns:gco:,gmd:identificationInfo,gmd:MD_DataIdentification,gmd:pointOfContact,gmd:CI_ResponsibleParty,gmd:organisationName,gco:CharacterString,@xmlns:gco:,,,,,,
71,gmd:identificationInfo.gmd:MD_DataIdentification.gmd:pointOfContact.gmd:CI_ResponsibleParty.gmd:organisationName.gco:CharacterString.#text:§UMR 5600 EVS - ENS de Lyon,UMR 5600 EVS - ENS de Lyon,gmd:identificationInfo£gmd:MD_DataIdentification£gmd:pointOfContact£gmd:CI_ResponsibleParty£gmd:organisationName£gco:CharacterString£#text:,gmd:identificationInfo,gmd:MD_DataIdentification,gmd:pointOfContact,gmd:CI_ResponsibleParty,gmd:organisationName,gco:CharacterString,#text:,,,,,,
72,gmd:identificationInfo.gmd:MD_DataIdentification.gmd:pointOfContact.gmd:CI_ResponsibleParty.gmd:positionName.gco:CharacterString.@xmlns:gco:§http://www.isotc211.org/2005/gco,http://www.isotc211.org/2005/gco,gmd:identificationInfo£gmd:MD_DataIdentification£gmd:pointOfContact£gmd:CI_ResponsibleParty£gmd:positionName£gco:CharacterString£@xmlns:gco:,gmd:identificationInfo,gmd:MD_DataIdentification,gmd:pointOfContact,gmd:CI_ResponsibleParty,gmd:positionName,gco:CharacterString,@xmlns:gco:,,,,,,
73,gmd:identificationInfo.gmd:MD_DataIdentification.gmd:pointOfContact.gmd:CI_ResponsibleParty.gmd:positionName.gco:CharacterString.#text:§Ingénieur d'études,Ingénieur d'études,gmd:identificationInfo£gmd:MD_DataIdentification£gmd:pointOfContact£gmd:CI_ResponsibleParty£gmd:positionName£gco:CharacterString£#text:,gmd:identificationInfo,gmd:MD_DataIdentification,gmd:pointOfContact,gmd:CI_ResponsibleParty,gmd:positionName,gco:CharacterString,#text:,,,,,,
74,gmd:identificationInfo.gmd:MD_DataIdentification.gmd:pointOfContact.gmd:CI_ResponsibleParty.gmd:contactInfo.gmd:CI_Contact.gmd:phone.gmd:CI_Telephone.gmd:voice.gco:CharacterString.@xmlns:gco:§http://www.isotc211.org/2005/gco,http://www.isotc211.org/2005/gco,gmd:identificationInfo£gmd:MD_DataIdentification£gmd:pointOfContact£gmd:CI_ResponsibleParty£gmd:contactInfo£gmd:CI_Contact£gmd:phone£gmd:CI_Telephone£gmd:voice£gco:CharacterString£@xmlns:gco:,gmd:identificationInfo,gmd:MD_DataIdentification,gmd:pointOfContact,gmd:CI_ResponsibleParty,gmd:contactInfo,gmd:CI_Contact,gmd:phone,gmd:CI_Telephone,gmd:voice,gco:CharacterString,@xmlns:gco:,,
75,gmd:identificationInfo.gmd:MD_DataIdentification.gmd:pointOfContact.gmd:CI_ResponsibleParty.gmd:contactInfo.gmd:CI_Contact.gmd:phone.gmd:CI_Telephone.gmd:voice.gco:CharacterString.#text:§04 37 37 65 40,04 37 37 65 40,gmd:identificationInfo£gmd:MD_DataIdentification£gmd:pointOfContact£gmd:CI_ResponsibleParty£gmd:contactInfo£gmd:CI_Contact£gmd:phone£gmd:CI_Telephone£gmd:voice£gco:CharacterString£#text:,gmd:identificationInfo,gmd:MD_DataIdentification,gmd:pointOfContact,gmd:CI_ResponsibleParty,gmd:contactInfo,gmd:CI_Contact,gmd:phone,gmd:CI_Telephone,gmd:voice,gco:CharacterString,#text:,,
76,gmd:identificationInfo.gmd:MD_DataIdentification.gmd:pointOfContact.gmd:CI_ResponsibleParty.gmd:contactInfo.gmd:CI_Contact.gmd:address.gmd:CI_Address.gmd:deliveryPoint.gco:CharacterString.@xmlns:gco:§http://www.isotc211.org/2005/gco,http://www.isotc211.org/2005/gco,gmd:identificationInfo£gmd:MD_DataIdentification£gmd:pointOfContact£gmd:CI_ResponsibleParty£gmd:contactInfo£gmd:CI_Contact£gmd:address£gmd:CI_Address£gmd:deliveryPoint£gco:CharacterString£@xmlns:gco:,gmd:identificationInfo,gmd:MD_DataIdentification,gmd:pointOfContact,gmd:CI_ResponsibleParty,gmd:contactInfo,gmd:CI_Contact,gmd:address,gmd:CI_Address,gmd:deliveryPoint,gco:CharacterString,@xmlns:gco:,,
77,gmd:identificationInfo.gmd:MD_DataIdentification.gmd:pointOfContact.gmd:CI_ResponsibleParty.gmd:contactInfo.gmd:CI_Contact.gmd:address.gmd:CI_Address.gmd:deliveryPoint.gco:CharacterString.#text:§15 Parvis René Descartes BP 7000,15 Parvis René Descartes BP 7000,gmd:identificationInfo£gmd:MD_DataIdentification£gmd:pointOfContact£gmd:CI_ResponsibleParty£gmd:contactInfo£gmd:CI_Contact£gmd:address£gmd:CI_Address£gmd:deliveryPoint£gco:CharacterString£#text:,gmd:identificationInfo,gmd:MD_DataIdentification,gmd:pointOfContact,gmd:CI_ResponsibleParty,gmd:contactInfo,gmd:CI_Contact,gmd:address,gmd:CI_Address,gmd:deliveryPoint,gco:CharacterString,#text:,,
78,gmd:identificationInfo.gmd:MD_DataIdentification.gmd:pointOfContact.gmd:CI_ResponsibleParty.gmd:contactInfo.gmd:CI_Contact.gmd:address.gmd:CI_Address.gmd:city.gco:CharacterString.@xmlns:gco:§http://www.isotc211.org/2005/gco,http://www.isotc211.org/2005/gco,gmd:identificationInfo£gmd:MD_DataIdentification£gmd:pointOfContact£gmd:CI_ResponsibleParty£gmd:contactInfo£gmd:CI_Contact£gmd:address£gmd:CI_Address£gmd:city£gco:CharacterString£@xmlns:gco:,gmd:identificationInfo,gmd:MD_DataIdentification,gmd:pointOfContact,gmd:CI_ResponsibleParty,gmd:contactInfo,gmd:CI_Contact,gmd:address,gmd:CI_Address,gmd:city,gco:CharacterString,@xmlns:gco:,,
79,gmd:identificationInfo.gmd:MD_DataIdentification.gmd:pointOfContact.gmd:CI_ResponsibleParty.gmd:contactInfo.gmd:CI_Contact.gmd:address.gmd:CI_Address.gmd:city.gco:CharacterString.#text:§Lyon,Lyon,gmd:identificationInfo£gmd:MD_DataIdentification£gmd:pointOfContact£gmd:CI_ResponsibleParty£gmd:contactInfo£gmd:CI_Contact£gmd:address£gmd:CI_Address£gmd:city£gco:CharacterString£#text:,gmd:identificationInfo,gmd:MD_DataIdentification,gmd:pointOfContact,gmd:CI_ResponsibleParty,gmd:contactInfo,gmd:CI_Contact,gmd:address,gmd:CI_Address,gmd:city,gco:CharacterString,#text:,,
80,gmd:identificationInfo.gmd:MD_DataIdentification.gmd:pointOfContact.gmd:CI_ResponsibleParty.gmd:contactInfo.gmd:CI_Contact.gmd:address.gmd:CI_Address.gmd:postalCode.gco:CharacterString.@xmlns:gco:§http://www.isotc211.org/2005/gco,http://www.isotc211.org/2005/gco,gmd:identificationInfo£gmd:MD_DataIdentification£gmd:pointOfContact£gmd:CI_ResponsibleParty£gmd:contactInfo£gmd:CI_Contact£gmd:address£gmd:CI_Address£gmd:postalCode£gco:CharacterString£@xmlns:gco:,gmd:identificationInfo,gmd:MD_DataIdentification,gmd:pointOfContact,gmd:CI_ResponsibleParty,gmd:contactInfo,gmd:CI_Contact,gmd:address,gmd:CI_Address,gmd:postalCode,gco:CharacterString,@xmlns:gco:,,
81,gmd:identificationInfo.gmd:MD_DataIdentification.gmd:pointOfContact.gmd:CI_ResponsibleParty.gmd:contactInfo.gmd:CI_Contact.gmd:address.gmd:CI_Address.gmd:postalCode.gco:CharacterString.#text:§69007,69007,gmd:identificationInfo£gmd:MD_DataIdentification£gmd:pointOfContact£gmd:CI_ResponsibleParty£gmd:contactInfo£gmd:CI_Contact£gmd:address£gmd:CI_Address£gmd:postalCode£gco:CharacterString£#text:,gmd:identificationInfo,gmd:MD_DataIdentification,gmd:pointOfContact,gmd:CI_ResponsibleParty,gmd:contactInfo,gmd:CI_Contact,gmd:address,gmd:CI_Address,gmd:postalCode,gco:CharacterString,#text:,,
82,gmd:identificationInfo.gmd:MD_DataIdentification.gmd:pointOfContact.gmd:CI_ResponsibleParty.gmd:contactInfo.gmd:CI_Contact.gmd:address.gmd:CI_Address.gmd:country.gco:CharacterString.@xmlns:gco:§http://www.isotc211.org/2005/gco,http://www.isotc211.org/2005/gco,gmd:identificationInfo£gmd:MD_DataIdentification£gmd:pointOfContact£gmd:CI_ResponsibleParty£gmd:contactInfo£gmd:CI_Contact£gmd:address£gmd:CI_Address£gmd:country£gco:CharacterString£@xmlns:gco:,gmd:identificationInfo,gmd:MD_DataIdentification,gmd:pointOfContact,gmd:CI_ResponsibleParty,gmd:contactInfo,gmd:CI_Contact,gmd:address,gmd:CI_Address,gmd:country,gco:CharacterString,@xmlns:gco:,,
83,gmd:identificationInfo.gmd:MD_DataIdentification.gmd:pointOfContact.gmd:CI_ResponsibleParty.gmd:contactInfo.gmd:CI_Contact.gmd:address.gmd:CI_Address.gmd:country.gco:CharacterString.#text:§France,France,gmd:identificationInfo£gmd:MD_DataIdentification£gmd:pointOfContact£gmd:CI_ResponsibleParty£gmd:contactInfo£gmd:CI_Contact£gmd:address£gmd:CI_Address£gmd:country£gco:CharacterString£#text:,gmd:identificationInfo,gmd:MD_DataIdentification,gmd:pointOfContact,gmd:CI_ResponsibleParty,gmd:contactInfo,gmd:CI_Contact,gmd:address,gmd:CI_Address,gmd:country,gco:CharacterString,#text:,,
84,gmd:identificationInfo.gmd:MD_DataIdentification.gmd:pointOfContact.gmd:CI_ResponsibleParty.gmd:contactInfo.gmd:CI_Contact.gmd:address.gmd:CI_Address.gmd:electronicMailAddress.gco:CharacterString.@xmlns:gco:§http://www.isotc211.org/2005/gco,http://www.isotc211.org/2005/gco,gmd:identificationInfo£gmd:MD_DataIdentification£gmd:pointOfContact£gmd:CI_ResponsibleParty£gmd:contactInfo£gmd:CI_Contact£gmd:address£gmd:CI_Address£gmd:electronicMailAddress£gco:CharacterString£@xmlns:gco:,gmd:identificationInfo,gmd:MD_DataIdentification,gmd:pointOfContact,gmd:CI_ResponsibleParty,gmd:contactInfo,gmd:CI_Contact,gmd:address,gmd:CI_Address,gmd:electronicMailAddress,gco:CharacterString,@xmlns:gco:,,
85,gmd:identificationInfo.gmd:MD_DataIdentification.gmd:pointOfContact.gmd:CI_ResponsibleParty.gmd:contactInfo.gmd:CI_Contact.gmd:address.gmd:CI_Address.gmd:electronicMailAddress.gco:CharacterString.#text:§fanny.arnaud@ens-lyon.fr,fanny.arnaud@ens-lyon.fr,gmd:identificationInfo£gmd:MD_DataIdentification£gmd:pointOfContact£gmd:CI_ResponsibleParty£gmd:contactInfo£gmd:CI_Contact£gmd:address£gmd:CI_Address£gmd:electronicMailAddress£gco:CharacterString£#text:,gmd:identificationInfo,gmd:MD_DataIdentification,gmd:pointOfContact,gmd:CI_ResponsibleParty,gmd:contactInfo,gmd:CI_Contact,gmd:address,gmd:CI_Address,gmd:electronicMailAddress,gco:CharacterString,#text:,,
86,gmd:identificationInfo.gmd:MD_DataIdentification.gmd:pointOfContact.gmd:CI_ResponsibleParty.gmd:role.gmd:CI_RoleCode.@codeList:§http://standards.iso.org/iso/19139/resources/gmxCodelists.xml#CI_RoleCode,http://standards.iso.org/iso/19139/resources/gmxCodelists.xml#CI_RoleCode,gmd:identificationInfo£gmd:MD_DataIdentification£gmd:pointOfContact£gmd:CI_ResponsibleParty£gmd:role£gmd:CI_RoleCode£@codeList:,gmd:identificationInfo,gmd:MD_DataIdentification,gmd:pointOfContact,gmd:CI_ResponsibleParty,gmd:role,gmd:CI_RoleCode,@codeList:,,,,,,
87,gmd:identificationInfo.gmd:MD_DataIdentification.gmd:pointOfContact.gmd:CI_ResponsibleParty.gmd:role.gmd:CI_RoleCode.@codeListValue:§pointOfContact,pointOfContact,gmd:identificationInfo£gmd:MD_DataIdentification£gmd:pointOfContact£gmd:CI_ResponsibleParty£gmd:role£gmd:CI_RoleCode£@codeListValue:,gmd:identificationInfo,gmd:MD_DataIdentification,gmd:pointOfContact,gmd:CI_ResponsibleParty,gmd:role,gmd:CI_RoleCode,@codeListValue:,,,,,,
88,gmd:identificationInfo.gmd:MD_DataIdentification.gmd:resourceMaintenance.gmd:MD_MaintenanceInformation.gmd:maintenanceAndUpdateFrequency.gmd:MD_MaintenanceFrequencyCode.@codeList:§http://standards.iso.org/iso/19139/resources/gmxCodelists.xml#MD_MaintenanceFrequencyCode,http://standards.iso.org/iso/19139/resources/gmxCodelists.xml#MD_MaintenanceFrequencyCode,gmd:identificationInfo£gmd:MD_DataIdentification£gmd:resourceMaintenance£gmd:MD_MaintenanceInformation£gmd:maintenanceAndUpdateFrequency£gmd:MD_MaintenanceFrequencyCode£@codeList:,gmd:identificationInfo,gmd:MD_DataIdentification,gmd:resourceMaintenance,gmd:MD_MaintenanceInformation,gmd:maintenanceAndUpdateFrequency,gmd:MD_MaintenanceFrequencyCode,@codeList:,,,,,,
89,gmd:identificationInfo.gmd:MD_DataIdentification.gmd:resourceMaintenance.gmd:MD_MaintenanceInformation.gmd:maintenanceAndUpdateFrequency.gmd:MD_MaintenanceFrequencyCode.@codeListValue:§asNeeded,asNeeded,gmd:identificationInfo£gmd:MD_DataIdentification£gmd:resourceMaintenance£gmd:MD_MaintenanceInformation£gmd:maintenanceAndUpdateFrequency£gmd:MD_MaintenanceFrequencyCode£@codeListValue:,gmd:identificationInfo,gmd:MD_DataIdentification,gmd:resourceMaintenance,gmd:MD_MaintenanceInformation,gmd:maintenanceAndUpdateFrequency,gmd:MD_MaintenanceFrequencyCode,@codeListValue:,,,,,,
90,gmd:identificationInfo.gmd:MD_DataIdentification.gmd:graphicOverview.gmd:MD_BrowseGraphic.gmd:fileName.gco:CharacterString.@xmlns:gco:§http://www.isotc211.org/2005/gco,http://www.isotc211.org/2005/gco,gmd:identificationInfo£gmd:MD_DataIdentification£gmd:graphicOverview£gmd:MD_BrowseGraphic£gmd:fileName£gco:CharacterString£@xmlns:gco:,gmd:identificationInfo,gmd:MD_DataIdentification,gmd:graphicOverview,gmd:MD_BrowseGraphic,gmd:fileName,gco:CharacterString,@xmlns:gco:,,,,,,
91,gmd:identificationInfo.gmd:MD_DataIdentification.gmd:graphicOverview.gmd:MD_BrowseGraphic.gmd:fileName.gco:CharacterString.#text:§https://cat.indores.fr/geonetwork/srv/api/records/cd89e128-0dc2-4f43-950f-547faf4c06b1/attachments/VignetteFrise.jpg,https://cat.indores.fr/geonetwork/srv/api/records/cd89e128-0dc2-4f43-950f-547faf4c06b1/attachments/VignetteFrise.jpg,gmd:identificationInfo£gmd:MD_DataIdentification£gmd:graphicOverview£gmd:MD_BrowseGraphic£gmd:fileName£gco:CharacterString£#text:,gmd:identificationInfo,gmd:MD_DataIdentification,gmd:graphicOverview,gmd:MD_BrowseGraphic,gmd:fileName,gco:CharacterString,#text:,,,,,,
92,gmd:identificationInfo.gmd:MD_DataIdentification.gmd:graphicOverview.gmd:MD_BrowseGraphic.gmd:fileDescription.gco:CharacterString.@xmlns:gco:§http://www.isotc211.org/2005/gco,http://www.isotc211.org/2005/gco,gmd:identificationInfo£gmd:MD_DataIdentification£gmd:graphicOverview£gmd:MD_BrowseGraphic£gmd:fileDescription£gco:CharacterString£@xmlns:gco:,gmd:identificationInfo,gmd:MD_DataIdentification,gmd:graphicOverview,gmd:MD_BrowseGraphic,gmd:fileDescription,gco:CharacterString,@xmlns:gco:,,,,,,
93,gmd:identificationInfo.gmd:MD_DataIdentification.gmd:graphicOverview.gmd:MD_BrowseGraphic.gmd:fileDescription.gco:CharacterString.#text:§VignetteFrise.jpg,VignetteFrise.jpg,gmd:identificationInfo£gmd:MD_DataIdentification£gmd:graphicOverview£gmd:MD_BrowseGraphic£gmd:fileDescription£gco:CharacterString£#text:,gmd:identificationInfo,gmd:MD_DataIdentification,gmd:graphicOverview,gmd:MD_BrowseGraphic,gmd:fileDescription,gco:CharacterString,#text:,,,,,,
94,gmd:identificationInfo.gmd:MD_DataIdentification.gmd:descriptiveKeywords.gmd:MD_Keywords.gmd:keyword.gco:CharacterString.@xmlns:gco:§http://www.isotc211.org/2005/gco,http://www.isotc211.org/2005/gco,gmd:identificationInfo£gmd:MD_DataIdentification£gmd:descriptiveKeywords£gmd:MD_Keywords£gmd:keyword£gco:CharacterString£@xmlns:gco:,gmd:identificationInfo,gmd:MD_DataIdentification,gmd:descriptiveKeywords,gmd:MD_Keywords,gmd:keyword,gco:CharacterString,@xmlns:gco:,,,,,,
95,gmd:identificationInfo.gmd:MD_DataIdentification.gmd:descriptiveKeywords.gmd:MD_Keywords.gmd:keyword.gco:CharacterString.#text:§OHM VR,OHM VR,gmd:identificationInfo£gmd:MD_DataIdentification£gmd:descriptiveKeywords£gmd:MD_Keywords£gmd:keyword£gco:CharacterString£#text:,gmd:identificationInfo,gmd:MD_DataIdentification,gmd:descriptiveKeywords,gmd:MD_Keywords,gmd:keyword,gco:CharacterString,#text:,,,,,,
96,gmd:identificationInfo.gmd:MD_DataIdentification.gmd:descriptiveKeywords.gmd:MD_Keywords.gmd:keyword.gco:CharacterString.@xmlns:gco:§http://www.isotc211.org/2005/gco,http://www.isotc211.org/2005/gco,gmd:identificationInfo£gmd:MD_DataIdentification£gmd:descriptiveKeywords£gmd:MD_Keywords£gmd:keyword£gco:CharacterString£@xmlns:gco:,gmd:identificationInfo,gmd:MD_DataIdentification,gmd:descriptiveKeywords,gmd:MD_Keywords,gmd:keyword,gco:CharacterString,@xmlns:gco:,,,,,,
97,gmd:identificationInfo.gmd:MD_DataIdentification.gmd:descriptiveKeywords.gmd:MD_Keywords.gmd:keyword.gco:CharacterString.#text:§Frise chrono-systémique,Frise chrono-systémique,gmd:identificationInfo£gmd:MD_DataIdentification£gmd:descriptiveKeywords£gmd:MD_Keywords£gmd:keyword£gco:CharacterString£#text:,gmd:identificationInfo,gmd:MD_DataIdentification,gmd:descriptiveKeywords,gmd:MD_Keywords,gmd:keyword,gco:CharacterString,#text:,,,,,,
98,gmd:identificationInfo.gmd:MD_DataIdentification.gmd:descriptiveKeywords.gmd:MD_Keywords.gmd:keyword.gco:CharacterString.@xmlns:gco:§http://www.isotc211.org/2005/gco,http://www.isotc211.org/2005/gco,gmd:identificationInfo£gmd:MD_DataIdentification£gmd:descriptiveKeywords£gmd:MD_Keywords£gmd:keyword£gco:CharacterString£@xmlns:gco:,gmd:identificationInfo,gmd:MD_DataIdentification,gmd:descriptiveKeywords,gmd:MD_Keywords,gmd:keyword,gco:CharacterString,@xmlns:gco:,,,,,,
99,gmd:identificationInfo.gmd:MD_DataIdentification.gmd:descriptiveKeywords.gmd:MD_Keywords.gmd:keyword.gco:CharacterString.#text:§Evènements marquants,Evènements marquants,gmd:identificationInfo£gmd:MD_DataIdentification£gmd:descriptiveKeywords£gmd:MD_Keywords£gmd:keyword£gco:CharacterString£#text:,gmd:identificationInfo,gmd:MD_DataIdentification,gmd:descriptiveKeywords,gmd:MD_Keywords,gmd:keyword,gco:CharacterString,#text:,,,,,,
100,gmd:identificationInfo.gmd:MD_DataIdentification.gmd:descriptiveKeywords.gmd:MD_Keywords.gmd:keyword.gco:CharacterString.@xmlns:gco:§http://www.isotc211.org/2005/gco,http://www.isotc211.org/2005/gco,gmd:identificationInfo£gmd:MD_DataIdentification£gmd:descriptiveKeywords£gmd:MD_Keywords£gmd:keyword£gco:CharacterString£@xmlns:gco:,gmd:identificationInfo,gmd:MD_DataIdentification,gmd:descriptiveKeywords,gmd:MD_Keywords,gmd:keyword,gco:CharacterString,@xmlns:gco:,,,,,,
101,gmd:identificationInfo.gmd:MD_DataIdentification.gmd:descriptiveKeywords.gmd:MD_Keywords.gmd:keyword.gco:CharacterString.#text:§Tendances d'évolution,Tendances d'évolution,gmd:identificationInfo£gmd:MD_DataIdentification£gmd:descriptiveKeywords£gmd:MD_Keywords£gmd:keyword£gco:CharacterString£#text:,gmd:identificationInfo,gmd:MD_DataIdentification,gmd:descriptiveKeywords,gmd:MD_Keywords,gmd:keyword,gco:CharacterString,#text:,,,,,,
102,gmd:identificationInfo.gmd:MD_DataIdentification.gmd:descriptiveKeywords.gmd:MD_Keywords.gmd:type.gmd:MD_KeywordTypeCode.@codeListValue:§theme,theme,gmd:identificationInfo£gmd:MD_DataIdentification£gmd:descriptiveKeywords£gmd:MD_Keywords£gmd:type£gmd:MD_KeywordTypeCode£@codeListValue:,gmd:identificationInfo,gmd:MD_DataIdentification,gmd:descriptiveKeywords,gmd:MD_Keywords,gmd:type,gmd:MD_KeywordTypeCode,@codeListValue:,,,,,,
103,gmd:identificationInfo.gmd:MD_DataIdentification.gmd:descriptiveKeywords.gmd:MD_Keywords.gmd:type.gmd:MD_KeywordTypeCode.@codeList:§http://standards.iso.org/iso/19139/resources/gmxCodelists.xml#MD_KeywordTypeCode,http://standards.iso.org/iso/19139/resources/gmxCodelists.xml#MD_KeywordTypeCode,gmd:identificationInfo£gmd:MD_DataIdentification£gmd:descriptiveKeywords£gmd:MD_Keywords£gmd:type£gmd:MD_KeywordTypeCode£@codeList:,gmd:identificationInfo,gmd:MD_DataIdentification,gmd:descriptiveKeywords,gmd:MD_Keywords,gmd:type,gmd:MD_KeywordTypeCode,@codeList:,,,,,,
104,gmd:identificationInfo.gmd:MD_DataIdentification.gmd:descriptiveKeywords.gmd:MD_Keywords.gmd:keyword.gco:CharacterString.@xmlns:gco:§http://www.isotc211.org/2005/gco,http://www.isotc211.org/2005/gco,gmd:identificationInfo£gmd:MD_DataIdentification£gmd:descriptiveKeywords£gmd:MD_Keywords£gmd:keyword£gco:CharacterString£@xmlns:gco:,gmd:identificationInfo,gmd:MD_DataIdentification,gmd:descriptiveKeywords,gmd:MD_Keywords,gmd:keyword,gco:CharacterString,@xmlns:gco:,,,,,,
105,gmd:identificationInfo.gmd:MD_DataIdentification.gmd:descriptiveKeywords.gmd:MD_Keywords.gmd:keyword.gco:CharacterString.#text:§Rhône,Rhône,gmd:identificationInfo£gmd:MD_DataIdentification£gmd:descriptiveKeywords£gmd:MD_Keywords£gmd:keyword£gco:CharacterString£#text:,gmd:identificationInfo,gmd:MD_DataIdentification,gmd:descriptiveKeywords,gmd:MD_Keywords,gmd:keyword,gco:CharacterString,#text:,,,,,,
106,gmd:identificationInfo.gmd:MD_DataIdentification.gmd:descriptiveKeywords.gmd:MD_Keywords.gmd:type.gmd:MD_KeywordTypeCode.@codeList:§http://standards.iso.org/iso/19139/resources/gmxCodelists.xml#MD_KeywordTypeCode,http://standards.iso.org/iso/19139/resources/gmxCodelists.xml#MD_KeywordTypeCode,gmd:identificationInfo£gmd:MD_DataIdentification£gmd:descriptiveKeywords£gmd:MD_Keywords£gmd:type£gmd:MD_KeywordTypeCode£@codeList:,gmd:identificationInfo,gmd:MD_DataIdentification,gmd:descriptiveKeywords,gmd:MD_Keywords,gmd:type,gmd:MD_KeywordTypeCode,@codeList:,,,,,,
107,gmd:identificationInfo.gmd:MD_DataIdentification.gmd:descriptiveKeywords.gmd:MD_Keywords.gmd:type.gmd:MD_KeywordTypeCode.@codeListValue:§place,place,gmd:identificationInfo£gmd:MD_DataIdentification£gmd:descriptiveKeywords£gmd:MD_Keywords£gmd:type£gmd:MD_KeywordTypeCode£@codeListValue:,gmd:identificationInfo,gmd:MD_DataIdentification,gmd:descriptiveKeywords,gmd:MD_Keywords,gmd:type,gmd:MD_KeywordTypeCode,@codeListValue:,,,,,,
108,gmd:identificationInfo.gmd:MD_DataIdentification.gmd:resourceConstraints.gmd:MD_LegalConstraints.gmd:useLimitation.gco:CharacterString.@xmlns:gco:§http://www.isotc211.org/2005/gco,http://www.isotc211.org/2005/gco,gmd:identificationInfo£gmd:MD_DataIdentification£gmd:resourceConstraints£gmd:MD_LegalConstraints£gmd:useLimitation£gco:CharacterString£@xmlns:gco:,gmd:identificationInfo,gmd:MD_DataIdentification,gmd:resourceConstraints,gmd:MD_LegalConstraints,gmd:useLimitation,gco:CharacterString,@xmlns:gco:,,,,,,
109,"gmd:identificationInfo.gmd:MD_DataIdentification.gmd:resourceConstraints.gmd:MD_LegalConstraints.gmd:useLimitation.gco:CharacterString.#text:§Mention obligatoire sur tout support de diffusion : ""Ces travaux ont bénéficié du soutien du LabEx DRIIHM et de l'OHM Vallée du Rhône"".","Mention obligatoire sur tout support de diffusion : ""Ces travaux ont bénéficié du soutien du LabEx DRIIHM et de l'OHM Vallée du Rhône"".",gmd:identificationInfo£gmd:MD_DataIdentification£gmd:resourceConstraints£gmd:MD_LegalConstraints£gmd:useLimitation£gco:CharacterString£#text:,gmd:identificationInfo,gmd:MD_DataIdentification,gmd:resourceConstraints,gmd:MD_LegalConstraints,gmd:useLimitation,gco:CharacterString,#text:,,,,,,
110,gmd:identificationInfo.gmd:MD_DataIdentification.gmd:resourceConstraints.gmd:MD_LegalConstraints.gmd:useLimitation.gco:CharacterString.@xmlns:gco:§http://www.isotc211.org/2005/gco,http://www.isotc211.org/2005/gco,gmd:identificationInfo£gmd:MD_DataIdentification£gmd:resourceConstraints£gmd:MD_LegalConstraints£gmd:useLimitation£gco:CharacterString£@xmlns:gco:,gmd:identificationInfo,gmd:MD_DataIdentification,gmd:resourceConstraints,gmd:MD_LegalConstraints,gmd:useLimitation,gco:CharacterString,@xmlns:gco:,,,,,,
111,gmd:identificationInfo.gmd:MD_DataIdentification.gmd:resourceConstraints.gmd:MD_LegalConstraints.gmd:useLimitation.gco:CharacterString.#text:§Utilisation commerciale directe ou indirecte interdite.,Utilisation commerciale directe ou indirecte interdite.,gmd:identificationInfo£gmd:MD_DataIdentification£gmd:resourceConstraints£gmd:MD_LegalConstraints£gmd:useLimitation£gco:CharacterString£#text:,gmd:identificationInfo,gmd:MD_DataIdentification,gmd:resourceConstraints,gmd:MD_LegalConstraints,gmd:useLimitation,gco:CharacterString,#text:,,,,,,
112,gmd:identificationInfo.gmd:MD_DataIdentification.gmd:resourceConstraints.gmd:MD_LegalConstraints.gmd:accessConstraints.gmd:MD_RestrictionCode.@codeList:§http://standards.iso.org/iso/19139/resources/gmxCodelists.xml#MD_RestrictionCode,http://standards.iso.org/iso/19139/resources/gmxCodelists.xml#MD_RestrictionCode,gmd:identificationInfo£gmd:MD_DataIdentification£gmd:resourceConstraints£gmd:MD_LegalConstraints£gmd:accessConstraints£gmd:MD_RestrictionCode£@codeList:,gmd:identificationInfo,gmd:MD_DataIdentification,gmd:resourceConstraints,gmd:MD_LegalConstraints,gmd:accessConstraints,gmd:MD_RestrictionCode,@codeList:,,,,,,
113,gmd:identificationInfo.gmd:MD_DataIdentification.gmd:resourceConstraints.gmd:MD_LegalConstraints.gmd:accessConstraints.gmd:MD_RestrictionCode.@codeListValue:§intellectualPropertyRights,intellectualPropertyRights,gmd:identificationInfo£gmd:MD_DataIdentification£gmd:resourceConstraints£gmd:MD_LegalConstraints£gmd:accessConstraints£gmd:MD_RestrictionCode£@codeListValue:,gmd:identificationInfo,gmd:MD_DataIdentification,gmd:resourceConstraints,gmd:MD_LegalConstraints,gmd:accessConstraints,gmd:MD_RestrictionCode,@codeListValue:,,,,,,
114,gmd:identificationInfo.gmd:MD_DataIdentification.gmd:resourceConstraints.gmd:MD_SecurityConstraints.gmd:classification.gmd:MD_ClassificationCode.@codeList:§http://standards.iso.org/iso/19139/resources/gmxCodelists.xml#MD_ClassificationCode,http://standards.iso.org/iso/19139/resources/gmxCodelists.xml#MD_ClassificationCode,gmd:identificationInfo£gmd:MD_DataIdentification£gmd:resourceConstraints£gmd:MD_SecurityConstraints£gmd:classification£gmd:MD_ClassificationCode£@codeList:,gmd:identificationInfo,gmd:MD_DataIdentification,gmd:resourceConstraints,gmd:MD_SecurityConstraints,gmd:classification,gmd:MD_ClassificationCode,@codeList:,,,,,,
115,gmd:identificationInfo.gmd:MD_DataIdentification.gmd:resourceConstraints.gmd:MD_SecurityConstraints.gmd:classification.gmd:MD_ClassificationCode.@codeListValue:§unclassified,unclassified,gmd:identificationInfo£gmd:MD_DataIdentification£gmd:resourceConstraints£gmd:MD_SecurityConstraints£gmd:classification£gmd:MD_ClassificationCode£@codeListValue:,gmd:identificationInfo,gmd:MD_DataIdentification,gmd:resourceConstraints,gmd:MD_SecurityConstraints,gmd:classification,gmd:MD_ClassificationCode,@codeListValue:,,,,,,
116,gmd:identificationInfo.gmd:MD_DataIdentification.gmd:language.gco:CharacterString.@xmlns:gco:§http://www.isotc211.org/2005/gco,http://www.isotc211.org/2005/gco,gmd:identificationInfo£gmd:MD_DataIdentification£gmd:language£gco:CharacterString£@xmlns:gco:,gmd:identificationInfo,gmd:MD_DataIdentification,gmd:language,gco:CharacterString,@xmlns:gco:,,,,,,,,
117,gmd:identificationInfo.gmd:MD_DataIdentification.gmd:language.gco:CharacterString.#text:§fre,fre,gmd:identificationInfo£gmd:MD_DataIdentification£gmd:language£gco:CharacterString£#text:,gmd:identificationInfo,gmd:MD_DataIdentification,gmd:language,gco:CharacterString,#text:,,,,,,,,
118,gmd:identificationInfo.gmd:MD_DataIdentification.gmd:characterSet.gmd:MD_CharacterSetCode.@codeListValue:§utf8,utf8,gmd:identificationInfo£gmd:MD_DataIdentification£gmd:characterSet£gmd:MD_CharacterSetCode£@codeListValue:,gmd:identificationInfo,gmd:MD_DataIdentification,gmd:characterSet,gmd:MD_CharacterSetCode,@codeListValue:,,,,,,,,
119,gmd:identificationInfo.gmd:MD_DataIdentification.gmd:characterSet.gmd:MD_CharacterSetCode.@codeList:§http://standards.iso.org/iso/19139/resources/gmxCodelists.xml#MD_CharacterSetCode,http://standards.iso.org/iso/19139/resources/gmxCodelists.xml#MD_CharacterSetCode,gmd:identificationInfo£gmd:MD_DataIdentification£gmd:characterSet£gmd:MD_CharacterSetCode£@codeList:,gmd:identificationInfo,gmd:MD_DataIdentification,gmd:characterSet,gmd:MD_CharacterSetCode,@codeList:,,,,,,,,
120,gmd:identificationInfo.gmd:MD_DataIdentification.gmd:topicCategory.gmd:MD_TopicCategoryCode:§society,society,gmd:identificationInfo£gmd:MD_DataIdentification£gmd:topicCategory£gmd:MD_TopicCategoryCode:,gmd:identificationInfo,gmd:MD_DataIdentification,gmd:topicCategory,gmd:MD_TopicCategoryCode:,,,,,,,,,
121,gmd:identificationInfo.gmd:MD_DataIdentification.gmd:topicCategory.gmd:MD_TopicCategoryCode:§inlandWaters,inlandWaters,gmd:identificationInfo£gmd:MD_DataIdentification£gmd:topicCategory£gmd:MD_TopicCategoryCode:,gmd:identificationInfo,gmd:MD_DataIdentification,gmd:topicCategory,gmd:MD_TopicCategoryCode:,,,,,,,,,
122,gmd:identificationInfo.gmd:MD_DataIdentification.gmd:extent.gmd:EX_Extent.gmd:description.gco:CharacterString.@xmlns:gco:§http://www.isotc211.org/2005/gco,http://www.isotc211.org/2005/gco,gmd:identificationInfo£gmd:MD_DataIdentification£gmd:extent£gmd:EX_Extent£gmd:description£gco:CharacterString£@xmlns:gco:,gmd:identificationInfo,gmd:MD_DataIdentification,gmd:extent,gmd:EX_Extent,gmd:description,gco:CharacterString,@xmlns:gco:,,,,,,
123,gmd:identificationInfo.gmd:MD_DataIdentification.gmd:extent.gmd:EX_Extent.gmd:description.gco:CharacterString.#text:§Cours du Rhône français,Cours du Rhône français,gmd:identificationInfo£gmd:MD_DataIdentification£gmd:extent£gmd:EX_Extent£gmd:description£gco:CharacterString£#text:,gmd:identificationInfo,gmd:MD_DataIdentification,gmd:extent,gmd:EX_Extent,gmd:description,gco:CharacterString,#text:,,,,,,
124,gmd:identificationInfo.gmd:MD_DataIdentification.gmd:extent.gmd:EX_Extent.gmd:geographicElement.gmd:EX_GeographicBoundingBox.gmd:westBoundLongitude.gco:Decimal.@xmlns:gco:§http://www.isotc211.org/2005/gco,http://www.isotc211.org/2005/gco,gmd:identificationInfo£gmd:MD_DataIdentification£gmd:extent£gmd:EX_Extent£gmd:geographicElement£gmd:EX_GeographicBoundingBox£gmd:westBoundLongitude£gco:Decimal£@xmlns:gco:,gmd:identificationInfo,gmd:MD_DataIdentification,gmd:extent,gmd:EX_Extent,gmd:geographicElement,gmd:EX_GeographicBoundingBox,gmd:westBoundLongitude,gco:Decimal,@xmlns:gco:,,,,
125,gmd:identificationInfo.gmd:MD_DataIdentification.gmd:extent.gmd:EX_Extent.gmd:geographicElement.gmd:EX_GeographicBoundingBox.gmd:westBoundLongitude.gco:Decimal.#text:§4.114,4.114,gmd:identificationInfo£gmd:MD_DataIdentification£gmd:extent£gmd:EX_Extent£gmd:geographicElement£gmd:EX_GeographicBoundingBox£gmd:westBoundLongitude£gco:Decimal£#text:,gmd:identificationInfo,gmd:MD_DataIdentification,gmd:extent,gmd:EX_Extent,gmd:geographicElement,gmd:EX_GeographicBoundingBox,gmd:westBoundLongitude,gco:Decimal,#text:,,,,
126,gmd:identificationInfo.gmd:MD_DataIdentification.gmd:extent.gmd:EX_Extent.gmd:geographicElement.gmd:EX_GeographicBoundingBox.gmd:eastBoundLongitude.gco:Decimal.@xmlns:gco:§http://www.isotc211.org/2005/gco,http://www.isotc211.org/2005/gco,gmd:identificationInfo£gmd:MD_DataIdentification£gmd:extent£gmd:EX_Extent£gmd:geographicElement£gmd:EX_GeographicBoundingBox£gmd:eastBoundLongitude£gco:Decimal£@xmlns:gco:,gmd:identificationInfo,gmd:MD_DataIdentification,gmd:extent,gmd:EX_Extent,gmd:geographicElement,gmd:EX_GeographicBoundingBox,gmd:eastBoundLongitude,gco:Decimal,@xmlns:gco:,,,,
127,gmd:identificationInfo.gmd:MD_DataIdentification.gmd:extent.gmd:EX_Extent.gmd:geographicElement.gmd:EX_GeographicBoundingBox.gmd:eastBoundLongitude.gco:Decimal.#text:§6.161,6.161,gmd:identificationInfo£gmd:MD_DataIdentification£gmd:extent£gmd:EX_Extent£gmd:geographicElement£gmd:EX_GeographicBoundingBox£gmd:eastBoundLongitude£gco:Decimal£#text:,gmd:identificationInfo,gmd:MD_DataIdentification,gmd:extent,gmd:EX_Extent,gmd:geographicElement,gmd:EX_GeographicBoundingBox,gmd:eastBoundLongitude,gco:Decimal,#text:,,,,
128,gmd:identificationInfo.gmd:MD_DataIdentification.gmd:extent.gmd:EX_Extent.gmd:geographicElement.gmd:EX_GeographicBoundingBox.gmd:southBoundLatitude.gco:Decimal.@xmlns:gco:§http://www.isotc211.org/2005/gco,http://www.isotc211.org/2005/gco,gmd:identificationInfo£gmd:MD_DataIdentification£gmd:extent£gmd:EX_Extent£gmd:geographicElement£gmd:EX_GeographicBoundingBox£gmd:southBoundLatitude£gco:Decimal£@xmlns:gco:,gmd:identificationInfo,gmd:MD_DataIdentification,gmd:extent,gmd:EX_Extent,gmd:geographicElement,gmd:EX_GeographicBoundingBox,gmd:southBoundLatitude,gco:Decimal,@xmlns:gco:,,,,
129,gmd:identificationInfo.gmd:MD_DataIdentification.gmd:extent.gmd:EX_Extent.gmd:geographicElement.gmd:EX_GeographicBoundingBox.gmd:southBoundLatitude.gco:Decimal.#text:§43.239,43.239,gmd:identificationInfo£gmd:MD_DataIdentification£gmd:extent£gmd:EX_Extent£gmd:geographicElement£gmd:EX_GeographicBoundingBox£gmd:southBoundLatitude£gco:Decimal£#text:,gmd:identificationInfo,gmd:MD_DataIdentification,gmd:extent,gmd:EX_Extent,gmd:geographicElement,gmd:EX_GeographicBoundingBox,gmd:southBoundLatitude,gco:Decimal,#text:,,,,
130,gmd:identificationInfo.gmd:MD_DataIdentification.gmd:extent.gmd:EX_Extent.gmd:geographicElement.gmd:EX_GeographicBoundingBox.gmd:northBoundLatitude.gco:Decimal.@xmlns:gco:§http://www.isotc211.org/2005/gco,http://www.isotc211.org/2005/gco,gmd:identificationInfo£gmd:MD_DataIdentification£gmd:extent£gmd:EX_Extent£gmd:geographicElement£gmd:EX_GeographicBoundingBox£gmd:northBoundLatitude£gco:Decimal£@xmlns:gco:,gmd:identificationInfo,gmd:MD_DataIdentification,gmd:extent,gmd:EX_Extent,gmd:geographicElement,gmd:EX_GeographicBoundingBox,gmd:northBoundLatitude,gco:Decimal,@xmlns:gco:,,,,
131,gmd:identificationInfo.gmd:MD_DataIdentification.gmd:extent.gmd:EX_Extent.gmd:geographicElement.gmd:EX_GeographicBoundingBox.gmd:northBoundLatitude.gco:Decimal.#text:§46.223,46.223,gmd:identificationInfo£gmd:MD_DataIdentification£gmd:extent£gmd:EX_Extent£gmd:geographicElement£gmd:EX_GeographicBoundingBox£gmd:northBoundLatitude£gco:Decimal£#text:,gmd:identificationInfo,gmd:MD_DataIdentification,gmd:extent,gmd:EX_Extent,gmd:geographicElement,gmd:EX_GeographicBoundingBox,gmd:northBoundLatitude,gco:Decimal,#text:,,,,
132,gmd:identificationInfo.gmd:MD_DataIdentification.gmd:extent.gmd:EX_Extent.gmd:temporalElement.@xmlns:gn:§http://www.fao.org/geonetwork,http://www.fao.org/geonetwork,gmd:identificationInfo£gmd:MD_DataIdentification£gmd:extent£gmd:EX_Extent£gmd:temporalElement£@xmlns:gn:,gmd:identificationInfo,gmd:MD_DataIdentification,gmd:extent,gmd:EX_Extent,gmd:temporalElement,@xmlns:gn:,,,,,,,
133,gmd:identificationInfo.gmd:MD_DataIdentification.gmd:extent.gmd:EX_Extent.gmd:temporalElement.gmd:EX_TemporalExtent.gmd:extent.gml:TimePeriod.@xmlns:gml:§http://www.opengis.net/gml,http://www.opengis.net/gml,gmd:identificationInfo£gmd:MD_DataIdentification£gmd:extent£gmd:EX_Extent£gmd:temporalElement£gmd:EX_TemporalExtent£gmd:extent£gml:TimePeriod£@xmlns:gml:,gmd:identificationInfo,gmd:MD_DataIdentification,gmd:extent,gmd:EX_Extent,gmd:temporalElement,gmd:EX_TemporalExtent,gmd:extent,gml:TimePeriod,@xmlns:gml:,,,,
134,gmd:identificationInfo.gmd:MD_DataIdentification.gmd:extent.gmd:EX_Extent.gmd:temporalElement.gmd:EX_TemporalExtent.gmd:extent.gml:TimePeriod.@gml:id:§d23904e350a1050910,d23904e350a1050910,gmd:identificationInfo£gmd:MD_DataIdentification£gmd:extent£gmd:EX_Extent£gmd:temporalElement£gmd:EX_TemporalExtent£gmd:extent£gml:TimePeriod£@gml:id:,gmd:identificationInfo,gmd:MD_DataIdentification,gmd:extent,gmd:EX_Extent,gmd:temporalElement,gmd:EX_TemporalExtent,gmd:extent,gml:TimePeriod,@gml:id:,,,,
135,gmd:identificationInfo.gmd:MD_DataIdentification.gmd:extent.gmd:EX_Extent.gmd:temporalElement.gmd:EX_TemporalExtent.gmd:extent.gml:TimePeriod.gml:beginPosition:§1750-01-01,1750-01-01,gmd:identificationInfo£gmd:MD_DataIdentification£gmd:extent£gmd:EX_Extent£gmd:temporalElement£gmd:EX_TemporalExtent£gmd:extent£gml:TimePeriod£gml:beginPosition:,gmd:identificationInfo,gmd:MD_DataIdentification,gmd:extent,gmd:EX_Extent,gmd:temporalElement,gmd:EX_TemporalExtent,gmd:extent,gml:TimePeriod,gml:beginPosition:,,,,
136,gmd:identificationInfo.gmd:MD_DataIdentification.gmd:extent.gmd:EX_Extent.gmd:temporalElement.gmd:EX_TemporalExtent.gmd:extent.gml:TimePeriod.gml:endPosition:§2018-12-31,2018-12-31,gmd:identificationInfo£gmd:MD_DataIdentification£gmd:extent£gmd:EX_Extent£gmd:temporalElement£gmd:EX_TemporalExtent£gmd:extent£gml:TimePeriod£gml:endPosition:,gmd:identificationInfo,gmd:MD_DataIdentification,gmd:extent,gmd:EX_Extent,gmd:temporalElement,gmd:EX_TemporalExtent,gmd:extent,gml:TimePeriod,gml:endPosition:,,,,
137,gmd:identificationInfo.gmd:MD_DataIdentification.gmd:supplementalInformation.gco:CharacterString.@xmlns:gco:§http://www.isotc211.org/2005/gco,http://www.isotc211.org/2005/gco,gmd:identificationInfo£gmd:MD_DataIdentification£gmd:supplementalInformation£gco:CharacterString£@xmlns:gco:,gmd:identificationInfo,gmd:MD_DataIdentification,gmd:supplementalInformation,gco:CharacterString,@xmlns:gco:,,,,,,,,
138,"gmd:identificationInfo.gmd:MD_DataIdentification.gmd:supplementalInformation.gco:CharacterString.#text:§Projet OHM VR ""CHRONO-RHÔNE : Elaboration d’une frise chrono-systémique pour
l’OHM Vallée du Rhône"" (2018)","Projet OHM VR ""CHRONO-RHÔNE : Elaboration d’une frise chrono-systémique pour
l’OHM Vallée du Rhône"" (2018)",gmd:identificationInfo£gmd:MD_DataIdentification£gmd:supplementalInformation£gco:CharacterString£#text:,gmd:identificationInfo,gmd:MD_DataIdentification,gmd:supplementalInformation,gco:CharacterString,#text:,,,,,,,,
139,gmd:distributionInfo.@xmlns:che:§http://www.geocat.ch/2008/che,http://www.geocat.ch/2008/che,gmd:distributionInfo£@xmlns:che:,gmd:distributionInfo,@xmlns:che:,,,,,,,,,,,
140,gmd:distributionInfo.@xmlns:gfc:§http://www.isotc211.org/2005/gfc,http://www.isotc211.org/2005/gfc,gmd:distributionInfo£@xmlns:gfc:,gmd:distributionInfo,@xmlns:gfc:,,,,,,,,,,,
141,gmd:distributionInfo.gmd:MD_Distribution.gmd:distributionFormat.@xmlns:date:§http://exslt.org/dates-and-times,http://exslt.org/dates-and-times,gmd:distributionInfo£gmd:MD_Distribution£gmd:distributionFormat£@xmlns:date:,gmd:distributionInfo,gmd:MD_Distribution,gmd:distributionFormat,@xmlns:date:,,,,,,,,,
142,gmd:distributionInfo.gmd:MD_Distribution.gmd:distributionFormat.gmd:MD_Format.gmd:name.gco:CharacterString.@xmlns:gco:§http://www.isotc211.org/2005/gco,http://www.isotc211.org/2005/gco,gmd:distributionInfo£gmd:MD_Distribution£gmd:distributionFormat£gmd:MD_Format£gmd:name£gco:CharacterString£@xmlns:gco:,gmd:distributionInfo,gmd:MD_Distribution,gmd:distributionFormat,gmd:MD_Format,gmd:name,gco:CharacterString,@xmlns:gco:,,,,,,
143,gmd:distributionInfo.gmd:MD_Distribution.gmd:distributionFormat.gmd:MD_Format.gmd:name.gco:CharacterString.#text:§XLS,XLS,gmd:distributionInfo£gmd:MD_Distribution£gmd:distributionFormat£gmd:MD_Format£gmd:name£gco:CharacterString£#text:,gmd:distributionInfo,gmd:MD_Distribution,gmd:distributionFormat,gmd:MD_Format,gmd:name,gco:CharacterString,#text:,,,,,,
144,gmd:distributionInfo.gmd:MD_Distribution.gmd:distributionFormat.gmd:MD_Format.gmd:version.gco:CharacterString.@xmlns:gco:§http://www.isotc211.org/2005/gco,http://www.isotc211.org/2005/gco,gmd:distributionInfo£gmd:MD_Distribution£gmd:distributionFormat£gmd:MD_Format£gmd:version£gco:CharacterString£@xmlns:gco:,gmd:distributionInfo,gmd:MD_Distribution,gmd:distributionFormat,gmd:MD_Format,gmd:version,gco:CharacterString,@xmlns:gco:,,,,,,
145,gmd:distributionInfo.gmd:MD_Distribution.gmd:distributionFormat.gmd:MD_Format.gmd:version.gco:CharacterString.#text:§2018,2018,gmd:distributionInfo£gmd:MD_Distribution£gmd:distributionFormat£gmd:MD_Format£gmd:version£gco:CharacterString£#text:,gmd:distributionInfo,gmd:MD_Distribution,gmd:distributionFormat,gmd:MD_Format,gmd:version,gco:CharacterString,#text:,,,,,,
146,gmd:distributionInfo.gmd:MD_Distribution.gmd:transferOptions.gmd:MD_DigitalTransferOptions.gmd:onLine.@xmlns:date:§http://exslt.org/dates-and-times,http://exslt.org/dates-and-times,gmd:distributionInfo£gmd:MD_Distribution£gmd:transferOptions£gmd:MD_DigitalTransferOptions£gmd:onLine£@xmlns:date:,gmd:distributionInfo,gmd:MD_Distribution,gmd:transferOptions,gmd:MD_DigitalTransferOptions,gmd:onLine,@xmlns:date:,,,,,,,
147,gmd:distributionInfo.gmd:MD_Distribution.gmd:transferOptions.gmd:MD_DigitalTransferOptions.gmd:onLine.gmd:CI_OnlineResource.gmd:linkage.gmd:URL:§http://ohm-vr.org/,http://ohm-vr.org/,gmd:distributionInfo£gmd:MD_Distribution£gmd:transferOptions£gmd:MD_DigitalTransferOptions£gmd:onLine£gmd:CI_OnlineResource£gmd:linkage£gmd:URL:,gmd:distributionInfo,gmd:MD_Distribution,gmd:transferOptions,gmd:MD_DigitalTransferOptions,gmd:onLine,gmd:CI_OnlineResource,gmd:linkage,gmd:URL:,,,,,
148,gmd:distributionInfo.gmd:MD_Distribution.gmd:transferOptions.gmd:MD_DigitalTransferOptions.gmd:onLine.gmd:CI_OnlineResource.gmd:protocol.gco:CharacterString.@xmlns:gco:§http://www.isotc211.org/2005/gco,http://www.isotc211.org/2005/gco,gmd:distributionInfo£gmd:MD_Distribution£gmd:transferOptions£gmd:MD_DigitalTransferOptions£gmd:onLine£gmd:CI_OnlineResource£gmd:protocol£gco:CharacterString£@xmlns:gco:,gmd:distributionInfo,gmd:MD_Distribution,gmd:transferOptions,gmd:MD_DigitalTransferOptions,gmd:onLine,gmd:CI_OnlineResource,gmd:protocol,gco:CharacterString,@xmlns:gco:,,,,
149,gmd:distributionInfo.gmd:MD_Distribution.gmd:transferOptions.gmd:MD_DigitalTransferOptions.gmd:onLine.gmd:CI_OnlineResource.gmd:protocol.gco:CharacterString.#text:§WWW:LINK-1.0-http--link,WWW:LINK-1.0-http--link,gmd:distributionInfo£gmd:MD_Distribution£gmd:transferOptions£gmd:MD_DigitalTransferOptions£gmd:onLine£gmd:CI_OnlineResource£gmd:protocol£gco:CharacterString£#text:,gmd:distributionInfo,gmd:MD_Distribution,gmd:transferOptions,gmd:MD_DigitalTransferOptions,gmd:onLine,gmd:CI_OnlineResource,gmd:protocol,gco:CharacterString,#text:,,,,
150,gmd:distributionInfo.gmd:MD_Distribution.gmd:transferOptions.gmd:MD_DigitalTransferOptions.gmd:onLine.gmd:CI_OnlineResource.gmd:name.gco:CharacterString.@xmlns:gco:§http://www.isotc211.org/2005/gco,http://www.isotc211.org/2005/gco,gmd:distributionInfo£gmd:MD_Distribution£gmd:transferOptions£gmd:MD_DigitalTransferOptions£gmd:onLine£gmd:CI_OnlineResource£gmd:name£gco:CharacterString£@xmlns:gco:,gmd:distributionInfo,gmd:MD_Distribution,gmd:transferOptions,gmd:MD_DigitalTransferOptions,gmd:onLine,gmd:CI_OnlineResource,gmd:name,gco:CharacterString,@xmlns:gco:,,,,
151,gmd:distributionInfo.gmd:MD_Distribution.gmd:transferOptions.gmd:MD_DigitalTransferOptions.gmd:onLine.gmd:CI_OnlineResource.gmd:name.gco:CharacterString.#text:§Site web de l'OHM VR,Site web de l'OHM VR,gmd:distributionInfo£gmd:MD_Distribution£gmd:transferOptions£gmd:MD_DigitalTransferOptions£gmd:onLine£gmd:CI_OnlineResource£gmd:name£gco:CharacterString£#text:,gmd:distributionInfo,gmd:MD_Distribution,gmd:transferOptions,gmd:MD_DigitalTransferOptions,gmd:onLine,gmd:CI_OnlineResource,gmd:name,gco:CharacterString,#text:,,,,
152,gmd:distributionInfo.gmd:MD_Distribution.gmd:transferOptions.gmd:MD_DigitalTransferOptions.gmd:onLine.gmd:CI_OnlineResource.gmd:description.gco:CharacterString.@xmlns:gco:§http://www.isotc211.org/2005/gco,http://www.isotc211.org/2005/gco,gmd:distributionInfo£gmd:MD_Distribution£gmd:transferOptions£gmd:MD_DigitalTransferOptions£gmd:onLine£gmd:CI_OnlineResource£gmd:description£gco:CharacterString£@xmlns:gco:,gmd:distributionInfo,gmd:MD_Distribution,gmd:transferOptions,gmd:MD_DigitalTransferOptions,gmd:onLine,gmd:CI_OnlineResource,gmd:description,gco:CharacterString,@xmlns:gco:,,,,
153,gmd:distributionInfo.gmd:MD_Distribution.gmd:transferOptions.gmd:MD_DigitalTransferOptions.gmd:onLine.gmd:CI_OnlineResource.gmd:description.gco:CharacterString.#text:§Site web de l'OHM Vallée du Rhône,Site web de l'OHM Vallée du Rhône,gmd:distributionInfo£gmd:MD_Distribution£gmd:transferOptions£gmd:MD_DigitalTransferOptions£gmd:onLine£gmd:CI_OnlineResource£gmd:description£gco:CharacterString£#text:,gmd:distributionInfo,gmd:MD_Distribution,gmd:transferOptions,gmd:MD_DigitalTransferOptions,gmd:onLine,gmd:CI_OnlineResource,gmd:description,gco:CharacterString,#text:,,,,
154,gmd:distributionInfo.gmd:MD_Distribution.gmd:transferOptions.gmd:MD_DigitalTransferOptions.gmd:onLine.gmd:CI_OnlineResource.gmd:linkage.gmd:URL:§https://www.researchgate.net/publication/328783287_Croiser_les_disciplines_et_partager_la_connaissance_produite_dans_un_observatoire_elaboration_d'une_frise_chrono-systemique_pour_l'OHM_Vallee_du_Rhone,https://www.researchgate.net/publication/328783287_Croiser_les_disciplines_et_partager_la_connaissance_produite_dans_un_observatoire_elaboration_d'une_frise_chrono-systemique_pour_l'OHM_Vallee_du_Rhone,gmd:distributionInfo£gmd:MD_Distribution£gmd:transferOptions£gmd:MD_DigitalTransferOptions£gmd:onLine£gmd:CI_OnlineResource£gmd:linkage£gmd:URL:,gmd:distributionInfo,gmd:MD_Distribution,gmd:transferOptions,gmd:MD_DigitalTransferOptions,gmd:onLine,gmd:CI_OnlineResource,gmd:linkage,gmd:URL:,,,,,
155,gmd:distributionInfo.gmd:MD_Distribution.gmd:transferOptions.gmd:MD_DigitalTransferOptions.gmd:onLine.gmd:CI_OnlineResource.gmd:protocol.gco:CharacterString.@xmlns:gco:§http://www.isotc211.org/2005/gco,http://www.isotc211.org/2005/gco,gmd:distributionInfo£gmd:MD_Distribution£gmd:transferOptions£gmd:MD_DigitalTransferOptions£gmd:onLine£gmd:CI_OnlineResource£gmd:protocol£gco:CharacterString£@xmlns:gco:,gmd:distributionInfo,gmd:MD_Distribution,gmd:transferOptions,gmd:MD_DigitalTransferOptions,gmd:onLine,gmd:CI_OnlineResource,gmd:protocol,gco:CharacterString,@xmlns:gco:,,,,
156,gmd:distributionInfo.gmd:MD_Distribution.gmd:transferOptions.gmd:MD_DigitalTransferOptions.gmd:onLine.gmd:CI_OnlineResource.gmd:protocol.gco:CharacterString.#text:§WWW:LINK-1.0-http--link,WWW:LINK-1.0-http--link,gmd:distributionInfo£gmd:MD_Distribution£gmd:transferOptions£gmd:MD_DigitalTransferOptions£gmd:onLine£gmd:CI_OnlineResource£gmd:protocol£gco:CharacterString£#text:,gmd:distributionInfo,gmd:MD_Distribution,gmd:transferOptions,gmd:MD_DigitalTransferOptions,gmd:onLine,gmd:CI_OnlineResource,gmd:protocol,gco:CharacterString,#text:,,,,
157,gmd:distributionInfo.gmd:MD_Distribution.gmd:transferOptions.gmd:MD_DigitalTransferOptions.gmd:onLine.gmd:CI_OnlineResource.gmd:name.gco:CharacterString.@xmlns:gco:§http://www.isotc211.org/2005/gco,http://www.isotc211.org/2005/gco,gmd:distributionInfo£gmd:MD_Distribution£gmd:transferOptions£gmd:MD_DigitalTransferOptions£gmd:onLine£gmd:CI_OnlineResource£gmd:name£gco:CharacterString£@xmlns:gco:,gmd:distributionInfo,gmd:MD_Distribution,gmd:transferOptions,gmd:MD_DigitalTransferOptions,gmd:onLine,gmd:CI_OnlineResource,gmd:name,gco:CharacterString,@xmlns:gco:,,,,
158,gmd:distributionInfo.gmd:MD_Distribution.gmd:transferOptions.gmd:MD_DigitalTransferOptions.gmd:onLine.gmd:CI_OnlineResource.gmd:name.gco:CharacterString.#text:§Acte de la conférence SAGEO,Acte de la conférence SAGEO,gmd:distributionInfo£gmd:MD_Distribution£gmd:transferOptions£gmd:MD_DigitalTransferOptions£gmd:onLine£gmd:CI_OnlineResource£gmd:name£gco:CharacterString£#text:,gmd:distributionInfo,gmd:MD_Distribution,gmd:transferOptions,gmd:MD_DigitalTransferOptions,gmd:onLine,gmd:CI_OnlineResource,gmd:name,gco:CharacterString,#text:,,,,
159,gmd:distributionInfo.gmd:MD_Distribution.gmd:transferOptions.gmd:MD_DigitalTransferOptions.gmd:onLine.gmd:CI_OnlineResource.gmd:description.gco:CharacterString.@xmlns:gco:§http://www.isotc211.org/2005/gco,http://www.isotc211.org/2005/gco,gmd:distributionInfo£gmd:MD_Distribution£gmd:transferOptions£gmd:MD_DigitalTransferOptions£gmd:onLine£gmd:CI_OnlineResource£gmd:description£gco:CharacterString£@xmlns:gco:,gmd:distributionInfo,gmd:MD_Distribution,gmd:transferOptions,gmd:MD_DigitalTransferOptions,gmd:onLine,gmd:CI_OnlineResource,gmd:description,gco:CharacterString,@xmlns:gco:,,,,
160,"gmd:distributionInfo.gmd:MD_Distribution.gmd:transferOptions.gmd:MD_DigitalTransferOptions.gmd:onLine.gmd:CI_OnlineResource.gmd:description.gco:CharacterString.#text:§Arnaud et al., 2018","Arnaud et al., 2018",gmd:distributionInfo£gmd:MD_Distribution£gmd:transferOptions£gmd:MD_DigitalTransferOptions£gmd:onLine£gmd:CI_OnlineResource£gmd:description£gco:CharacterString£#text:,gmd:distributionInfo,gmd:MD_Distribution,gmd:transferOptions,gmd:MD_DigitalTransferOptions,gmd:onLine,gmd:CI_OnlineResource,gmd:description,gco:CharacterString,#text:,,,,
161,gmd:distributionInfo.gmd:MD_Distribution.gmd:transferOptions.gmd:MD_DigitalTransferOptions.gmd:onLine.gmd:CI_OnlineResource.gmd:function.gmd:CI_OnLineFunctionCode.@codeList:§http://standards.iso.org/iso/19139/resources/gmxCodelists.xml#CI_OnLineFunctionCode,http://standards.iso.org/iso/19139/resources/gmxCodelists.xml#CI_OnLineFunctionCode,gmd:distributionInfo£gmd:MD_Distribution£gmd:transferOptions£gmd:MD_DigitalTransferOptions£gmd:onLine£gmd:CI_OnlineResource£gmd:function£gmd:CI_OnLineFunctionCode£@codeList:,gmd:distributionInfo,gmd:MD_Distribution,gmd:transferOptions,gmd:MD_DigitalTransferOptions,gmd:onLine,gmd:CI_OnlineResource,gmd:function,gmd:CI_OnLineFunctionCode,@codeList:,,,,
162,gmd:distributionInfo.gmd:MD_Distribution.gmd:transferOptions.gmd:MD_DigitalTransferOptions.gmd:onLine.gmd:CI_OnlineResource.gmd:function.gmd:CI_OnLineFunctionCode.@codeListValue:§order,order,gmd:distributionInfo£gmd:MD_Distribution£gmd:transferOptions£gmd:MD_DigitalTransferOptions£gmd:onLine£gmd:CI_OnlineResource£gmd:function£gmd:CI_OnLineFunctionCode£@codeListValue:,gmd:distributionInfo,gmd:MD_Distribution,gmd:transferOptions,gmd:MD_DigitalTransferOptions,gmd:onLine,gmd:CI_OnlineResource,gmd:function,gmd:CI_OnLineFunctionCode,@codeListValue:,,,,
163,gmd:dataQualityInfo.@xmlns:gfc:§http://www.isotc211.org/2005/gfc,http://www.isotc211.org/2005/gfc,gmd:dataQualityInfo£@xmlns:gfc:,gmd:dataQualityInfo,@xmlns:gfc:,,,,,,,,,,,
164,gmd:dataQualityInfo.gmd:DQ_DataQuality.gmd:scope.gmd:DQ_Scope.gmd:level.gmd:MD_ScopeCode.@codeListValue:§dataset,dataset,gmd:dataQualityInfo£gmd:DQ_DataQuality£gmd:scope£gmd:DQ_Scope£gmd:level£gmd:MD_ScopeCode£@codeListValue:,gmd:dataQualityInfo,gmd:DQ_DataQuality,gmd:scope,gmd:DQ_Scope,gmd:level,gmd:MD_ScopeCode,@codeListValue:,,,,,,
165,gmd:dataQualityInfo.gmd:DQ_DataQuality.gmd:scope.gmd:DQ_Scope.gmd:level.gmd:MD_ScopeCode.@codeList:§http://standards.iso.org/iso/19139/resources/gmxCodelists.xml#MD_ScopeCode,http://standards.iso.org/iso/19139/resources/gmxCodelists.xml#MD_ScopeCode,gmd:dataQualityInfo£gmd:DQ_DataQuality£gmd:scope£gmd:DQ_Scope£gmd:level£gmd:MD_ScopeCode£@codeList:,gmd:dataQualityInfo,gmd:DQ_DataQuality,gmd:scope,gmd:DQ_Scope,gmd:level,gmd:MD_ScopeCode,@codeList:,,,,,,
166,gmd:dataQualityInfo.gmd:DQ_DataQuality.gmd:report.gmd:DQ_DomainConsistency.gmd:result.@xmlns:gn:§http://www.fao.org/geonetwork,http://www.fao.org/geonetwork,gmd:dataQualityInfo£gmd:DQ_DataQuality£gmd:report£gmd:DQ_DomainConsistency£gmd:result£@xmlns:gn:,gmd:dataQualityInfo,gmd:DQ_DataQuality,gmd:report,gmd:DQ_DomainConsistency,gmd:result,@xmlns:gn:,,,,,,,
167,gmd:dataQualityInfo.gmd:DQ_DataQuality.gmd:report.gmd:DQ_DomainConsistency.gmd:result.gmd:DQ_ConformanceResult.gmd:specification.gmd:CI_Citation.gmd:title.gco:CharacterString.@xmlns:gco:§http://www.isotc211.org/2005/gco,http://www.isotc211.org/2005/gco,gmd:dataQualityInfo£gmd:DQ_DataQuality£gmd:report£gmd:DQ_DomainConsistency£gmd:result£gmd:DQ_ConformanceResult£gmd:specification£gmd:CI_Citation£gmd:title£gco:CharacterString£@xmlns:gco:,gmd:dataQualityInfo,gmd:DQ_DataQuality,gmd:report,gmd:DQ_DomainConsistency,gmd:result,gmd:DQ_ConformanceResult,gmd:specification,gmd:CI_Citation,gmd:title,gco:CharacterString,@xmlns:gco:,,
168,gmd:dataQualityInfo.gmd:DQ_DataQuality.gmd:report.gmd:DQ_DomainConsistency.gmd:result.gmd:DQ_ConformanceResult.gmd:specification.gmd:CI_Citation.gmd:title.gco:CharacterString.#text:§COMMISSION REGULATION (EU) No 1089/2010 of 23 November 2010 implementing Directive 2007/2/EC of the European Parliament and of the Council as regards interoperability of spatial data sets and services,COMMISSION REGULATION (EU) No 1089/2010 of 23 November 2010 implementing Directive 2007/2/EC of the European Parliament and of the Council as regards interoperability of spatial data sets and services,gmd:dataQualityInfo£gmd:DQ_DataQuality£gmd:report£gmd:DQ_DomainConsistency£gmd:result£gmd:DQ_ConformanceResult£gmd:specification£gmd:CI_Citation£gmd:title£gco:CharacterString£#text:,gmd:dataQualityInfo,gmd:DQ_DataQuality,gmd:report,gmd:DQ_DomainConsistency,gmd:result,gmd:DQ_ConformanceResult,gmd:specification,gmd:CI_Citation,gmd:title,gco:CharacterString,#text:,,
169,gmd:dataQualityInfo.gmd:DQ_DataQuality.gmd:report.gmd:DQ_DomainConsistency.gmd:result.gmd:DQ_ConformanceResult.gmd:specification.gmd:CI_Citation.gmd:date.gmd:CI_Date.gmd:date.gco:Date.@xmlns:gco:§http://www.isotc211.org/2005/gco,http://www.isotc211.org/2005/gco,gmd:dataQualityInfo£gmd:DQ_DataQuality£gmd:report£gmd:DQ_DomainConsistency£gmd:result£gmd:DQ_ConformanceResult£gmd:specification£gmd:CI_Citation£gmd:date£gmd:CI_Date£gmd:date£gco:Date£@xmlns:gco:,gmd:dataQualityInfo,gmd:DQ_DataQuality,gmd:report,gmd:DQ_DomainConsistency,gmd:result,gmd:DQ_ConformanceResult,gmd:specification,gmd:CI_Citation,gmd:date,gmd:CI_Date,gmd:date,gco:Date,@xmlns:gco:
170,gmd:dataQualityInfo.gmd:DQ_DataQuality.gmd:report.gmd:DQ_DomainConsistency.gmd:result.gmd:DQ_ConformanceResult.gmd:specification.gmd:CI_Citation.gmd:date.gmd:CI_Date.gmd:date.gco:Date.#text:§2013-10-21,2013-10-21,gmd:dataQualityInfo£gmd:DQ_DataQuality£gmd:report£gmd:DQ_DomainConsistency£gmd:result£gmd:DQ_ConformanceResult£gmd:specification£gmd:CI_Citation£gmd:date£gmd:CI_Date£gmd:date£gco:Date£#text:,gmd:dataQualityInfo,gmd:DQ_DataQuality,gmd:report,gmd:DQ_DomainConsistency,gmd:result,gmd:DQ_ConformanceResult,gmd:specification,gmd:CI_Citation,gmd:date,gmd:CI_Date,gmd:date,gco:Date,#text:
171,gmd:dataQualityInfo.gmd:DQ_DataQuality.gmd:report.gmd:DQ_DomainConsistency.gmd:result.gmd:DQ_ConformanceResult.gmd:specification.gmd:CI_Citation.gmd:date.gmd:CI_Date.gmd:dateType.gmd:CI_DateTypeCode.@codeList:§http://standards.iso.org/iso/19139/resources/gmxCodelists.xml#CI_DateTypeCode,http://standards.iso.org/iso/19139/resources/gmxCodelists.xml#CI_DateTypeCode,gmd:dataQualityInfo£gmd:DQ_DataQuality£gmd:report£gmd:DQ_DomainConsistency£gmd:result£gmd:DQ_ConformanceResult£gmd:specification£gmd:CI_Citation£gmd:date£gmd:CI_Date£gmd:dateType£gmd:CI_DateTypeCode£@codeList:,gmd:dataQualityInfo,gmd:DQ_DataQuality,gmd:report,gmd:DQ_DomainConsistency,gmd:result,gmd:DQ_ConformanceResult,gmd:specification,gmd:CI_Citation,gmd:date,gmd:CI_Date,gmd:dateType,gmd:CI_DateTypeCode,@codeList:
172,gmd:dataQualityInfo.gmd:DQ_DataQuality.gmd:report.gmd:DQ_DomainConsistency.gmd:result.gmd:DQ_ConformanceResult.gmd:specification.gmd:CI_Citation.gmd:date.gmd:CI_Date.gmd:dateType.gmd:CI_DateTypeCode.@codeListValue:§publication,publication,gmd:dataQualityInfo£gmd:DQ_DataQuality£gmd:report£gmd:DQ_DomainConsistency£gmd:result£gmd:DQ_ConformanceResult£gmd:specification£gmd:CI_Citation£gmd:date£gmd:CI_Date£gmd:dateType£gmd:CI_DateTypeCode£@codeListValue:,gmd:dataQualityInfo,gmd:DQ_DataQuality,gmd:report,gmd:DQ_DomainConsistency,gmd:result,gmd:DQ_ConformanceResult,gmd:specification,gmd:CI_Citation,gmd:date,gmd:CI_Date,gmd:dateType,gmd:CI_DateTypeCode,@codeListValue:
173,gmd:dataQualityInfo.gmd:DQ_DataQuality.gmd:report.gmd:DQ_DomainConsistency.gmd:result.gmd:DQ_ConformanceResult.gmd:explanation.gco:CharacterString.@xmlns:gco:§http://www.isotc211.org/2005/gco,http://www.isotc211.org/2005/gco,gmd:dataQualityInfo£gmd:DQ_DataQuality£gmd:report£gmd:DQ_DomainConsistency£gmd:result£gmd:DQ_ConformanceResult£gmd:explanation£gco:CharacterString£@xmlns:gco:,gmd:dataQualityInfo,gmd:DQ_DataQuality,gmd:report,gmd:DQ_DomainConsistency,gmd:result,gmd:DQ_ConformanceResult,gmd:explanation,gco:CharacterString,@xmlns:gco:,,,,
174,gmd:dataQualityInfo.gmd:DQ_DataQuality.gmd:report.gmd:DQ_DomainConsistency.gmd:result.gmd:DQ_ConformanceResult.gmd:explanation.gco:CharacterString.#text:§Non évalué,Non évalué,gmd:dataQualityInfo£gmd:DQ_DataQuality£gmd:report£gmd:DQ_DomainConsistency£gmd:result£gmd:DQ_ConformanceResult£gmd:explanation£gco:CharacterString£#text:,gmd:dataQualityInfo,gmd:DQ_DataQuality,gmd:report,gmd:DQ_DomainConsistency,gmd:result,gmd:DQ_ConformanceResult,gmd:explanation,gco:CharacterString,#text:,,,,
175,gmd:dataQualityInfo.gmd:DQ_DataQuality.gmd:lineage.gmd:LI_Lineage.gmd:statement.gco:CharacterString.@xmlns:gco:§http://www.isotc211.org/2005/gco,http://www.isotc211.org/2005/gco,gmd:dataQualityInfo£gmd:DQ_DataQuality£gmd:lineage£gmd:LI_Lineage£gmd:statement£gco:CharacterString£@xmlns:gco:,gmd:dataQualityInfo,gmd:DQ_DataQuality,gmd:lineage,gmd:LI_Lineage,gmd:statement,gco:CharacterString,@xmlns:gco:,,,,,,
176,"gmd:dataQualityInfo.gmd:DQ_DataQuality.gmd:lineage.gmd:LI_Lineage.gmd:statement.gco:CharacterString.#text:§Une maquette de frise a été construite en janvier 2017 (F. Arnaud, E. Comby). Elle a été présentée lors du séminaire annuel de restitution de l’OHM VR en juin 2017 et du Comité d’Orientation Stratégique en juillet 2017, ce qui a permis d’évaluer sa pertinence auprès des chercheurs et des acteurs territoriaux. 
La frise a été alimentée lors de l'atelier chercheurs-gestionnaires de juillet 2018. Elle décrit 199 évènements marquants et 88 résultats de recherche.
Des échanges avec des laboratoires et des bureaux d'études (nov. 2018 - avril 2019) ont permis de préciser le cahier des charges pour le développement d'un outil-frise sur le web.","Une maquette de frise a été construite en janvier 2017 (F. Arnaud, E. Comby). Elle a été présentée lors du séminaire annuel de restitution de l’OHM VR en juin 2017 et du Comité d’Orientation Stratégique en juillet 2017, ce qui a permis d’évaluer sa pertinence auprès des chercheurs et des acteurs territoriaux. 
La frise a été alimentée lors de l'atelier chercheurs-gestionnaires de juillet 2018. Elle décrit 199 évènements marquants et 88 résultats de recherche.
Des échanges avec des laboratoires et des bureaux d'études (nov. 2018 - avril 2019) ont permis de préciser le cahier des charges pour le développement d'un outil-frise sur le web.",gmd:dataQualityInfo£gmd:DQ_DataQuality£gmd:lineage£gmd:LI_Lineage£gmd:statement£gco:CharacterString£#text:,gmd:dataQualityInfo,gmd:DQ_DataQuality,gmd:lineage,gmd:LI_Lineage,gmd:statement,gco:CharacterString,#text:,,,,,,
177,,,,,,,,,,,,,,,,
