,Results,Valeurs,Clés,K0,K1,K2,K3,K4,K5,K6,K7,K8,K9
0,@xmlns:gco:§http://www.isotc211.org/2005/gco,http://www.isotc211.org/2005/gco,@xmlns:gco:,@xmlns:gco:,,,,,,,,,
1,@xmlns:gmd:§http://www.isotc211.org/2005/gmd,http://www.isotc211.org/2005/gmd,@xmlns:gmd:,@xmlns:gmd:,,,,,,,,,
2,@xmlns:gmi:§http://www.isotc211.org/2005/gmi,http://www.isotc211.org/2005/gmi,@xmlns:gmi:,@xmlns:gmi:,,,,,,,,,
3,@xmlns:gml:§http://www.opengis.net/gml,http://www.opengis.net/gml,@xmlns:gml:,@xmlns:gml:,,,,,,,,,
4,@xmlns:gmx:§http://www.isotc211.org/2005/gmx,http://www.isotc211.org/2005/gmx,@xmlns:gmx:,@xmlns:gmx:,,,,,,,,,
5,@xmlns:gsr:§http://www.isotc211.org/2005/gsr,http://www.isotc211.org/2005/gsr,@xmlns:gsr:,@xmlns:gsr:,,,,,,,,,
6,@xmlns:gts:§http://www.isotc211.org/2005/gts,http://www.isotc211.org/2005/gts,@xmlns:gts:,@xmlns:gts:,,,,,,,,,
7,@xmlns:srv:§http://www.isotc211.org/2005/srv,http://www.isotc211.org/2005/srv,@xmlns:srv:,@xmlns:srv:,,,,,,,,,
8,@xmlns:xlink:§http://www.w3.org/1999/xlink,http://www.w3.org/1999/xlink,@xmlns:xlink:,@xmlns:xlink:,,,,,,,,,
9,@xmlns:xsi:§http://www.w3.org/2001/XMLSchema-instance,http://www.w3.org/2001/XMLSchema-instance,@xmlns:xsi:,@xmlns:xsi:,,,,,,,,,
10,@xsi:schemaLocation:§http://www.isotc211.org/2005/gmd http://schemas.opengis.net/csw/2.0.2/profiles/apiso/1.0.0/apiso.xsd,http://www.isotc211.org/2005/gmd http://schemas.opengis.net/csw/2.0.2/profiles/apiso/1.0.0/apiso.xsd,@xsi:schemaLocation:,@xsi:schemaLocation:,,,,,,,,,
11,gmd:fileIdentifier.gco:CharacterString.@xmlns:gco:§http://www.isotc211.org/2005/gco,http://www.isotc211.org/2005/gco,gmd:fileIdentifier£gco:CharacterString£@xmlns:gco:,gmd:fileIdentifier,gco:CharacterString,@xmlns:gco:,,,,,,,
12,gmd:fileIdentifier.gco:CharacterString.#text:§83fc164e-bc04-4ebc-8374-8b4b85944317,83fc164e-bc04-4ebc-8374-8b4b85944317,gmd:fileIdentifier£gco:CharacterString£#text:,gmd:fileIdentifier,gco:CharacterString,#text:,,,,,,,
13,gmd:language.gco:CharacterString.@xmlns:gco:§http://www.isotc211.org/2005/gco,http://www.isotc211.org/2005/gco,gmd:language£gco:CharacterString£@xmlns:gco:,gmd:language,gco:CharacterString,@xmlns:gco:,,,,,,,
14,gmd:language.gco:CharacterString.#text:§fre,fre,gmd:language£gco:CharacterString£#text:,gmd:language,gco:CharacterString,#text:,,,,,,,
15,gmd:characterSet.gmd:MD_CharacterSetCode.@codeListValue:§utf8,utf8,gmd:characterSet£gmd:MD_CharacterSetCode£@codeListValue:,gmd:characterSet,gmd:MD_CharacterSetCode,@codeListValue:,,,,,,,
16,gmd:characterSet.gmd:MD_CharacterSetCode.@codeList:§http://standards.iso.org/iso/19139/resources/gmxCodelists.xml#MD_CharacterSetCode,http://standards.iso.org/iso/19139/resources/gmxCodelists.xml#MD_CharacterSetCode,gmd:characterSet£gmd:MD_CharacterSetCode£@codeList:,gmd:characterSet,gmd:MD_CharacterSetCode,@codeList:,,,,,,,
17,gmd:dateStamp.gco:DateTime.@xmlns:gco:§http://www.isotc211.org/2005/gco,http://www.isotc211.org/2005/gco,gmd:dateStamp£gco:DateTime£@xmlns:gco:,gmd:dateStamp,gco:DateTime,@xmlns:gco:,,,,,,,
18,gmd:dateStamp.gco:DateTime.#text:§2012-09-04T11:01:01,2012-09-04T11:01:01,gmd:dateStamp£gco:DateTime£#text:,gmd:dateStamp,gco:DateTime,#text:,,,,,,,
19,gmd:metadataStandardName.gco:CharacterString.@xmlns:gco:§http://www.isotc211.org/2005/gco,http://www.isotc211.org/2005/gco,gmd:metadataStandardName£gco:CharacterString£@xmlns:gco:,gmd:metadataStandardName,gco:CharacterString,@xmlns:gco:,,,,,,,
20,gmd:metadataStandardName.gco:CharacterString.#text:§ISO 19115:2003/19139,ISO 19115:2003/19139,gmd:metadataStandardName£gco:CharacterString£#text:,gmd:metadataStandardName,gco:CharacterString,#text:,,,,,,,
21,gmd:metadataStandardVersion.gco:CharacterString.@xmlns:gco:§http://www.isotc211.org/2005/gco,http://www.isotc211.org/2005/gco,gmd:metadataStandardVersion£gco:CharacterString£@xmlns:gco:,gmd:metadataStandardVersion,gco:CharacterString,@xmlns:gco:,,,,,,,
22,gmd:metadataStandardVersion.gco:CharacterString.#text:§1.0,1.0,gmd:metadataStandardVersion£gco:CharacterString£#text:,gmd:metadataStandardVersion,gco:CharacterString,#text:,,,,,,,
23,gmd:referenceSystemInfo.gmd:MD_ReferenceSystem.gmd:referenceSystemIdentifier.gmd:RS_Identifier.gmd:code.gco:CharacterString.@xmlns:gco:§http://www.isotc211.org/2005/gco,http://www.isotc211.org/2005/gco,gmd:referenceSystemInfo£gmd:MD_ReferenceSystem£gmd:referenceSystemIdentifier£gmd:RS_Identifier£gmd:code£gco:CharacterString£@xmlns:gco:,gmd:referenceSystemInfo,gmd:MD_ReferenceSystem,gmd:referenceSystemIdentifier,gmd:RS_Identifier,gmd:code,gco:CharacterString,@xmlns:gco:,,,
24,gmd:referenceSystemInfo.gmd:MD_ReferenceSystem.gmd:referenceSystemIdentifier.gmd:RS_Identifier.gmd:code.gco:CharacterString.#text:§Aucun,Aucun,gmd:referenceSystemInfo£gmd:MD_ReferenceSystem£gmd:referenceSystemIdentifier£gmd:RS_Identifier£gmd:code£gco:CharacterString£#text:,gmd:referenceSystemInfo,gmd:MD_ReferenceSystem,gmd:referenceSystemIdentifier,gmd:RS_Identifier,gmd:code,gco:CharacterString,#text:,,,
25,gmd:identificationInfo.gmd:MD_DataIdentification.gmd:citation.gmd:CI_Citation.gmd:title.gco:CharacterString.@xmlns:gco:§http://www.isotc211.org/2005/gco,http://www.isotc211.org/2005/gco,gmd:identificationInfo£gmd:MD_DataIdentification£gmd:citation£gmd:CI_Citation£gmd:title£gco:CharacterString£@xmlns:gco:,gmd:identificationInfo,gmd:MD_DataIdentification,gmd:citation,gmd:CI_Citation,gmd:title,gco:CharacterString,@xmlns:gco:,,,
26,gmd:identificationInfo.gmd:MD_DataIdentification.gmd:citation.gmd:CI_Citation.gmd:title.gco:CharacterString.#text:§Contrôle sanitaire des eaux minérales,Contrôle sanitaire des eaux minérales,gmd:identificationInfo£gmd:MD_DataIdentification£gmd:citation£gmd:CI_Citation£gmd:title£gco:CharacterString£#text:,gmd:identificationInfo,gmd:MD_DataIdentification,gmd:citation,gmd:CI_Citation,gmd:title,gco:CharacterString,#text:,,,
27,gmd:identificationInfo.gmd:MD_DataIdentification.gmd:citation.gmd:CI_Citation.gmd:date.gmd:CI_Date.gmd:date.gco:DateTime.@xmlns:gco:§http://www.isotc211.org/2005/gco,http://www.isotc211.org/2005/gco,gmd:identificationInfo£gmd:MD_DataIdentification£gmd:citation£gmd:CI_Citation£gmd:date£gmd:CI_Date£gmd:date£gco:DateTime£@xmlns:gco:,gmd:identificationInfo,gmd:MD_DataIdentification,gmd:citation,gmd:CI_Citation,gmd:date,gmd:CI_Date,gmd:date,gco:DateTime,@xmlns:gco:,
28,gmd:identificationInfo.gmd:MD_DataIdentification.gmd:citation.gmd:CI_Citation.gmd:date.gmd:CI_Date.gmd:date.gco:DateTime.#text:§2003-11-20T15:02:00,2003-11-20T15:02:00,gmd:identificationInfo£gmd:MD_DataIdentification£gmd:citation£gmd:CI_Citation£gmd:date£gmd:CI_Date£gmd:date£gco:DateTime£#text:,gmd:identificationInfo,gmd:MD_DataIdentification,gmd:citation,gmd:CI_Citation,gmd:date,gmd:CI_Date,gmd:date,gco:DateTime,#text:,
29,gmd:identificationInfo.gmd:MD_DataIdentification.gmd:citation.gmd:CI_Citation.gmd:date.gmd:CI_Date.gmd:dateType.gmd:CI_DateTypeCode.@codeListValue:§revision,revision,gmd:identificationInfo£gmd:MD_DataIdentification£gmd:citation£gmd:CI_Citation£gmd:date£gmd:CI_Date£gmd:dateType£gmd:CI_DateTypeCode£@codeListValue:,gmd:identificationInfo,gmd:MD_DataIdentification,gmd:citation,gmd:CI_Citation,gmd:date,gmd:CI_Date,gmd:dateType,gmd:CI_DateTypeCode,@codeListValue:,
30,gmd:identificationInfo.gmd:MD_DataIdentification.gmd:citation.gmd:CI_Citation.gmd:date.gmd:CI_Date.gmd:dateType.gmd:CI_DateTypeCode.@codeList:§http://standards.iso.org/iso/19139/resources/gmxCodelists.xml#CI_DateTypeCode,http://standards.iso.org/iso/19139/resources/gmxCodelists.xml#CI_DateTypeCode,gmd:identificationInfo£gmd:MD_DataIdentification£gmd:citation£gmd:CI_Citation£gmd:date£gmd:CI_Date£gmd:dateType£gmd:CI_DateTypeCode£@codeList:,gmd:identificationInfo,gmd:MD_DataIdentification,gmd:citation,gmd:CI_Citation,gmd:date,gmd:CI_Date,gmd:dateType,gmd:CI_DateTypeCode,@codeList:,
31,gmd:identificationInfo.gmd:MD_DataIdentification.gmd:citation.gmd:CI_Citation.gmd:date.gmd:CI_Date.gmd:date.gco:Date:§None,None,gmd:identificationInfo£gmd:MD_DataIdentification£gmd:citation£gmd:CI_Citation£gmd:date£gmd:CI_Date£gmd:date£gco:Date:,gmd:identificationInfo,gmd:MD_DataIdentification,gmd:citation,gmd:CI_Citation,gmd:date,gmd:CI_Date,gmd:date,gco:Date:,,
32,gmd:identificationInfo.gmd:MD_DataIdentification.gmd:citation.gmd:CI_Citation.gmd:date.gmd:CI_Date.gmd:dateType.gmd:CI_DateTypeCode.@codeList:§http://standards.iso.org/iso/19139/resources/gmxCodelists.xml#CI_DateTypeCode,http://standards.iso.org/iso/19139/resources/gmxCodelists.xml#CI_DateTypeCode,gmd:identificationInfo£gmd:MD_DataIdentification£gmd:citation£gmd:CI_Citation£gmd:date£gmd:CI_Date£gmd:dateType£gmd:CI_DateTypeCode£@codeList:,gmd:identificationInfo,gmd:MD_DataIdentification,gmd:citation,gmd:CI_Citation,gmd:date,gmd:CI_Date,gmd:dateType,gmd:CI_DateTypeCode,@codeList:,
33,gmd:identificationInfo.gmd:MD_DataIdentification.gmd:citation.gmd:CI_Citation.gmd:date.gmd:CI_Date.gmd:dateType.gmd:CI_DateTypeCode.@codeListValue:§creation,creation,gmd:identificationInfo£gmd:MD_DataIdentification£gmd:citation£gmd:CI_Citation£gmd:date£gmd:CI_Date£gmd:dateType£gmd:CI_DateTypeCode£@codeListValue:,gmd:identificationInfo,gmd:MD_DataIdentification,gmd:citation,gmd:CI_Citation,gmd:date,gmd:CI_Date,gmd:dateType,gmd:CI_DateTypeCode,@codeListValue:,
34,gmd:identificationInfo.gmd:MD_DataIdentification.gmd:citation.gmd:CI_Citation.gmd:date.gmd:CI_Date.gmd:date.gco:Date:§None,None,gmd:identificationInfo£gmd:MD_DataIdentification£gmd:citation£gmd:CI_Citation£gmd:date£gmd:CI_Date£gmd:date£gco:Date:,gmd:identificationInfo,gmd:MD_DataIdentification,gmd:citation,gmd:CI_Citation,gmd:date,gmd:CI_Date,gmd:date,gco:Date:,,
35,gmd:identificationInfo.gmd:MD_DataIdentification.gmd:citation.gmd:CI_Citation.gmd:date.gmd:CI_Date.gmd:dateType.gmd:CI_DateTypeCode.@codeList:§http://standards.iso.org/iso/19139/resources/gmxCodelists.xml#CI_DateTypeCode,http://standards.iso.org/iso/19139/resources/gmxCodelists.xml#CI_DateTypeCode,gmd:identificationInfo£gmd:MD_DataIdentification£gmd:citation£gmd:CI_Citation£gmd:date£gmd:CI_Date£gmd:dateType£gmd:CI_DateTypeCode£@codeList:,gmd:identificationInfo,gmd:MD_DataIdentification,gmd:citation,gmd:CI_Citation,gmd:date,gmd:CI_Date,gmd:dateType,gmd:CI_DateTypeCode,@codeList:,
36,gmd:identificationInfo.gmd:MD_DataIdentification.gmd:citation.gmd:CI_Citation.gmd:date.gmd:CI_Date.gmd:dateType.gmd:CI_DateTypeCode.@codeListValue:§publication,publication,gmd:identificationInfo£gmd:MD_DataIdentification£gmd:citation£gmd:CI_Citation£gmd:date£gmd:CI_Date£gmd:dateType£gmd:CI_DateTypeCode£@codeListValue:,gmd:identificationInfo,gmd:MD_DataIdentification,gmd:citation,gmd:CI_Citation,gmd:date,gmd:CI_Date,gmd:dateType,gmd:CI_DateTypeCode,@codeListValue:,
37,gmd:identificationInfo.gmd:MD_DataIdentification.gmd:citation.gmd:CI_Citation.gmd:edition.gco:CharacterString.@xmlns:gco:§http://www.isotc211.org/2005/gco,http://www.isotc211.org/2005/gco,gmd:identificationInfo£gmd:MD_DataIdentification£gmd:citation£gmd:CI_Citation£gmd:edition£gco:CharacterString£@xmlns:gco:,gmd:identificationInfo,gmd:MD_DataIdentification,gmd:citation,gmd:CI_Citation,gmd:edition,gco:CharacterString,@xmlns:gco:,,,
38,gmd:identificationInfo.gmd:MD_DataIdentification.gmd:citation.gmd:CI_Citation.gmd:edition.gco:CharacterString.#text:§2003-11-20T15:02:00,2003-11-20T15:02:00,gmd:identificationInfo£gmd:MD_DataIdentification£gmd:citation£gmd:CI_Citation£gmd:edition£gco:CharacterString£#text:,gmd:identificationInfo,gmd:MD_DataIdentification,gmd:citation,gmd:CI_Citation,gmd:edition,gco:CharacterString,#text:,,,
39,gmd:identificationInfo.gmd:MD_DataIdentification.gmd:citation.gmd:CI_Citation.gmd:presentationForm.gmd:CI_PresentationFormCode.@codeListValue:§tableDigital,tableDigital,gmd:identificationInfo£gmd:MD_DataIdentification£gmd:citation£gmd:CI_Citation£gmd:presentationForm£gmd:CI_PresentationFormCode£@codeListValue:,gmd:identificationInfo,gmd:MD_DataIdentification,gmd:citation,gmd:CI_Citation,gmd:presentationForm,gmd:CI_PresentationFormCode,@codeListValue:,,,
40,gmd:identificationInfo.gmd:MD_DataIdentification.gmd:citation.gmd:CI_Citation.gmd:presentationForm.gmd:CI_PresentationFormCode.@codeList:§http://standards.iso.org/iso/19139/resources/gmxCodelists.xml#CI_PresentationFormCode,http://standards.iso.org/iso/19139/resources/gmxCodelists.xml#CI_PresentationFormCode,gmd:identificationInfo£gmd:MD_DataIdentification£gmd:citation£gmd:CI_Citation£gmd:presentationForm£gmd:CI_PresentationFormCode£@codeList:,gmd:identificationInfo,gmd:MD_DataIdentification,gmd:citation,gmd:CI_Citation,gmd:presentationForm,gmd:CI_PresentationFormCode,@codeList:,,,
41,gmd:identificationInfo.gmd:MD_DataIdentification.gmd:abstract.gco:CharacterString.@xmlns:gco:§http://www.isotc211.org/2005/gco,http://www.isotc211.org/2005/gco,gmd:identificationInfo£gmd:MD_DataIdentification£gmd:abstract£gco:CharacterString£@xmlns:gco:,gmd:identificationInfo,gmd:MD_DataIdentification,gmd:abstract,gco:CharacterString,@xmlns:gco:,,,,,
42,"gmd:identificationInfo.gmd:MD_DataIdentification.gmd:abstract.gco:CharacterString.#text:§Cette donnée est décrite de manière précise sur le site web de gestion des fiches descriptives des dispositifs de collecte du bassin Rhône Méditerranée Corse. Pour de plus amples informations consulter le site indiqué dans la caractéristique ""Site web"".","Cette donnée est décrite de manière précise sur le site web de gestion des fiches descriptives des dispositifs de collecte du bassin Rhône Méditerranée Corse. Pour de plus amples informations consulter le site indiqué dans la caractéristique ""Site web"".",gmd:identificationInfo£gmd:MD_DataIdentification£gmd:abstract£gco:CharacterString£#text:,gmd:identificationInfo,gmd:MD_DataIdentification,gmd:abstract,gco:CharacterString,#text:,,,,,
43,gmd:identificationInfo.gmd:MD_DataIdentification.gmd:pointOfContact.gmd:CI_ResponsibleParty.gmd:individualName.@xmlns:gco:§http://www.isotc211.org/2005/gco,http://www.isotc211.org/2005/gco,gmd:identificationInfo£gmd:MD_DataIdentification£gmd:pointOfContact£gmd:CI_ResponsibleParty£gmd:individualName£@xmlns:gco:,gmd:identificationInfo,gmd:MD_DataIdentification,gmd:pointOfContact,gmd:CI_ResponsibleParty,gmd:individualName,@xmlns:gco:,,,,
44,gmd:identificationInfo.gmd:MD_DataIdentification.gmd:pointOfContact.gmd:CI_ResponsibleParty.gmd:individualName.@gco:nilReason:§missing,missing,gmd:identificationInfo£gmd:MD_DataIdentification£gmd:pointOfContact£gmd:CI_ResponsibleParty£gmd:individualName£@gco:nilReason:,gmd:identificationInfo,gmd:MD_DataIdentification,gmd:pointOfContact,gmd:CI_ResponsibleParty,gmd:individualName,@gco:nilReason:,,,,
45,gmd:identificationInfo.gmd:MD_DataIdentification.gmd:pointOfContact.gmd:CI_ResponsibleParty.gmd:individualName.gco:CharacterString:§None,None,gmd:identificationInfo£gmd:MD_DataIdentification£gmd:pointOfContact£gmd:CI_ResponsibleParty£gmd:individualName£gco:CharacterString:,gmd:identificationInfo,gmd:MD_DataIdentification,gmd:pointOfContact,gmd:CI_ResponsibleParty,gmd:individualName,gco:CharacterString:,,,,
46,gmd:identificationInfo.gmd:MD_DataIdentification.gmd:pointOfContact.gmd:CI_ResponsibleParty.gmd:organisationName.@xmlns:gco:§http://www.isotc211.org/2005/gco,http://www.isotc211.org/2005/gco,gmd:identificationInfo£gmd:MD_DataIdentification£gmd:pointOfContact£gmd:CI_ResponsibleParty£gmd:organisationName£@xmlns:gco:,gmd:identificationInfo,gmd:MD_DataIdentification,gmd:pointOfContact,gmd:CI_ResponsibleParty,gmd:organisationName,@xmlns:gco:,,,,
47,gmd:identificationInfo.gmd:MD_DataIdentification.gmd:pointOfContact.gmd:CI_ResponsibleParty.gmd:organisationName.@gco:nilReason:§missing,missing,gmd:identificationInfo£gmd:MD_DataIdentification£gmd:pointOfContact£gmd:CI_ResponsibleParty£gmd:organisationName£@gco:nilReason:,gmd:identificationInfo,gmd:MD_DataIdentification,gmd:pointOfContact,gmd:CI_ResponsibleParty,gmd:organisationName,@gco:nilReason:,,,,
48,gmd:identificationInfo.gmd:MD_DataIdentification.gmd:pointOfContact.gmd:CI_ResponsibleParty.gmd:organisationName.gco:CharacterString:§None,None,gmd:identificationInfo£gmd:MD_DataIdentification£gmd:pointOfContact£gmd:CI_ResponsibleParty£gmd:organisationName£gco:CharacterString:,gmd:identificationInfo,gmd:MD_DataIdentification,gmd:pointOfContact,gmd:CI_ResponsibleParty,gmd:organisationName,gco:CharacterString:,,,,
49,gmd:identificationInfo.gmd:MD_DataIdentification.gmd:pointOfContact.gmd:CI_ResponsibleParty.gmd:positionName.@xmlns:gco:§http://www.isotc211.org/2005/gco,http://www.isotc211.org/2005/gco,gmd:identificationInfo£gmd:MD_DataIdentification£gmd:pointOfContact£gmd:CI_ResponsibleParty£gmd:positionName£@xmlns:gco:,gmd:identificationInfo,gmd:MD_DataIdentification,gmd:pointOfContact,gmd:CI_ResponsibleParty,gmd:positionName,@xmlns:gco:,,,,
50,gmd:identificationInfo.gmd:MD_DataIdentification.gmd:pointOfContact.gmd:CI_ResponsibleParty.gmd:positionName.@gco:nilReason:§missing,missing,gmd:identificationInfo£gmd:MD_DataIdentification£gmd:pointOfContact£gmd:CI_ResponsibleParty£gmd:positionName£@gco:nilReason:,gmd:identificationInfo,gmd:MD_DataIdentification,gmd:pointOfContact,gmd:CI_ResponsibleParty,gmd:positionName,@gco:nilReason:,,,,
51,gmd:identificationInfo.gmd:MD_DataIdentification.gmd:pointOfContact.gmd:CI_ResponsibleParty.gmd:positionName.gco:CharacterString:§None,None,gmd:identificationInfo£gmd:MD_DataIdentification£gmd:pointOfContact£gmd:CI_ResponsibleParty£gmd:positionName£gco:CharacterString:,gmd:identificationInfo,gmd:MD_DataIdentification,gmd:pointOfContact,gmd:CI_ResponsibleParty,gmd:positionName,gco:CharacterString:,,,,
52,gmd:identificationInfo.gmd:MD_DataIdentification.gmd:pointOfContact.gmd:CI_ResponsibleParty.gmd:contactInfo.gmd:CI_Contact.gmd:phone.gmd:CI_Telephone.gmd:voice.@xmlns:gco:§http://www.isotc211.org/2005/gco,http://www.isotc211.org/2005/gco,gmd:identificationInfo£gmd:MD_DataIdentification£gmd:pointOfContact£gmd:CI_ResponsibleParty£gmd:contactInfo£gmd:CI_Contact£gmd:phone£gmd:CI_Telephone£gmd:voice£@xmlns:gco:,gmd:identificationInfo,gmd:MD_DataIdentification,gmd:pointOfContact,gmd:CI_ResponsibleParty,gmd:contactInfo,gmd:CI_Contact,gmd:phone,gmd:CI_Telephone,gmd:voice,@xmlns:gco:
53,gmd:identificationInfo.gmd:MD_DataIdentification.gmd:pointOfContact.gmd:CI_ResponsibleParty.gmd:contactInfo.gmd:CI_Contact.gmd:phone.gmd:CI_Telephone.gmd:voice.@gco:nilReason:§missing,missing,gmd:identificationInfo£gmd:MD_DataIdentification£gmd:pointOfContact£gmd:CI_ResponsibleParty£gmd:contactInfo£gmd:CI_Contact£gmd:phone£gmd:CI_Telephone£gmd:voice£@gco:nilReason:,gmd:identificationInfo,gmd:MD_DataIdentification,gmd:pointOfContact,gmd:CI_ResponsibleParty,gmd:contactInfo,gmd:CI_Contact,gmd:phone,gmd:CI_Telephone,gmd:voice,@gco:nilReason:
54,gmd:identificationInfo.gmd:MD_DataIdentification.gmd:pointOfContact.gmd:CI_ResponsibleParty.gmd:contactInfo.gmd:CI_Contact.gmd:phone.gmd:CI_Telephone.gmd:voice.gco:CharacterString:§None,None,gmd:identificationInfo£gmd:MD_DataIdentification£gmd:pointOfContact£gmd:CI_ResponsibleParty£gmd:contactInfo£gmd:CI_Contact£gmd:phone£gmd:CI_Telephone£gmd:voice£gco:CharacterString:,gmd:identificationInfo,gmd:MD_DataIdentification,gmd:pointOfContact,gmd:CI_ResponsibleParty,gmd:contactInfo,gmd:CI_Contact,gmd:phone,gmd:CI_Telephone,gmd:voice,gco:CharacterString:
55,gmd:identificationInfo.gmd:MD_DataIdentification.gmd:pointOfContact.gmd:CI_ResponsibleParty.gmd:contactInfo.gmd:CI_Contact.gmd:phone.gmd:CI_Telephone.gmd:facsimile.@xmlns:gco:§http://www.isotc211.org/2005/gco,http://www.isotc211.org/2005/gco,gmd:identificationInfo£gmd:MD_DataIdentification£gmd:pointOfContact£gmd:CI_ResponsibleParty£gmd:contactInfo£gmd:CI_Contact£gmd:phone£gmd:CI_Telephone£gmd:facsimile£@xmlns:gco:,gmd:identificationInfo,gmd:MD_DataIdentification,gmd:pointOfContact,gmd:CI_ResponsibleParty,gmd:contactInfo,gmd:CI_Contact,gmd:phone,gmd:CI_Telephone,gmd:facsimile,@xmlns:gco:
56,gmd:identificationInfo.gmd:MD_DataIdentification.gmd:pointOfContact.gmd:CI_ResponsibleParty.gmd:contactInfo.gmd:CI_Contact.gmd:phone.gmd:CI_Telephone.gmd:facsimile.@gco:nilReason:§missing,missing,gmd:identificationInfo£gmd:MD_DataIdentification£gmd:pointOfContact£gmd:CI_ResponsibleParty£gmd:contactInfo£gmd:CI_Contact£gmd:phone£gmd:CI_Telephone£gmd:facsimile£@gco:nilReason:,gmd:identificationInfo,gmd:MD_DataIdentification,gmd:pointOfContact,gmd:CI_ResponsibleParty,gmd:contactInfo,gmd:CI_Contact,gmd:phone,gmd:CI_Telephone,gmd:facsimile,@gco:nilReason:
57,gmd:identificationInfo.gmd:MD_DataIdentification.gmd:pointOfContact.gmd:CI_ResponsibleParty.gmd:contactInfo.gmd:CI_Contact.gmd:phone.gmd:CI_Telephone.gmd:facsimile.gco:CharacterString:§None,None,gmd:identificationInfo£gmd:MD_DataIdentification£gmd:pointOfContact£gmd:CI_ResponsibleParty£gmd:contactInfo£gmd:CI_Contact£gmd:phone£gmd:CI_Telephone£gmd:facsimile£gco:CharacterString:,gmd:identificationInfo,gmd:MD_DataIdentification,gmd:pointOfContact,gmd:CI_ResponsibleParty,gmd:contactInfo,gmd:CI_Contact,gmd:phone,gmd:CI_Telephone,gmd:facsimile,gco:CharacterString:
58,gmd:identificationInfo.gmd:MD_DataIdentification.gmd:pointOfContact.gmd:CI_ResponsibleParty.gmd:contactInfo.gmd:CI_Contact.gmd:address.gmd:CI_Address.gmd:deliveryPoint.@xmlns:gco:§http://www.isotc211.org/2005/gco,http://www.isotc211.org/2005/gco,gmd:identificationInfo£gmd:MD_DataIdentification£gmd:pointOfContact£gmd:CI_ResponsibleParty£gmd:contactInfo£gmd:CI_Contact£gmd:address£gmd:CI_Address£gmd:deliveryPoint£@xmlns:gco:,gmd:identificationInfo,gmd:MD_DataIdentification,gmd:pointOfContact,gmd:CI_ResponsibleParty,gmd:contactInfo,gmd:CI_Contact,gmd:address,gmd:CI_Address,gmd:deliveryPoint,@xmlns:gco:
59,gmd:identificationInfo.gmd:MD_DataIdentification.gmd:pointOfContact.gmd:CI_ResponsibleParty.gmd:contactInfo.gmd:CI_Contact.gmd:address.gmd:CI_Address.gmd:deliveryPoint.@gco:nilReason:§missing,missing,gmd:identificationInfo£gmd:MD_DataIdentification£gmd:pointOfContact£gmd:CI_ResponsibleParty£gmd:contactInfo£gmd:CI_Contact£gmd:address£gmd:CI_Address£gmd:deliveryPoint£@gco:nilReason:,gmd:identificationInfo,gmd:MD_DataIdentification,gmd:pointOfContact,gmd:CI_ResponsibleParty,gmd:contactInfo,gmd:CI_Contact,gmd:address,gmd:CI_Address,gmd:deliveryPoint,@gco:nilReason:
60,gmd:identificationInfo.gmd:MD_DataIdentification.gmd:pointOfContact.gmd:CI_ResponsibleParty.gmd:contactInfo.gmd:CI_Contact.gmd:address.gmd:CI_Address.gmd:deliveryPoint.gco:CharacterString:§None,None,gmd:identificationInfo£gmd:MD_DataIdentification£gmd:pointOfContact£gmd:CI_ResponsibleParty£gmd:contactInfo£gmd:CI_Contact£gmd:address£gmd:CI_Address£gmd:deliveryPoint£gco:CharacterString:,gmd:identificationInfo,gmd:MD_DataIdentification,gmd:pointOfContact,gmd:CI_ResponsibleParty,gmd:contactInfo,gmd:CI_Contact,gmd:address,gmd:CI_Address,gmd:deliveryPoint,gco:CharacterString:
61,gmd:identificationInfo.gmd:MD_DataIdentification.gmd:pointOfContact.gmd:CI_ResponsibleParty.gmd:contactInfo.gmd:CI_Contact.gmd:address.gmd:CI_Address.gmd:city.@xmlns:gco:§http://www.isotc211.org/2005/gco,http://www.isotc211.org/2005/gco,gmd:identificationInfo£gmd:MD_DataIdentification£gmd:pointOfContact£gmd:CI_ResponsibleParty£gmd:contactInfo£gmd:CI_Contact£gmd:address£gmd:CI_Address£gmd:city£@xmlns:gco:,gmd:identificationInfo,gmd:MD_DataIdentification,gmd:pointOfContact,gmd:CI_ResponsibleParty,gmd:contactInfo,gmd:CI_Contact,gmd:address,gmd:CI_Address,gmd:city,@xmlns:gco:
62,gmd:identificationInfo.gmd:MD_DataIdentification.gmd:pointOfContact.gmd:CI_ResponsibleParty.gmd:contactInfo.gmd:CI_Contact.gmd:address.gmd:CI_Address.gmd:city.@gco:nilReason:§missing,missing,gmd:identificationInfo£gmd:MD_DataIdentification£gmd:pointOfContact£gmd:CI_ResponsibleParty£gmd:contactInfo£gmd:CI_Contact£gmd:address£gmd:CI_Address£gmd:city£@gco:nilReason:,gmd:identificationInfo,gmd:MD_DataIdentification,gmd:pointOfContact,gmd:CI_ResponsibleParty,gmd:contactInfo,gmd:CI_Contact,gmd:address,gmd:CI_Address,gmd:city,@gco:nilReason:
63,gmd:identificationInfo.gmd:MD_DataIdentification.gmd:pointOfContact.gmd:CI_ResponsibleParty.gmd:contactInfo.gmd:CI_Contact.gmd:address.gmd:CI_Address.gmd:city.gco:CharacterString:§None,None,gmd:identificationInfo£gmd:MD_DataIdentification£gmd:pointOfContact£gmd:CI_ResponsibleParty£gmd:contactInfo£gmd:CI_Contact£gmd:address£gmd:CI_Address£gmd:city£gco:CharacterString:,gmd:identificationInfo,gmd:MD_DataIdentification,gmd:pointOfContact,gmd:CI_ResponsibleParty,gmd:contactInfo,gmd:CI_Contact,gmd:address,gmd:CI_Address,gmd:city,gco:CharacterString:
64,gmd:identificationInfo.gmd:MD_DataIdentification.gmd:pointOfContact.gmd:CI_ResponsibleParty.gmd:contactInfo.gmd:CI_Contact.gmd:address.gmd:CI_Address.gmd:administrativeArea.@xmlns:gco:§http://www.isotc211.org/2005/gco,http://www.isotc211.org/2005/gco,gmd:identificationInfo£gmd:MD_DataIdentification£gmd:pointOfContact£gmd:CI_ResponsibleParty£gmd:contactInfo£gmd:CI_Contact£gmd:address£gmd:CI_Address£gmd:administrativeArea£@xmlns:gco:,gmd:identificationInfo,gmd:MD_DataIdentification,gmd:pointOfContact,gmd:CI_ResponsibleParty,gmd:contactInfo,gmd:CI_Contact,gmd:address,gmd:CI_Address,gmd:administrativeArea,@xmlns:gco:
65,gmd:identificationInfo.gmd:MD_DataIdentification.gmd:pointOfContact.gmd:CI_ResponsibleParty.gmd:contactInfo.gmd:CI_Contact.gmd:address.gmd:CI_Address.gmd:administrativeArea.@gco:nilReason:§missing,missing,gmd:identificationInfo£gmd:MD_DataIdentification£gmd:pointOfContact£gmd:CI_ResponsibleParty£gmd:contactInfo£gmd:CI_Contact£gmd:address£gmd:CI_Address£gmd:administrativeArea£@gco:nilReason:,gmd:identificationInfo,gmd:MD_DataIdentification,gmd:pointOfContact,gmd:CI_ResponsibleParty,gmd:contactInfo,gmd:CI_Contact,gmd:address,gmd:CI_Address,gmd:administrativeArea,@gco:nilReason:
66,gmd:identificationInfo.gmd:MD_DataIdentification.gmd:pointOfContact.gmd:CI_ResponsibleParty.gmd:contactInfo.gmd:CI_Contact.gmd:address.gmd:CI_Address.gmd:administrativeArea.gco:CharacterString:§None,None,gmd:identificationInfo£gmd:MD_DataIdentification£gmd:pointOfContact£gmd:CI_ResponsibleParty£gmd:contactInfo£gmd:CI_Contact£gmd:address£gmd:CI_Address£gmd:administrativeArea£gco:CharacterString:,gmd:identificationInfo,gmd:MD_DataIdentification,gmd:pointOfContact,gmd:CI_ResponsibleParty,gmd:contactInfo,gmd:CI_Contact,gmd:address,gmd:CI_Address,gmd:administrativeArea,gco:CharacterString:
67,gmd:identificationInfo.gmd:MD_DataIdentification.gmd:pointOfContact.gmd:CI_ResponsibleParty.gmd:contactInfo.gmd:CI_Contact.gmd:address.gmd:CI_Address.gmd:postalCode.@xmlns:gco:§http://www.isotc211.org/2005/gco,http://www.isotc211.org/2005/gco,gmd:identificationInfo£gmd:MD_DataIdentification£gmd:pointOfContact£gmd:CI_ResponsibleParty£gmd:contactInfo£gmd:CI_Contact£gmd:address£gmd:CI_Address£gmd:postalCode£@xmlns:gco:,gmd:identificationInfo,gmd:MD_DataIdentification,gmd:pointOfContact,gmd:CI_ResponsibleParty,gmd:contactInfo,gmd:CI_Contact,gmd:address,gmd:CI_Address,gmd:postalCode,@xmlns:gco:
68,gmd:identificationInfo.gmd:MD_DataIdentification.gmd:pointOfContact.gmd:CI_ResponsibleParty.gmd:contactInfo.gmd:CI_Contact.gmd:address.gmd:CI_Address.gmd:postalCode.@gco:nilReason:§missing,missing,gmd:identificationInfo£gmd:MD_DataIdentification£gmd:pointOfContact£gmd:CI_ResponsibleParty£gmd:contactInfo£gmd:CI_Contact£gmd:address£gmd:CI_Address£gmd:postalCode£@gco:nilReason:,gmd:identificationInfo,gmd:MD_DataIdentification,gmd:pointOfContact,gmd:CI_ResponsibleParty,gmd:contactInfo,gmd:CI_Contact,gmd:address,gmd:CI_Address,gmd:postalCode,@gco:nilReason:
69,gmd:identificationInfo.gmd:MD_DataIdentification.gmd:pointOfContact.gmd:CI_ResponsibleParty.gmd:contactInfo.gmd:CI_Contact.gmd:address.gmd:CI_Address.gmd:postalCode.gco:CharacterString:§None,None,gmd:identificationInfo£gmd:MD_DataIdentification£gmd:pointOfContact£gmd:CI_ResponsibleParty£gmd:contactInfo£gmd:CI_Contact£gmd:address£gmd:CI_Address£gmd:postalCode£gco:CharacterString:,gmd:identificationInfo,gmd:MD_DataIdentification,gmd:pointOfContact,gmd:CI_ResponsibleParty,gmd:contactInfo,gmd:CI_Contact,gmd:address,gmd:CI_Address,gmd:postalCode,gco:CharacterString:
70,gmd:identificationInfo.gmd:MD_DataIdentification.gmd:pointOfContact.gmd:CI_ResponsibleParty.gmd:contactInfo.gmd:CI_Contact.gmd:address.gmd:CI_Address.gmd:country.@xmlns:gco:§http://www.isotc211.org/2005/gco,http://www.isotc211.org/2005/gco,gmd:identificationInfo£gmd:MD_DataIdentification£gmd:pointOfContact£gmd:CI_ResponsibleParty£gmd:contactInfo£gmd:CI_Contact£gmd:address£gmd:CI_Address£gmd:country£@xmlns:gco:,gmd:identificationInfo,gmd:MD_DataIdentification,gmd:pointOfContact,gmd:CI_ResponsibleParty,gmd:contactInfo,gmd:CI_Contact,gmd:address,gmd:CI_Address,gmd:country,@xmlns:gco:
71,gmd:identificationInfo.gmd:MD_DataIdentification.gmd:pointOfContact.gmd:CI_ResponsibleParty.gmd:contactInfo.gmd:CI_Contact.gmd:address.gmd:CI_Address.gmd:country.@gco:nilReason:§missing,missing,gmd:identificationInfo£gmd:MD_DataIdentification£gmd:pointOfContact£gmd:CI_ResponsibleParty£gmd:contactInfo£gmd:CI_Contact£gmd:address£gmd:CI_Address£gmd:country£@gco:nilReason:,gmd:identificationInfo,gmd:MD_DataIdentification,gmd:pointOfContact,gmd:CI_ResponsibleParty,gmd:contactInfo,gmd:CI_Contact,gmd:address,gmd:CI_Address,gmd:country,@gco:nilReason:
72,gmd:identificationInfo.gmd:MD_DataIdentification.gmd:pointOfContact.gmd:CI_ResponsibleParty.gmd:contactInfo.gmd:CI_Contact.gmd:address.gmd:CI_Address.gmd:country.gco:CharacterString:§None,None,gmd:identificationInfo£gmd:MD_DataIdentification£gmd:pointOfContact£gmd:CI_ResponsibleParty£gmd:contactInfo£gmd:CI_Contact£gmd:address£gmd:CI_Address£gmd:country£gco:CharacterString:,gmd:identificationInfo,gmd:MD_DataIdentification,gmd:pointOfContact,gmd:CI_ResponsibleParty,gmd:contactInfo,gmd:CI_Contact,gmd:address,gmd:CI_Address,gmd:country,gco:CharacterString:
73,gmd:identificationInfo.gmd:MD_DataIdentification.gmd:pointOfContact.gmd:CI_ResponsibleParty.gmd:contactInfo.gmd:CI_Contact.gmd:address.gmd:CI_Address.gmd:electronicMailAddress.@xmlns:gco:§http://www.isotc211.org/2005/gco,http://www.isotc211.org/2005/gco,gmd:identificationInfo£gmd:MD_DataIdentification£gmd:pointOfContact£gmd:CI_ResponsibleParty£gmd:contactInfo£gmd:CI_Contact£gmd:address£gmd:CI_Address£gmd:electronicMailAddress£@xmlns:gco:,gmd:identificationInfo,gmd:MD_DataIdentification,gmd:pointOfContact,gmd:CI_ResponsibleParty,gmd:contactInfo,gmd:CI_Contact,gmd:address,gmd:CI_Address,gmd:electronicMailAddress,@xmlns:gco:
74,gmd:identificationInfo.gmd:MD_DataIdentification.gmd:pointOfContact.gmd:CI_ResponsibleParty.gmd:contactInfo.gmd:CI_Contact.gmd:address.gmd:CI_Address.gmd:electronicMailAddress.@gco:nilReason:§missing,missing,gmd:identificationInfo£gmd:MD_DataIdentification£gmd:pointOfContact£gmd:CI_ResponsibleParty£gmd:contactInfo£gmd:CI_Contact£gmd:address£gmd:CI_Address£gmd:electronicMailAddress£@gco:nilReason:,gmd:identificationInfo,gmd:MD_DataIdentification,gmd:pointOfContact,gmd:CI_ResponsibleParty,gmd:contactInfo,gmd:CI_Contact,gmd:address,gmd:CI_Address,gmd:electronicMailAddress,@gco:nilReason:
75,gmd:identificationInfo.gmd:MD_DataIdentification.gmd:pointOfContact.gmd:CI_ResponsibleParty.gmd:contactInfo.gmd:CI_Contact.gmd:address.gmd:CI_Address.gmd:electronicMailAddress.gco:CharacterString:§None,None,gmd:identificationInfo£gmd:MD_DataIdentification£gmd:pointOfContact£gmd:CI_ResponsibleParty£gmd:contactInfo£gmd:CI_Contact£gmd:address£gmd:CI_Address£gmd:electronicMailAddress£gco:CharacterString:,gmd:identificationInfo,gmd:MD_DataIdentification,gmd:pointOfContact,gmd:CI_ResponsibleParty,gmd:contactInfo,gmd:CI_Contact,gmd:address,gmd:CI_Address,gmd:electronicMailAddress,gco:CharacterString:
76,gmd:identificationInfo.gmd:MD_DataIdentification.gmd:pointOfContact.gmd:CI_ResponsibleParty.gmd:role.gmd:CI_RoleCode.@codeList:§http://standards.iso.org/iso/19139/resources/gmxCodelists.xml#CI_RoleCode,http://standards.iso.org/iso/19139/resources/gmxCodelists.xml#CI_RoleCode,gmd:identificationInfo£gmd:MD_DataIdentification£gmd:pointOfContact£gmd:CI_ResponsibleParty£gmd:role£gmd:CI_RoleCode£@codeList:,gmd:identificationInfo,gmd:MD_DataIdentification,gmd:pointOfContact,gmd:CI_ResponsibleParty,gmd:role,gmd:CI_RoleCode,@codeList:,,,
77,gmd:identificationInfo.gmd:MD_DataIdentification.gmd:pointOfContact.gmd:CI_ResponsibleParty.gmd:role.gmd:CI_RoleCode.@codeListValue:§,,gmd:identificationInfo£gmd:MD_DataIdentification£gmd:pointOfContact£gmd:CI_ResponsibleParty£gmd:role£gmd:CI_RoleCode£@codeListValue:,gmd:identificationInfo,gmd:MD_DataIdentification,gmd:pointOfContact,gmd:CI_ResponsibleParty,gmd:role,gmd:CI_RoleCode,@codeListValue:,,,
78,gmd:identificationInfo.gmd:MD_DataIdentification.gmd:resourceMaintenance.gmd:MD_MaintenanceInformation.gmd:maintenanceAndUpdateFrequency.gmd:MD_MaintenanceFrequencyCode.@codeListValue:§unknown,unknown,gmd:identificationInfo£gmd:MD_DataIdentification£gmd:resourceMaintenance£gmd:MD_MaintenanceInformation£gmd:maintenanceAndUpdateFrequency£gmd:MD_MaintenanceFrequencyCode£@codeListValue:,gmd:identificationInfo,gmd:MD_DataIdentification,gmd:resourceMaintenance,gmd:MD_MaintenanceInformation,gmd:maintenanceAndUpdateFrequency,gmd:MD_MaintenanceFrequencyCode,@codeListValue:,,,
79,gmd:identificationInfo.gmd:MD_DataIdentification.gmd:resourceMaintenance.gmd:MD_MaintenanceInformation.gmd:maintenanceAndUpdateFrequency.gmd:MD_MaintenanceFrequencyCode.@codeList:§http://standards.iso.org/iso/19139/resources/gmxCodelists.xml#MD_MaintenanceFrequencyCode,http://standards.iso.org/iso/19139/resources/gmxCodelists.xml#MD_MaintenanceFrequencyCode,gmd:identificationInfo£gmd:MD_DataIdentification£gmd:resourceMaintenance£gmd:MD_MaintenanceInformation£gmd:maintenanceAndUpdateFrequency£gmd:MD_MaintenanceFrequencyCode£@codeList:,gmd:identificationInfo,gmd:MD_DataIdentification,gmd:resourceMaintenance,gmd:MD_MaintenanceInformation,gmd:maintenanceAndUpdateFrequency,gmd:MD_MaintenanceFrequencyCode,@codeList:,,,
80,gmd:identificationInfo.gmd:MD_DataIdentification.gmd:resourceMaintenance.gmd:MD_MaintenanceInformation.gmd:userDefinedMaintenanceFrequency.gts:TM_PeriodDuration.@xmlns:gts:§http://www.isotc211.org/2005/gts,http://www.isotc211.org/2005/gts,gmd:identificationInfo£gmd:MD_DataIdentification£gmd:resourceMaintenance£gmd:MD_MaintenanceInformation£gmd:userDefinedMaintenanceFrequency£gts:TM_PeriodDuration£@xmlns:gts:,gmd:identificationInfo,gmd:MD_DataIdentification,gmd:resourceMaintenance,gmd:MD_MaintenanceInformation,gmd:userDefinedMaintenanceFrequency,gts:TM_PeriodDuration,@xmlns:gts:,,,
81,gmd:identificationInfo.gmd:MD_DataIdentification.gmd:resourceMaintenance.gmd:MD_MaintenanceInformation.gmd:userDefinedMaintenanceFrequency.gts:TM_PeriodDuration.#text:§P0Y0M0DT0H0M0S,P0Y0M0DT0H0M0S,gmd:identificationInfo£gmd:MD_DataIdentification£gmd:resourceMaintenance£gmd:MD_MaintenanceInformation£gmd:userDefinedMaintenanceFrequency£gts:TM_PeriodDuration£#text:,gmd:identificationInfo,gmd:MD_DataIdentification,gmd:resourceMaintenance,gmd:MD_MaintenanceInformation,gmd:userDefinedMaintenanceFrequency,gts:TM_PeriodDuration,#text:,,,
82,gmd:identificationInfo.gmd:MD_DataIdentification.gmd:graphicOverview.gmd:MD_BrowseGraphic.gmd:fileName.gco:CharacterString.@xmlns:gco:§http://www.isotc211.org/2005/gco,http://www.isotc211.org/2005/gco,gmd:identificationInfo£gmd:MD_DataIdentification£gmd:graphicOverview£gmd:MD_BrowseGraphic£gmd:fileName£gco:CharacterString£@xmlns:gco:,gmd:identificationInfo,gmd:MD_DataIdentification,gmd:graphicOverview,gmd:MD_BrowseGraphic,gmd:fileName,gco:CharacterString,@xmlns:gco:,,,
83,gmd:identificationInfo.gmd:MD_DataIdentification.gmd:graphicOverview.gmd:MD_BrowseGraphic.gmd:fileName.gco:CharacterString.#text:§https://cat.indores.fr/geonetwork/srv/api/records/83fc164e-bc04-4ebc-8374-8b4b85944317/attachments/,https://cat.indores.fr/geonetwork/srv/api/records/83fc164e-bc04-4ebc-8374-8b4b85944317/attachments/,gmd:identificationInfo£gmd:MD_DataIdentification£gmd:graphicOverview£gmd:MD_BrowseGraphic£gmd:fileName£gco:CharacterString£#text:,gmd:identificationInfo,gmd:MD_DataIdentification,gmd:graphicOverview,gmd:MD_BrowseGraphic,gmd:fileName,gco:CharacterString,#text:,,,
84,gmd:identificationInfo.gmd:MD_DataIdentification.gmd:graphicOverview.gmd:MD_BrowseGraphic.gmd:fileDescription.gco:CharacterString.@xmlns:gco:§http://www.isotc211.org/2005/gco,http://www.isotc211.org/2005/gco,gmd:identificationInfo£gmd:MD_DataIdentification£gmd:graphicOverview£gmd:MD_BrowseGraphic£gmd:fileDescription£gco:CharacterString£@xmlns:gco:,gmd:identificationInfo,gmd:MD_DataIdentification,gmd:graphicOverview,gmd:MD_BrowseGraphic,gmd:fileDescription,gco:CharacterString,@xmlns:gco:,,,
85,gmd:identificationInfo.gmd:MD_DataIdentification.gmd:graphicOverview.gmd:MD_BrowseGraphic.gmd:fileDescription.gco:CharacterString.#text:§thumbnail,thumbnail,gmd:identificationInfo£gmd:MD_DataIdentification£gmd:graphicOverview£gmd:MD_BrowseGraphic£gmd:fileDescription£gco:CharacterString£#text:,gmd:identificationInfo,gmd:MD_DataIdentification,gmd:graphicOverview,gmd:MD_BrowseGraphic,gmd:fileDescription,gco:CharacterString,#text:,,,
86,gmd:identificationInfo.gmd:MD_DataIdentification.gmd:graphicOverview.gmd:MD_BrowseGraphic.gmd:fileName.gco:CharacterString.@xmlns:gco:§http://www.isotc211.org/2005/gco,http://www.isotc211.org/2005/gco,gmd:identificationInfo£gmd:MD_DataIdentification£gmd:graphicOverview£gmd:MD_BrowseGraphic£gmd:fileName£gco:CharacterString£@xmlns:gco:,gmd:identificationInfo,gmd:MD_DataIdentification,gmd:graphicOverview,gmd:MD_BrowseGraphic,gmd:fileName,gco:CharacterString,@xmlns:gco:,,,
87,gmd:identificationInfo.gmd:MD_DataIdentification.gmd:graphicOverview.gmd:MD_BrowseGraphic.gmd:fileName.gco:CharacterString.#text:§https://cat.indores.fr/geonetwork/srv/api/records/83fc164e-bc04-4ebc-8374-8b4b85944317/attachments/,https://cat.indores.fr/geonetwork/srv/api/records/83fc164e-bc04-4ebc-8374-8b4b85944317/attachments/,gmd:identificationInfo£gmd:MD_DataIdentification£gmd:graphicOverview£gmd:MD_BrowseGraphic£gmd:fileName£gco:CharacterString£#text:,gmd:identificationInfo,gmd:MD_DataIdentification,gmd:graphicOverview,gmd:MD_BrowseGraphic,gmd:fileName,gco:CharacterString,#text:,,,
88,gmd:identificationInfo.gmd:MD_DataIdentification.gmd:graphicOverview.gmd:MD_BrowseGraphic.gmd:fileDescription.gco:CharacterString.@xmlns:gco:§http://www.isotc211.org/2005/gco,http://www.isotc211.org/2005/gco,gmd:identificationInfo£gmd:MD_DataIdentification£gmd:graphicOverview£gmd:MD_BrowseGraphic£gmd:fileDescription£gco:CharacterString£@xmlns:gco:,gmd:identificationInfo,gmd:MD_DataIdentification,gmd:graphicOverview,gmd:MD_BrowseGraphic,gmd:fileDescription,gco:CharacterString,@xmlns:gco:,,,
89,gmd:identificationInfo.gmd:MD_DataIdentification.gmd:graphicOverview.gmd:MD_BrowseGraphic.gmd:fileDescription.gco:CharacterString.#text:§large_thumbnail,large_thumbnail,gmd:identificationInfo£gmd:MD_DataIdentification£gmd:graphicOverview£gmd:MD_BrowseGraphic£gmd:fileDescription£gco:CharacterString£#text:,gmd:identificationInfo,gmd:MD_DataIdentification,gmd:graphicOverview,gmd:MD_BrowseGraphic,gmd:fileDescription,gco:CharacterString,#text:,,,
90,gmd:identificationInfo.gmd:MD_DataIdentification.gmd:descriptiveKeywords.gmd:MD_Keywords.gmd:keyword.gco:CharacterString.@xmlns:gco:§http://www.isotc211.org/2005/gco,http://www.isotc211.org/2005/gco,gmd:identificationInfo£gmd:MD_DataIdentification£gmd:descriptiveKeywords£gmd:MD_Keywords£gmd:keyword£gco:CharacterString£@xmlns:gco:,gmd:identificationInfo,gmd:MD_DataIdentification,gmd:descriptiveKeywords,gmd:MD_Keywords,gmd:keyword,gco:CharacterString,@xmlns:gco:,,,
91,gmd:identificationInfo.gmd:MD_DataIdentification.gmd:descriptiveKeywords.gmd:MD_Keywords.gmd:keyword.gco:CharacterString.#text:§physico-chimique,physico-chimique,gmd:identificationInfo£gmd:MD_DataIdentification£gmd:descriptiveKeywords£gmd:MD_Keywords£gmd:keyword£gco:CharacterString£#text:,gmd:identificationInfo,gmd:MD_DataIdentification,gmd:descriptiveKeywords,gmd:MD_Keywords,gmd:keyword,gco:CharacterString,#text:,,,
92,gmd:identificationInfo.gmd:MD_DataIdentification.gmd:descriptiveKeywords.gmd:MD_Keywords.gmd:type.gmd:MD_KeywordTypeCode.@codeListValue:§discipline,discipline,gmd:identificationInfo£gmd:MD_DataIdentification£gmd:descriptiveKeywords£gmd:MD_Keywords£gmd:type£gmd:MD_KeywordTypeCode£@codeListValue:,gmd:identificationInfo,gmd:MD_DataIdentification,gmd:descriptiveKeywords,gmd:MD_Keywords,gmd:type,gmd:MD_KeywordTypeCode,@codeListValue:,,,
93,gmd:identificationInfo.gmd:MD_DataIdentification.gmd:descriptiveKeywords.gmd:MD_Keywords.gmd:type.gmd:MD_KeywordTypeCode.@codeList:§http://standards.iso.org/iso/19139/resources/gmxCodelists.xml#MD_KeywordTypeCode,http://standards.iso.org/iso/19139/resources/gmxCodelists.xml#MD_KeywordTypeCode,gmd:identificationInfo£gmd:MD_DataIdentification£gmd:descriptiveKeywords£gmd:MD_Keywords£gmd:type£gmd:MD_KeywordTypeCode£@codeList:,gmd:identificationInfo,gmd:MD_DataIdentification,gmd:descriptiveKeywords,gmd:MD_Keywords,gmd:type,gmd:MD_KeywordTypeCode,@codeList:,,,
94,gmd:identificationInfo.gmd:MD_DataIdentification.gmd:descriptiveKeywords.gmd:MD_Keywords.gmd:keyword.gco:CharacterString.@xmlns:gco:§http://www.isotc211.org/2005/gco,http://www.isotc211.org/2005/gco,gmd:identificationInfo£gmd:MD_DataIdentification£gmd:descriptiveKeywords£gmd:MD_Keywords£gmd:keyword£gco:CharacterString£@xmlns:gco:,gmd:identificationInfo,gmd:MD_DataIdentification,gmd:descriptiveKeywords,gmd:MD_Keywords,gmd:keyword,gco:CharacterString,@xmlns:gco:,,,
95,gmd:identificationInfo.gmd:MD_DataIdentification.gmd:descriptiveKeywords.gmd:MD_Keywords.gmd:keyword.gco:CharacterString.#text:§France,France,gmd:identificationInfo£gmd:MD_DataIdentification£gmd:descriptiveKeywords£gmd:MD_Keywords£gmd:keyword£gco:CharacterString£#text:,gmd:identificationInfo,gmd:MD_DataIdentification,gmd:descriptiveKeywords,gmd:MD_Keywords,gmd:keyword,gco:CharacterString,#text:,,,
96,gmd:identificationInfo.gmd:MD_DataIdentification.gmd:descriptiveKeywords.gmd:MD_Keywords.gmd:type.gmd:MD_KeywordTypeCode.@codeListValue:§place,place,gmd:identificationInfo£gmd:MD_DataIdentification£gmd:descriptiveKeywords£gmd:MD_Keywords£gmd:type£gmd:MD_KeywordTypeCode£@codeListValue:,gmd:identificationInfo,gmd:MD_DataIdentification,gmd:descriptiveKeywords,gmd:MD_Keywords,gmd:type,gmd:MD_KeywordTypeCode,@codeListValue:,,,
97,gmd:identificationInfo.gmd:MD_DataIdentification.gmd:descriptiveKeywords.gmd:MD_Keywords.gmd:type.gmd:MD_KeywordTypeCode.@codeList:§http://standards.iso.org/iso/19139/resources/gmxCodelists.xml#MD_KeywordTypeCode,http://standards.iso.org/iso/19139/resources/gmxCodelists.xml#MD_KeywordTypeCode,gmd:identificationInfo£gmd:MD_DataIdentification£gmd:descriptiveKeywords£gmd:MD_Keywords£gmd:type£gmd:MD_KeywordTypeCode£@codeList:,gmd:identificationInfo,gmd:MD_DataIdentification,gmd:descriptiveKeywords,gmd:MD_Keywords,gmd:type,gmd:MD_KeywordTypeCode,@codeList:,,,
98,gmd:identificationInfo.gmd:MD_DataIdentification.gmd:descriptiveKeywords.gmd:MD_Keywords.gmd:keyword.gco:CharacterString.@xmlns:gco:§http://www.isotc211.org/2005/gco,http://www.isotc211.org/2005/gco,gmd:identificationInfo£gmd:MD_DataIdentification£gmd:descriptiveKeywords£gmd:MD_Keywords£gmd:keyword£gco:CharacterString£@xmlns:gco:,gmd:identificationInfo,gmd:MD_DataIdentification,gmd:descriptiveKeywords,gmd:MD_Keywords,gmd:keyword,gco:CharacterString,@xmlns:gco:,,,
99,gmd:identificationInfo.gmd:MD_DataIdentification.gmd:descriptiveKeywords.gmd:MD_Keywords.gmd:keyword.gco:CharacterString.#text:§campagne,campagne,gmd:identificationInfo£gmd:MD_DataIdentification£gmd:descriptiveKeywords£gmd:MD_Keywords£gmd:keyword£gco:CharacterString£#text:,gmd:identificationInfo,gmd:MD_DataIdentification,gmd:descriptiveKeywords,gmd:MD_Keywords,gmd:keyword,gco:CharacterString,#text:,,,
100,gmd:identificationInfo.gmd:MD_DataIdentification.gmd:descriptiveKeywords.gmd:MD_Keywords.gmd:keyword.gco:CharacterString.@xmlns:gco:§http://www.isotc211.org/2005/gco,http://www.isotc211.org/2005/gco,gmd:identificationInfo£gmd:MD_DataIdentification£gmd:descriptiveKeywords£gmd:MD_Keywords£gmd:keyword£gco:CharacterString£@xmlns:gco:,gmd:identificationInfo,gmd:MD_DataIdentification,gmd:descriptiveKeywords,gmd:MD_Keywords,gmd:keyword,gco:CharacterString,@xmlns:gco:,,,
101,gmd:identificationInfo.gmd:MD_DataIdentification.gmd:descriptiveKeywords.gmd:MD_Keywords.gmd:keyword.gco:CharacterString.#text:§Eau souterraine,Eau souterraine,gmd:identificationInfo£gmd:MD_DataIdentification£gmd:descriptiveKeywords£gmd:MD_Keywords£gmd:keyword£gco:CharacterString£#text:,gmd:identificationInfo,gmd:MD_DataIdentification,gmd:descriptiveKeywords,gmd:MD_Keywords,gmd:keyword,gco:CharacterString,#text:,,,
102,gmd:identificationInfo.gmd:MD_DataIdentification.gmd:descriptiveKeywords.gmd:MD_Keywords.gmd:keyword.gco:CharacterString.@xmlns:gco:§http://www.isotc211.org/2005/gco,http://www.isotc211.org/2005/gco,gmd:identificationInfo£gmd:MD_DataIdentification£gmd:descriptiveKeywords£gmd:MD_Keywords£gmd:keyword£gco:CharacterString£@xmlns:gco:,gmd:identificationInfo,gmd:MD_DataIdentification,gmd:descriptiveKeywords,gmd:MD_Keywords,gmd:keyword,gco:CharacterString,@xmlns:gco:,,,
103,gmd:identificationInfo.gmd:MD_DataIdentification.gmd:descriptiveKeywords.gmd:MD_Keywords.gmd:keyword.gco:CharacterString.#text:§Contrôle,Contrôle,gmd:identificationInfo£gmd:MD_DataIdentification£gmd:descriptiveKeywords£gmd:MD_Keywords£gmd:keyword£gco:CharacterString£#text:,gmd:identificationInfo,gmd:MD_DataIdentification,gmd:descriptiveKeywords,gmd:MD_Keywords,gmd:keyword,gco:CharacterString,#text:,,,
104,gmd:identificationInfo.gmd:MD_DataIdentification.gmd:descriptiveKeywords.gmd:MD_Keywords.gmd:type.gmd:MD_KeywordTypeCode.@codeList:§http://standards.iso.org/iso/19139/resources/gmxCodelists.xml#MD_KeywordTypeCode,http://standards.iso.org/iso/19139/resources/gmxCodelists.xml#MD_KeywordTypeCode,gmd:identificationInfo£gmd:MD_DataIdentification£gmd:descriptiveKeywords£gmd:MD_Keywords£gmd:type£gmd:MD_KeywordTypeCode£@codeList:,gmd:identificationInfo,gmd:MD_DataIdentification,gmd:descriptiveKeywords,gmd:MD_Keywords,gmd:type,gmd:MD_KeywordTypeCode,@codeList:,,,
105,gmd:identificationInfo.gmd:MD_DataIdentification.gmd:descriptiveKeywords.gmd:MD_Keywords.gmd:type.gmd:MD_KeywordTypeCode.@codeListValue:§theme,theme,gmd:identificationInfo£gmd:MD_DataIdentification£gmd:descriptiveKeywords£gmd:MD_Keywords£gmd:type£gmd:MD_KeywordTypeCode£@codeListValue:,gmd:identificationInfo,gmd:MD_DataIdentification,gmd:descriptiveKeywords,gmd:MD_Keywords,gmd:type,gmd:MD_KeywordTypeCode,@codeListValue:,,,
106,gmd:identificationInfo.gmd:MD_DataIdentification.gmd:resourceConstraints.gmd:MD_LegalConstraints.gmd:accessConstraints.gmd:MD_RestrictionCode.@codeListValue:§,,gmd:identificationInfo£gmd:MD_DataIdentification£gmd:resourceConstraints£gmd:MD_LegalConstraints£gmd:accessConstraints£gmd:MD_RestrictionCode£@codeListValue:,gmd:identificationInfo,gmd:MD_DataIdentification,gmd:resourceConstraints,gmd:MD_LegalConstraints,gmd:accessConstraints,gmd:MD_RestrictionCode,@codeListValue:,,,
107,gmd:identificationInfo.gmd:MD_DataIdentification.gmd:resourceConstraints.gmd:MD_LegalConstraints.gmd:accessConstraints.gmd:MD_RestrictionCode.@codeList:§http://standards.iso.org/iso/19139/resources/gmxCodelists.xml#MD_RestrictionCode,http://standards.iso.org/iso/19139/resources/gmxCodelists.xml#MD_RestrictionCode,gmd:identificationInfo£gmd:MD_DataIdentification£gmd:resourceConstraints£gmd:MD_LegalConstraints£gmd:accessConstraints£gmd:MD_RestrictionCode£@codeList:,gmd:identificationInfo,gmd:MD_DataIdentification,gmd:resourceConstraints,gmd:MD_LegalConstraints,gmd:accessConstraints,gmd:MD_RestrictionCode,@codeList:,,,
108,gmd:identificationInfo.gmd:MD_DataIdentification.gmd:resourceConstraints.gmd:MD_LegalConstraints.gmd:useConstraints.gmd:MD_RestrictionCode.@codeListValue:§,,gmd:identificationInfo£gmd:MD_DataIdentification£gmd:resourceConstraints£gmd:MD_LegalConstraints£gmd:useConstraints£gmd:MD_RestrictionCode£@codeListValue:,gmd:identificationInfo,gmd:MD_DataIdentification,gmd:resourceConstraints,gmd:MD_LegalConstraints,gmd:useConstraints,gmd:MD_RestrictionCode,@codeListValue:,,,
109,gmd:identificationInfo.gmd:MD_DataIdentification.gmd:resourceConstraints.gmd:MD_LegalConstraints.gmd:useConstraints.gmd:MD_RestrictionCode.@codeList:§http://standards.iso.org/iso/19139/resources/gmxCodelists.xml#MD_RestrictionCode,http://standards.iso.org/iso/19139/resources/gmxCodelists.xml#MD_RestrictionCode,gmd:identificationInfo£gmd:MD_DataIdentification£gmd:resourceConstraints£gmd:MD_LegalConstraints£gmd:useConstraints£gmd:MD_RestrictionCode£@codeList:,gmd:identificationInfo,gmd:MD_DataIdentification,gmd:resourceConstraints,gmd:MD_LegalConstraints,gmd:useConstraints,gmd:MD_RestrictionCode,@codeList:,,,
110,gmd:identificationInfo.gmd:MD_DataIdentification.gmd:resourceConstraints.gmd:MD_LegalConstraints.gmd:otherConstraints.gco:CharacterString.@xmlns:gco:§http://www.isotc211.org/2005/gco,http://www.isotc211.org/2005/gco,gmd:identificationInfo£gmd:MD_DataIdentification£gmd:resourceConstraints£gmd:MD_LegalConstraints£gmd:otherConstraints£gco:CharacterString£@xmlns:gco:,gmd:identificationInfo,gmd:MD_DataIdentification,gmd:resourceConstraints,gmd:MD_LegalConstraints,gmd:otherConstraints,gco:CharacterString,@xmlns:gco:,,,
111,gmd:identificationInfo.gmd:MD_DataIdentification.gmd:resourceConstraints.gmd:MD_LegalConstraints.gmd:otherConstraints.gco:CharacterString.#text:§Mise à disposition des données au cas par cas (charte),Mise à disposition des données au cas par cas (charte),gmd:identificationInfo£gmd:MD_DataIdentification£gmd:resourceConstraints£gmd:MD_LegalConstraints£gmd:otherConstraints£gco:CharacterString£#text:,gmd:identificationInfo,gmd:MD_DataIdentification,gmd:resourceConstraints,gmd:MD_LegalConstraints,gmd:otherConstraints,gco:CharacterString,#text:,,,
112,gmd:identificationInfo.gmd:MD_DataIdentification.gmd:resourceConstraints.gmd:MD_LegalConstraints.gmd:otherConstraints.@xmlns:gco:§http://www.isotc211.org/2005/gco,http://www.isotc211.org/2005/gco,gmd:identificationInfo£gmd:MD_DataIdentification£gmd:resourceConstraints£gmd:MD_LegalConstraints£gmd:otherConstraints£@xmlns:gco:,gmd:identificationInfo,gmd:MD_DataIdentification,gmd:resourceConstraints,gmd:MD_LegalConstraints,gmd:otherConstraints,@xmlns:gco:,,,,
113,gmd:identificationInfo.gmd:MD_DataIdentification.gmd:resourceConstraints.gmd:MD_LegalConstraints.gmd:otherConstraints.@gco:nilReason:§missing,missing,gmd:identificationInfo£gmd:MD_DataIdentification£gmd:resourceConstraints£gmd:MD_LegalConstraints£gmd:otherConstraints£@gco:nilReason:,gmd:identificationInfo,gmd:MD_DataIdentification,gmd:resourceConstraints,gmd:MD_LegalConstraints,gmd:otherConstraints,@gco:nilReason:,,,,
114,gmd:identificationInfo.gmd:MD_DataIdentification.gmd:resourceConstraints.gmd:MD_LegalConstraints.gmd:otherConstraints.gco:CharacterString:§None,None,gmd:identificationInfo£gmd:MD_DataIdentification£gmd:resourceConstraints£gmd:MD_LegalConstraints£gmd:otherConstraints£gco:CharacterString:,gmd:identificationInfo,gmd:MD_DataIdentification,gmd:resourceConstraints,gmd:MD_LegalConstraints,gmd:otherConstraints,gco:CharacterString:,,,,
115,gmd:identificationInfo.gmd:MD_DataIdentification.gmd:spatialRepresentationType.gmd:MD_SpatialRepresentationTypeCode.@codeListValue:§,,gmd:identificationInfo£gmd:MD_DataIdentification£gmd:spatialRepresentationType£gmd:MD_SpatialRepresentationTypeCode£@codeListValue:,gmd:identificationInfo,gmd:MD_DataIdentification,gmd:spatialRepresentationType,gmd:MD_SpatialRepresentationTypeCode,@codeListValue:,,,,,
116,gmd:identificationInfo.gmd:MD_DataIdentification.gmd:spatialRepresentationType.gmd:MD_SpatialRepresentationTypeCode.@codeList:§http://standards.iso.org/iso/19139/resources/gmxCodelists.xml#MD_SpatialRepresentationTypeCode,http://standards.iso.org/iso/19139/resources/gmxCodelists.xml#MD_SpatialRepresentationTypeCode,gmd:identificationInfo£gmd:MD_DataIdentification£gmd:spatialRepresentationType£gmd:MD_SpatialRepresentationTypeCode£@codeList:,gmd:identificationInfo,gmd:MD_DataIdentification,gmd:spatialRepresentationType,gmd:MD_SpatialRepresentationTypeCode,@codeList:,,,,,
117,gmd:identificationInfo.gmd:MD_DataIdentification.gmd:spatialResolution.gmd:MD_Resolution.gmd:equivalentScale.gmd:MD_RepresentativeFraction.gmd:denominator.gco:Integer.@xmlns:gco:§http://www.isotc211.org/2005/gco,http://www.isotc211.org/2005/gco,gmd:identificationInfo£gmd:MD_DataIdentification£gmd:spatialResolution£gmd:MD_Resolution£gmd:equivalentScale£gmd:MD_RepresentativeFraction£gmd:denominator£gco:Integer£@xmlns:gco:,gmd:identificationInfo,gmd:MD_DataIdentification,gmd:spatialResolution,gmd:MD_Resolution,gmd:equivalentScale,gmd:MD_RepresentativeFraction,gmd:denominator,gco:Integer,@xmlns:gco:,
118,gmd:identificationInfo.gmd:MD_DataIdentification.gmd:spatialResolution.gmd:MD_Resolution.gmd:equivalentScale.gmd:MD_RepresentativeFraction.gmd:denominator.gco:Integer.#text:§1,1,gmd:identificationInfo£gmd:MD_DataIdentification£gmd:spatialResolution£gmd:MD_Resolution£gmd:equivalentScale£gmd:MD_RepresentativeFraction£gmd:denominator£gco:Integer£#text:,gmd:identificationInfo,gmd:MD_DataIdentification,gmd:spatialResolution,gmd:MD_Resolution,gmd:equivalentScale,gmd:MD_RepresentativeFraction,gmd:denominator,gco:Integer,#text:,
119,gmd:identificationInfo.gmd:MD_DataIdentification.gmd:language.gco:CharacterString.@xmlns:gco:§http://www.isotc211.org/2005/gco,http://www.isotc211.org/2005/gco,gmd:identificationInfo£gmd:MD_DataIdentification£gmd:language£gco:CharacterString£@xmlns:gco:,gmd:identificationInfo,gmd:MD_DataIdentification,gmd:language,gco:CharacterString,@xmlns:gco:,,,,,
120,gmd:identificationInfo.gmd:MD_DataIdentification.gmd:language.gco:CharacterString.#text:§fre,fre,gmd:identificationInfo£gmd:MD_DataIdentification£gmd:language£gco:CharacterString£#text:,gmd:identificationInfo,gmd:MD_DataIdentification,gmd:language,gco:CharacterString,#text:,,,,,
121,gmd:identificationInfo.gmd:MD_DataIdentification.gmd:characterSet.gmd:MD_CharacterSetCode.@codeListValue:§utf8,utf8,gmd:identificationInfo£gmd:MD_DataIdentification£gmd:characterSet£gmd:MD_CharacterSetCode£@codeListValue:,gmd:identificationInfo,gmd:MD_DataIdentification,gmd:characterSet,gmd:MD_CharacterSetCode,@codeListValue:,,,,,
122,gmd:identificationInfo.gmd:MD_DataIdentification.gmd:characterSet.gmd:MD_CharacterSetCode.@codeList:§http://standards.iso.org/iso/19139/resources/gmxCodelists.xml#MD_CharacterSetCode,http://standards.iso.org/iso/19139/resources/gmxCodelists.xml#MD_CharacterSetCode,gmd:identificationInfo£gmd:MD_DataIdentification£gmd:characterSet£gmd:MD_CharacterSetCode£@codeList:,gmd:identificationInfo,gmd:MD_DataIdentification,gmd:characterSet,gmd:MD_CharacterSetCode,@codeList:,,,,,
123,gmd:identificationInfo.gmd:MD_DataIdentification.gmd:topicCategory.gmd:MD_TopicCategoryCode:§inlandWaters,inlandWaters,gmd:identificationInfo£gmd:MD_DataIdentification£gmd:topicCategory£gmd:MD_TopicCategoryCode:,gmd:identificationInfo,gmd:MD_DataIdentification,gmd:topicCategory,gmd:MD_TopicCategoryCode:,,,,,,
124,gmd:identificationInfo.gmd:MD_DataIdentification.gmd:extent.gmd:EX_Extent.gmd:temporalElement.gmd:EX_TemporalExtent.gmd:extent.gml:TimePeriod.@xmlns:gml:§http://www.opengis.net/gml,http://www.opengis.net/gml,gmd:identificationInfo£gmd:MD_DataIdentification£gmd:extent£gmd:EX_Extent£gmd:temporalElement£gmd:EX_TemporalExtent£gmd:extent£gml:TimePeriod£@xmlns:gml:,gmd:identificationInfo,gmd:MD_DataIdentification,gmd:extent,gmd:EX_Extent,gmd:temporalElement,gmd:EX_TemporalExtent,gmd:extent,gml:TimePeriod,@xmlns:gml:,
125,gmd:identificationInfo.gmd:MD_DataIdentification.gmd:extent.gmd:EX_Extent.gmd:temporalElement.gmd:EX_TemporalExtent.gmd:extent.gml:TimePeriod.@gml:id:§N101D0,N101D0,gmd:identificationInfo£gmd:MD_DataIdentification£gmd:extent£gmd:EX_Extent£gmd:temporalElement£gmd:EX_TemporalExtent£gmd:extent£gml:TimePeriod£@gml:id:,gmd:identificationInfo,gmd:MD_DataIdentification,gmd:extent,gmd:EX_Extent,gmd:temporalElement,gmd:EX_TemporalExtent,gmd:extent,gml:TimePeriod,@gml:id:,
126,gmd:identificationInfo.gmd:MD_DataIdentification.gmd:extent.gmd:EX_Extent.gmd:temporalElement.gmd:EX_TemporalExtent.gmd:extent.gml:TimePeriod.gml:beginPosition:§T15:02:00,T15:02:00,gmd:identificationInfo£gmd:MD_DataIdentification£gmd:extent£gmd:EX_Extent£gmd:temporalElement£gmd:EX_TemporalExtent£gmd:extent£gml:TimePeriod£gml:beginPosition:,gmd:identificationInfo,gmd:MD_DataIdentification,gmd:extent,gmd:EX_Extent,gmd:temporalElement,gmd:EX_TemporalExtent,gmd:extent,gml:TimePeriod,gml:beginPosition:,
127,gmd:identificationInfo.gmd:MD_DataIdentification.gmd:extent.gmd:EX_Extent.gmd:temporalElement.gmd:EX_TemporalExtent.gmd:extent.gml:TimePeriod.gml:endPosition:§T15:02:00,T15:02:00,gmd:identificationInfo£gmd:MD_DataIdentification£gmd:extent£gmd:EX_Extent£gmd:temporalElement£gmd:EX_TemporalExtent£gmd:extent£gml:TimePeriod£gml:endPosition:,gmd:identificationInfo,gmd:MD_DataIdentification,gmd:extent,gmd:EX_Extent,gmd:temporalElement,gmd:EX_TemporalExtent,gmd:extent,gml:TimePeriod,gml:endPosition:,
128,gmd:identificationInfo.gmd:MD_DataIdentification.gmd:extent.gmd:EX_Extent.gmd:geographicElement.gmd:EX_GeographicBoundingBox.gmd:westBoundLongitude.gco:Decimal.@xmlns:gco:§http://www.isotc211.org/2005/gco,http://www.isotc211.org/2005/gco,gmd:identificationInfo£gmd:MD_DataIdentification£gmd:extent£gmd:EX_Extent£gmd:geographicElement£gmd:EX_GeographicBoundingBox£gmd:westBoundLongitude£gco:Decimal£@xmlns:gco:,gmd:identificationInfo,gmd:MD_DataIdentification,gmd:extent,gmd:EX_Extent,gmd:geographicElement,gmd:EX_GeographicBoundingBox,gmd:westBoundLongitude,gco:Decimal,@xmlns:gco:,
129,gmd:identificationInfo.gmd:MD_DataIdentification.gmd:extent.gmd:EX_Extent.gmd:geographicElement.gmd:EX_GeographicBoundingBox.gmd:westBoundLongitude.gco:Decimal.#text:§4.08691,4.08691,gmd:identificationInfo£gmd:MD_DataIdentification£gmd:extent£gmd:EX_Extent£gmd:geographicElement£gmd:EX_GeographicBoundingBox£gmd:westBoundLongitude£gco:Decimal£#text:,gmd:identificationInfo,gmd:MD_DataIdentification,gmd:extent,gmd:EX_Extent,gmd:geographicElement,gmd:EX_GeographicBoundingBox,gmd:westBoundLongitude,gco:Decimal,#text:,
130,gmd:identificationInfo.gmd:MD_DataIdentification.gmd:extent.gmd:EX_Extent.gmd:geographicElement.gmd:EX_GeographicBoundingBox.gmd:eastBoundLongitude.gco:Decimal.@xmlns:gco:§http://www.isotc211.org/2005/gco,http://www.isotc211.org/2005/gco,gmd:identificationInfo£gmd:MD_DataIdentification£gmd:extent£gmd:EX_Extent£gmd:geographicElement£gmd:EX_GeographicBoundingBox£gmd:eastBoundLongitude£gco:Decimal£@xmlns:gco:,gmd:identificationInfo,gmd:MD_DataIdentification,gmd:extent,gmd:EX_Extent,gmd:geographicElement,gmd:EX_GeographicBoundingBox,gmd:eastBoundLongitude,gco:Decimal,@xmlns:gco:,
131,gmd:identificationInfo.gmd:MD_DataIdentification.gmd:extent.gmd:EX_Extent.gmd:geographicElement.gmd:EX_GeographicBoundingBox.gmd:eastBoundLongitude.gco:Decimal.#text:§6.81152,6.81152,gmd:identificationInfo£gmd:MD_DataIdentification£gmd:extent£gmd:EX_Extent£gmd:geographicElement£gmd:EX_GeographicBoundingBox£gmd:eastBoundLongitude£gco:Decimal£#text:,gmd:identificationInfo,gmd:MD_DataIdentification,gmd:extent,gmd:EX_Extent,gmd:geographicElement,gmd:EX_GeographicBoundingBox,gmd:eastBoundLongitude,gco:Decimal,#text:,
132,gmd:identificationInfo.gmd:MD_DataIdentification.gmd:extent.gmd:EX_Extent.gmd:geographicElement.gmd:EX_GeographicBoundingBox.gmd:southBoundLatitude.gco:Decimal.@xmlns:gco:§http://www.isotc211.org/2005/gco,http://www.isotc211.org/2005/gco,gmd:identificationInfo£gmd:MD_DataIdentification£gmd:extent£gmd:EX_Extent£gmd:geographicElement£gmd:EX_GeographicBoundingBox£gmd:southBoundLatitude£gco:Decimal£@xmlns:gco:,gmd:identificationInfo,gmd:MD_DataIdentification,gmd:extent,gmd:EX_Extent,gmd:geographicElement,gmd:EX_GeographicBoundingBox,gmd:southBoundLatitude,gco:Decimal,@xmlns:gco:,
133,gmd:identificationInfo.gmd:MD_DataIdentification.gmd:extent.gmd:EX_Extent.gmd:geographicElement.gmd:EX_GeographicBoundingBox.gmd:southBoundLatitude.gco:Decimal.#text:§42.96173,42.96173,gmd:identificationInfo£gmd:MD_DataIdentification£gmd:extent£gmd:EX_Extent£gmd:geographicElement£gmd:EX_GeographicBoundingBox£gmd:southBoundLatitude£gco:Decimal£#text:,gmd:identificationInfo,gmd:MD_DataIdentification,gmd:extent,gmd:EX_Extent,gmd:geographicElement,gmd:EX_GeographicBoundingBox,gmd:southBoundLatitude,gco:Decimal,#text:,
134,gmd:identificationInfo.gmd:MD_DataIdentification.gmd:extent.gmd:EX_Extent.gmd:geographicElement.gmd:EX_GeographicBoundingBox.gmd:northBoundLatitude.gco:Decimal.@xmlns:gco:§http://www.isotc211.org/2005/gco,http://www.isotc211.org/2005/gco,gmd:identificationInfo£gmd:MD_DataIdentification£gmd:extent£gmd:EX_Extent£gmd:geographicElement£gmd:EX_GeographicBoundingBox£gmd:northBoundLatitude£gco:Decimal£@xmlns:gco:,gmd:identificationInfo,gmd:MD_DataIdentification,gmd:extent,gmd:EX_Extent,gmd:geographicElement,gmd:EX_GeographicBoundingBox,gmd:northBoundLatitude,gco:Decimal,@xmlns:gco:,
135,gmd:identificationInfo.gmd:MD_DataIdentification.gmd:extent.gmd:EX_Extent.gmd:geographicElement.gmd:EX_GeographicBoundingBox.gmd:northBoundLatitude.gco:Decimal.#text:§46.74103,46.74103,gmd:identificationInfo£gmd:MD_DataIdentification£gmd:extent£gmd:EX_Extent£gmd:geographicElement£gmd:EX_GeographicBoundingBox£gmd:northBoundLatitude£gco:Decimal£#text:,gmd:identificationInfo,gmd:MD_DataIdentification,gmd:extent,gmd:EX_Extent,gmd:geographicElement,gmd:EX_GeographicBoundingBox,gmd:northBoundLatitude,gco:Decimal,#text:,
136,gmd:identificationInfo.gmd:MD_DataIdentification.gmd:supplementalInformation.gco:CharacterString.@xmlns:gco:§http://www.isotc211.org/2005/gco,http://www.isotc211.org/2005/gco,gmd:identificationInfo£gmd:MD_DataIdentification£gmd:supplementalInformation£gco:CharacterString£@xmlns:gco:,gmd:identificationInfo,gmd:MD_DataIdentification,gmd:supplementalInformation,gco:CharacterString,@xmlns:gco:,,,,,
137,gmd:identificationInfo.gmd:MD_DataIdentification.gmd:supplementalInformation.gco:CharacterString.#text:§Pays : France,Pays : France,gmd:identificationInfo£gmd:MD_DataIdentification£gmd:supplementalInformation£gco:CharacterString£#text:,gmd:identificationInfo,gmd:MD_DataIdentification,gmd:supplementalInformation,gco:CharacterString,#text:,,,,,
138,gmd:distributionInfo.gmd:MD_Distribution.gmd:distributionFormat.gmd:MD_Format.gmd:name.gco:CharacterString.@xmlns:gco:§http://www.isotc211.org/2005/gco,http://www.isotc211.org/2005/gco,gmd:distributionInfo£gmd:MD_Distribution£gmd:distributionFormat£gmd:MD_Format£gmd:name£gco:CharacterString£@xmlns:gco:,gmd:distributionInfo,gmd:MD_Distribution,gmd:distributionFormat,gmd:MD_Format,gmd:name,gco:CharacterString,@xmlns:gco:,,,
139,gmd:distributionInfo.gmd:MD_Distribution.gmd:distributionFormat.gmd:MD_Format.gmd:name.gco:CharacterString.#text:§non renseigné,non renseigné,gmd:distributionInfo£gmd:MD_Distribution£gmd:distributionFormat£gmd:MD_Format£gmd:name£gco:CharacterString£#text:,gmd:distributionInfo,gmd:MD_Distribution,gmd:distributionFormat,gmd:MD_Format,gmd:name,gco:CharacterString,#text:,,,
140,gmd:distributionInfo.gmd:MD_Distribution.gmd:distributionFormat.gmd:MD_Format.gmd:version.gco:CharacterString.@xmlns:gco:§http://www.isotc211.org/2005/gco,http://www.isotc211.org/2005/gco,gmd:distributionInfo£gmd:MD_Distribution£gmd:distributionFormat£gmd:MD_Format£gmd:version£gco:CharacterString£@xmlns:gco:,gmd:distributionInfo,gmd:MD_Distribution,gmd:distributionFormat,gmd:MD_Format,gmd:version,gco:CharacterString,@xmlns:gco:,,,
141,gmd:distributionInfo.gmd:MD_Distribution.gmd:distributionFormat.gmd:MD_Format.gmd:version.gco:CharacterString.#text:§Non encore implémenté,Non encore implémenté,gmd:distributionInfo£gmd:MD_Distribution£gmd:distributionFormat£gmd:MD_Format£gmd:version£gco:CharacterString£#text:,gmd:distributionInfo,gmd:MD_Distribution,gmd:distributionFormat,gmd:MD_Format,gmd:version,gco:CharacterString,#text:,,,
142,gmd:distributionInfo.gmd:MD_Distribution.gmd:distributionFormat.gmd:MD_Format.gmd:specification.@xmlns:gco:§http://www.isotc211.org/2005/gco,http://www.isotc211.org/2005/gco,gmd:distributionInfo£gmd:MD_Distribution£gmd:distributionFormat£gmd:MD_Format£gmd:specification£@xmlns:gco:,gmd:distributionInfo,gmd:MD_Distribution,gmd:distributionFormat,gmd:MD_Format,gmd:specification,@xmlns:gco:,,,,
143,gmd:distributionInfo.gmd:MD_Distribution.gmd:distributionFormat.gmd:MD_Format.gmd:specification.@gco:nilReason:§missing,missing,gmd:distributionInfo£gmd:MD_Distribution£gmd:distributionFormat£gmd:MD_Format£gmd:specification£@gco:nilReason:,gmd:distributionInfo,gmd:MD_Distribution,gmd:distributionFormat,gmd:MD_Format,gmd:specification,@gco:nilReason:,,,,
144,gmd:distributionInfo.gmd:MD_Distribution.gmd:distributionFormat.gmd:MD_Format.gmd:specification.gco:CharacterString:§None,None,gmd:distributionInfo£gmd:MD_Distribution£gmd:distributionFormat£gmd:MD_Format£gmd:specification£gco:CharacterString:,gmd:distributionInfo,gmd:MD_Distribution,gmd:distributionFormat,gmd:MD_Format,gmd:specification,gco:CharacterString:,,,,
145,gmd:distributionInfo.gmd:MD_Distribution.gmd:transferOptions.gmd:MD_DigitalTransferOptions.gmd:onLine.gmd:CI_OnlineResource.gmd:linkage.gmd:URL:§http://www.rdbrmc.com/RESEAUX/presentation/main/index.php,http://www.rdbrmc.com/RESEAUX/presentation/main/index.php,gmd:distributionInfo£gmd:MD_Distribution£gmd:transferOptions£gmd:MD_DigitalTransferOptions£gmd:onLine£gmd:CI_OnlineResource£gmd:linkage£gmd:URL:,gmd:distributionInfo,gmd:MD_Distribution,gmd:transferOptions,gmd:MD_DigitalTransferOptions,gmd:onLine,gmd:CI_OnlineResource,gmd:linkage,gmd:URL:,,
146,gmd:distributionInfo.gmd:MD_Distribution.gmd:transferOptions.gmd:MD_DigitalTransferOptions.gmd:onLine.gmd:CI_OnlineResource.gmd:protocol.gco:CharacterString.@xmlns:gco:§http://www.isotc211.org/2005/gco,http://www.isotc211.org/2005/gco,gmd:distributionInfo£gmd:MD_Distribution£gmd:transferOptions£gmd:MD_DigitalTransferOptions£gmd:onLine£gmd:CI_OnlineResource£gmd:protocol£gco:CharacterString£@xmlns:gco:,gmd:distributionInfo,gmd:MD_Distribution,gmd:transferOptions,gmd:MD_DigitalTransferOptions,gmd:onLine,gmd:CI_OnlineResource,gmd:protocol,gco:CharacterString,@xmlns:gco:,
147,gmd:distributionInfo.gmd:MD_Distribution.gmd:transferOptions.gmd:MD_DigitalTransferOptions.gmd:onLine.gmd:CI_OnlineResource.gmd:protocol.gco:CharacterString.#text:§WWW:LINK-1.0-http--partners,WWW:LINK-1.0-http--partners,gmd:distributionInfo£gmd:MD_Distribution£gmd:transferOptions£gmd:MD_DigitalTransferOptions£gmd:onLine£gmd:CI_OnlineResource£gmd:protocol£gco:CharacterString£#text:,gmd:distributionInfo,gmd:MD_Distribution,gmd:transferOptions,gmd:MD_DigitalTransferOptions,gmd:onLine,gmd:CI_OnlineResource,gmd:protocol,gco:CharacterString,#text:,
148,gmd:dataQualityInfo.gmd:DQ_DataQuality.gmd:scope.gmd:DQ_Scope.gmd:level.gmd:MD_ScopeCode.@codeListValue:§attribute,attribute,gmd:dataQualityInfo£gmd:DQ_DataQuality£gmd:scope£gmd:DQ_Scope£gmd:level£gmd:MD_ScopeCode£@codeListValue:,gmd:dataQualityInfo,gmd:DQ_DataQuality,gmd:scope,gmd:DQ_Scope,gmd:level,gmd:MD_ScopeCode,@codeListValue:,,,
149,gmd:dataQualityInfo.gmd:DQ_DataQuality.gmd:scope.gmd:DQ_Scope.gmd:level.gmd:MD_ScopeCode.@codeList:§http://standards.iso.org/iso/19139/resources/gmxCodelists.xml#MD_ScopeCode,http://standards.iso.org/iso/19139/resources/gmxCodelists.xml#MD_ScopeCode,gmd:dataQualityInfo£gmd:DQ_DataQuality£gmd:scope£gmd:DQ_Scope£gmd:level£gmd:MD_ScopeCode£@codeList:,gmd:dataQualityInfo,gmd:DQ_DataQuality,gmd:scope,gmd:DQ_Scope,gmd:level,gmd:MD_ScopeCode,@codeList:,,,
150,gmd:dataQualityInfo.gmd:DQ_DataQuality.gmd:scope.gmd:DQ_Scope.gmd:levelDescription.gmd:MD_ScopeDescription.gmd:attributes.@uuidref:§,,gmd:dataQualityInfo£gmd:DQ_DataQuality£gmd:scope£gmd:DQ_Scope£gmd:levelDescription£gmd:MD_ScopeDescription£gmd:attributes£@uuidref:,gmd:dataQualityInfo,gmd:DQ_DataQuality,gmd:scope,gmd:DQ_Scope,gmd:levelDescription,gmd:MD_ScopeDescription,gmd:attributes,@uuidref:,,
151,gmd:dataQualityInfo.gmd:DQ_DataQuality.gmd:lineage.gmd:LI_Lineage.gmd:statement.@xmlns:gco:§http://www.isotc211.org/2005/gco,http://www.isotc211.org/2005/gco,gmd:dataQualityInfo£gmd:DQ_DataQuality£gmd:lineage£gmd:LI_Lineage£gmd:statement£@xmlns:gco:,gmd:dataQualityInfo,gmd:DQ_DataQuality,gmd:lineage,gmd:LI_Lineage,gmd:statement,@xmlns:gco:,,,,
152,gmd:dataQualityInfo.gmd:DQ_DataQuality.gmd:lineage.gmd:LI_Lineage.gmd:statement.@gco:nilReason:§missing,missing,gmd:dataQualityInfo£gmd:DQ_DataQuality£gmd:lineage£gmd:LI_Lineage£gmd:statement£@gco:nilReason:,gmd:dataQualityInfo,gmd:DQ_DataQuality,gmd:lineage,gmd:LI_Lineage,gmd:statement,@gco:nilReason:,,,,
153,gmd:dataQualityInfo.gmd:DQ_DataQuality.gmd:lineage.gmd:LI_Lineage.gmd:statement.gco:CharacterString:§None,None,gmd:dataQualityInfo£gmd:DQ_DataQuality£gmd:lineage£gmd:LI_Lineage£gmd:statement£gco:CharacterString:,gmd:dataQualityInfo,gmd:DQ_DataQuality,gmd:lineage,gmd:LI_Lineage,gmd:statement,gco:CharacterString:,,,,
154,,,,,,,,,,,,,
